#
# There is insufficient memory for the Java Runtime Environment to continue.
# Native memory allocation (malloc) failed to allocate 1538608 bytes. Error detail: Chunk::new
# Possible reasons:
#   The system is out of physical RAM or swap space
#   This process is running with CompressedOops enabled, and the Java Heap may be blocking the growth of the native heap
# Possible solutions:
#   Reduce memory load on the system
#   Increase physical memory or swap space
#   Check if swap backing store is full
#   Decrease Java heap size (-Xmx/-Xms)
#   Decrease number of Java threads
#   Decrease Java thread stack sizes (-Xss)
#   Set larger code cache with -XX:ReservedCodeCacheSize=
#   JVM is running with Zero Based Compressed Oops mode in which the Java heap is
#     placed in the first 32GB address space. The Java Heap base address is the
#     maximum limit for the native heap growth. Please use -XX:HeapBaseMinAddress
#     to set the Java Heap base and to place the Java Heap above 32GB virtual address.
# This output file may be truncated or incomplete.
#
#  Out of Memory Error (arena.cpp:168), pid=23656, tid=4328
#
# JRE version: OpenJDK Runtime Environment (21.0.8) (build 21.0.8+-14196175-b1038.72)
# Java VM: OpenJDK 64-Bit Server VM (21.0.8+-14196175-b1038.72, mixed mode, tiered, compressed oops, compressed class ptrs, g1 gc, windows-amd64)
# No core dump will be written. Minidumps are not enabled by default on client versions of Windows
#

---------------  S U M M A R Y ------------

Command Line: --add-opens=java.base/java.lang=ALL-UNNAMED --add-opens=java.base/java.lang.invoke=ALL-UNNAMED --add-opens=java.base/java.util=ALL-UNNAMED --add-opens=java.prefs/java.util.prefs=ALL-UNNAMED --add-exports=jdk.compiler/com.sun.tools.javac.api=ALL-UNNAMED --add-exports=jdk.compiler/com.sun.tools.javac.util=ALL-UNNAMED --add-opens=java.base/java.util=ALL-UNNAMED --add-opens=java.prefs/java.util.prefs=ALL-UNNAMED --add-opens=java.base/java.nio.charset=ALL-UNNAMED --add-opens=java.base/java.net=ALL-UNNAMED --add-opens=java.base/java.util.concurrent.atomic=ALL-UNNAMED --add-opens=java.xml/javax.xml.namespace=ALL-UNNAMED -XX:MaxMetaspaceSize=1024m -XX:+HeapDumpOnOutOfMemoryError -Xms512m -Xmx4096m -Dfile.encoding=UTF-8 -Duser.country=IN -Duser.language=en -Duser.variant -javaagent:C:\Users\Manush G R\.gradle\wrapper\dists\gradle-8.13-bin\5xuhj0ry160q40clulazy9h7d\gradle-8.13\lib\agents\gradle-instrumentation-agent-8.13.jar org.gradle.launcher.daemon.bootstrap.GradleDaemon 8.13

Host: AMD Ryzen 5 7535HS with Radeon Graphics        , 12 cores, 7G,  Windows 11 , 64 bit Build 26100 (10.0.26100.7920)
Time: Fri Mar 13 19:51:50 2026 India Standard Time elapsed time: 1042.802823 seconds (0d 0h 17m 22s)

---------------  T H R E A D  ---------------

Current thread (0x0000019ec8c6ccf0):  JavaThread "C2 CompilerThread1" daemon [_thread_in_native, id=4328, stack(0x0000008f9a700000,0x0000008f9a800000) (1024K)]


Current CompileTask:
C2:1042803 68082       4       com.android.tools.r8.internal.r31::a (3928 bytes)

Stack: [0x0000008f9a700000,0x0000008f9a800000]
Native frames: (J=compiled Java code, j=interpreted, Vv=VM code, C=native code)
V  [jvm.dll+0x6d68d9]
V  [jvm.dll+0x866693]
V  [jvm.dll+0x868c4e]
V  [jvm.dll+0x869333]
V  [jvm.dll+0x280566]
V  [jvm.dll+0xc07cd]
V  [jvm.dll+0xc0d03]
V  [jvm.dll+0x3b961b]
V  [jvm.dll+0x1dfd12]
V  [jvm.dll+0x2493a4]
V  [jvm.dll+0x248821]
V  [jvm.dll+0x1c73a4]
V  [jvm.dll+0x257f9e]
V  [jvm.dll+0x2564e6]
V  [jvm.dll+0x3f4696]
V  [jvm.dll+0x80eac8]
V  [jvm.dll+0x6d512d]
C  [ucrtbase.dll+0x37b0]
C  [KERNEL32.DLL+0x2e8d7]
C  [ntdll.dll+0x8c48c]


---------------  P R O C E S S  ---------------

Threads class SMR info:
_java_thread_list=0x0000019ec7b5a570, length=183, elements={
0x0000019ea1033e40, 0x0000019ebb47fc90, 0x0000019ebb48d4d0, 0x0000019ebb48eaa0,
0x0000019ebb4a2f30, 0x0000019ebb4a3990, 0x0000019ebb4a4f60, 0x0000019ebb4a70a0,
0x0000019ebb4ba280, 0x0000019ebb4bad20, 0x0000019ec0024630, 0x0000019ec0025350,
0x0000019ec0024cc0, 0x0000019ec0026700, 0x0000019ec1a7d8d0, 0x0000019ec1a813e0,
0x0000019ec1a7df60, 0x0000019ec1a82100, 0x0000019ec1a7f9a0, 0x0000019ec1a82790,
0x0000019ec1a82e20, 0x0000019ec1a83b40, 0x0000019ec1a84860, 0x0000019ec47cb140,
0x0000019ec47ccb80, 0x0000019ec2de64b0, 0x0000019ec2de7860, 0x0000019ec2e24060,
0x0000019ec2e21270, 0x0000019ec2e21900, 0x0000019ed171f6e0, 0x0000019ed17145b0,
0x0000019ed7ed1f00, 0x0000019ed7ed2c20, 0x0000019ed7ed2590, 0x0000019ec7c20ab0,
0x0000019ec91f43f0, 0x0000019ec89d5b40, 0x0000019ec89d54b0, 0x0000019ec7b8eaa0,
0x0000019ec7c217d0, 0x0000019ec7c21140, 0x0000019ec7c224f0, 0x0000019ec7c20420,
0x0000019ed1801b80, 0x0000019ed839a1d0, 0x0000019ed83973e0, 0x0000019ed8398790,
0x0000019ed8398100, 0x0000019ed8398e20, 0x0000019ed83994b0, 0x0000019ed8397a70,
0x0000019ed839d650, 0x0000019ed839cfc0, 0x0000019ed839dce0, 0x0000019ec7b8e410,
0x0000019ec7b904e0, 0x0000019ec7b8dd80, 0x0000019ec7b8d060, 0x0000019ec7b8f7c0,
0x0000019ec7b8fe50, 0x0000019ec7b8d6f0, 0x0000019ec7b8f130, 0x0000019ed839e370,
0x0000019ed839ea00, 0x0000019ed839f090, 0x0000019ed839c930, 0x0000019ed839bc10,
0x0000019ed839f720, 0x0000019ed98f61a0, 0x0000019ed98f5480, 0x0000019ed98f6ec0,
0x0000019ed98f4760, 0x0000019ed98f6830, 0x0000019ed98f4df0, 0x0000019ed98f5b10,
0x0000019ed7c0cbd0, 0x0000019ed7c0d260, 0x0000019ed7c0ab00, 0x0000019ed7c0b190,
0x0000019ede497af0, 0x0000019ede499bc0, 0x0000019ed7c0b820, 0x0000019ed1fc3980,
0x0000019ed1fc1f40, 0x0000019ed1fc32f0, 0x0000019ed839c2a0, 0x0000019ed83a17f0,
0x0000019ed839fdb0, 0x0000019ed871d5f0, 0x0000019ed871e310, 0x0000019ed871dc80,
0x0000019ede498180, 0x0000019ede49a250, 0x0000019ede499530, 0x0000019ede496dd0,
0x0000019ede497460, 0x0000019ed9139d10, 0x0000019ede498810, 0x0000019ede498ea0,
0x0000019ed13e3b80, 0x0000019ed13e0700, 0x0000019ed13e0d90, 0x0000019ee03d58c0,
0x0000019ee03d7300, 0x0000019ee03d5f50, 0x0000019ee03d6c70, 0x0000019ee03d65e0,
0x0000019ee03d7990, 0x0000019ee03d8020, 0x0000019ed913aa30, 0x0000019ed8e7ebb0,
0x0000019ed8e805f0, 0x0000019ed8e7f8d0, 0x0000019ed8e7f240, 0x0000019ed8e7ff60,
0x0000019ed8e80c80, 0x0000019ed8e7de90, 0x0000019ed8e7e520, 0x0000019ed9c055a0,
0x0000019ed9c06fe0, 0x0000019ed1487ad0, 0x0000019ed1485370, 0x0000019ed83a2ba0,
0x0000019ed9c05c30, 0x0000019ede0e9b40, 0x0000019ed913b0c0, 0x0000019ed913b750,
0x0000019ed9c062c0, 0x0000019ed9c07d00, 0x0000019ed9c08390, 0x0000019ed9c06950,
0x0000019ed9c07670, 0x0000019ed9c04f10, 0x0000019ed8167370, 0x0000019ed8164c10,
0x0000019ede0e8790, 0x0000019ed8845ab0, 0x0000019ed96e5280, 0x0000019ed83a3230,
0x0000019ec7c1f070, 0x0000019ec7c1f700, 0x0000019ec7c1fd90, 0x0000019ed13e34f0,
0x0000019ed13e1ab0, 0x0000019ed13e1420, 0x0000019ed13e2140, 0x0000019ed1485a00,
0x0000019ed1486090, 0x0000019ed1486720, 0x0000019ed83a38c0, 0x0000019ed83a0440,
0x0000019ed7ed1870, 0x0000019ede0d6860, 0x0000019ede0d6ef0, 0x0000019ede0d4e20,
0x0000019ede0d5b40, 0x0000019ed9df4240, 0x0000019ed9138ff0, 0x0000019ed913a3a0,
0x0000019ed91382d0, 0x0000019ed9138960, 0x0000019ed9139680, 0x0000019ec5119310,
0x0000019ec511ba70, 0x0000019ec51199a0, 0x0000019ed96e5fa0, 0x0000019ed96e3840,
0x0000019ed83a3f50, 0x0000019ed13e27d0, 0x0000019ed13e2e60, 0x0000019ede3b9d60,
0x0000019ede3b89b0, 0x0000019ede3b8320, 0x0000019ede3b9040, 0x0000019ede3b96d0,
0x0000019ede3b68e0, 0x0000019ede3b7600, 0x0000019ede3b6f70, 0x0000019ed7eadd80,
0x0000019ede7586d0, 0x0000019ec8c6ccf0, 0x0000019ec0b59ef0
}

Java Threads: ( => current thread )
  0x0000019ea1033e40 JavaThread "main"                              [_thread_blocked, id=14996, stack(0x0000008f9a900000,0x0000008f9aa00000) (1024K)]
  0x0000019ebb47fc90 JavaThread "Common-Cleaner"             daemon [_thread_blocked, id=13600, stack(0x0000008f9b100000,0x0000008f9b200000) (1024K)]
  0x0000019ebb48d4d0 JavaThread "Reference Handler"          daemon [_thread_blocked, id=31100, stack(0x0000008f9b200000,0x0000008f9b300000) (1024K)]
  0x0000019ebb48eaa0 JavaThread "Finalizer"                  daemon [_thread_blocked, id=3560, stack(0x0000008f9b300000,0x0000008f9b400000) (1024K)]
  0x0000019ebb4a2f30 JavaThread "Signal Dispatcher"          daemon [_thread_blocked, id=32080, stack(0x0000008f9b400000,0x0000008f9b500000) (1024K)]
  0x0000019ebb4a3990 JavaThread "Attach Listener"            daemon [_thread_blocked, id=8484, stack(0x0000008f9b500000,0x0000008f9b600000) (1024K)]
  0x0000019ebb4a4f60 JavaThread "Service Thread"             daemon [_thread_blocked, id=9660, stack(0x0000008f9b600000,0x0000008f9b700000) (1024K)]
  0x0000019ebb4a70a0 JavaThread "Monitor Deflation Thread"   daemon [_thread_blocked, id=14812, stack(0x0000008f9b700000,0x0000008f9b800000) (1024K)]
  0x0000019ebb4ba280 JavaThread "C2 CompilerThread0"         daemon [_thread_in_native, id=19076, stack(0x0000008f9b800000,0x0000008f9b900000) (1024K)]
  0x0000019ebb4bad20 JavaThread "C1 CompilerThread0"         daemon [_thread_blocked, id=31644, stack(0x0000008f9b900000,0x0000008f9ba00000) (1024K)]
  0x0000019ec0024630 JavaThread "Notification Thread"        daemon [_thread_blocked, id=21684, stack(0x0000008f9ba00000,0x0000008f9bb00000) (1024K)]
  0x0000019ec0025350 JavaThread "Daemon health stats"               [_thread_blocked, id=30620, stack(0x0000008f9bb00000,0x0000008f9bc00000) (1024K)]
  0x0000019ec0024cc0 JavaThread "Incoming local TCP Connector on port 65497"        [_thread_in_native, id=28524, stack(0x0000008f9c500000,0x0000008f9c600000) (1024K)]
  0x0000019ec0026700 JavaThread "Daemon periodic checks"            [_thread_blocked, id=21632, stack(0x0000008f9c600000,0x0000008f9c700000) (1024K)]
  0x0000019ec1a7d8d0 JavaThread "Cache worker for journal cache (C:\Users\Manush G R\.gradle\caches\journal-1)"        [_thread_in_native, id=9140, stack(0x0000008f9d000000,0x0000008f9d100000) (1024K)]
  0x0000019ec1a813e0 JavaThread "File lock request listener"        [_thread_in_native, id=13816, stack(0x0000008f9d100000,0x0000008f9d200000) (1024K)]
  0x0000019ec1a7df60 JavaThread "Cache worker for file hash cache (C:\Users\Manush G R\.gradle\caches\8.13\fileHashes)"        [_thread_blocked, id=13624, stack(0x0000008f9d200000,0x0000008f9d300000) (1024K)]
  0x0000019ec1a82100 JavaThread "File watcher server"        daemon [_thread_in_native, id=27444, stack(0x0000008f9d300000,0x0000008f9d400000) (1024K)]
  0x0000019ec1a7f9a0 JavaThread "File watcher consumer"      daemon [_thread_blocked, id=22892, stack(0x0000008f9d600000,0x0000008f9d700000) (1024K)]
  0x0000019ec1a82790 JavaThread "jar transforms"                    [_thread_blocked, id=19856, stack(0x0000008f9d700000,0x0000008f9d800000) (1024K)]
  0x0000019ec1a82e20 JavaThread "jar transforms Thread 2"           [_thread_blocked, id=32260, stack(0x0000008f9d800000,0x0000008f9d900000) (1024K)]
  0x0000019ec1a83b40 JavaThread "Cache worker for file content cache (C:\Users\Manush G R\.gradle\caches\8.13\fileContent)"        [_thread_blocked, id=2628, stack(0x0000008f9dc00000,0x0000008f9dd00000) (1024K)]
  0x0000019ec1a84860 JavaThread "jar transforms Thread 3"           [_thread_blocked, id=8988, stack(0x0000008f9dd00000,0x0000008f9de00000) (1024K)]
  0x0000019ec47cb140 JavaThread "jar transforms Thread 4"           [_thread_blocked, id=22852, stack(0x0000008f9df00000,0x0000008f9e000000) (1024K)]
  0x0000019ec47ccb80 JavaThread "jar transforms Thread 5"           [_thread_blocked, id=28920, stack(0x0000008f9d900000,0x0000008f9da00000) (1024K)]
  0x0000019ec2de64b0 JavaThread "jar transforms Thread 6"           [_thread_blocked, id=26232, stack(0x0000008f9ed00000,0x0000008f9ee00000) (1024K)]
  0x0000019ec2de7860 JavaThread "jar transforms Thread 7"           [_thread_blocked, id=7708, stack(0x0000008f9e100000,0x0000008f9e200000) (1024K)]
  0x0000019ec2e24060 JavaThread "jar transforms Thread 8"           [_thread_blocked, id=15188, stack(0x0000008f9f400000,0x0000008f9f500000) (1024K)]
  0x0000019ec2e21270 JavaThread "jar transforms Thread 9"           [_thread_blocked, id=18368, stack(0x0000008f9f500000,0x0000008f9f600000) (1024K)]
  0x0000019ec2e21900 JavaThread "jar transforms Thread 10"          [_thread_blocked, id=25776, stack(0x0000008f9f600000,0x0000008f9f700000) (1024K)]
  0x0000019ed171f6e0 JavaThread "Memory manager"                    [_thread_blocked, id=15632, stack(0x0000008fa2900000,0x0000008fa2a00000) (1024K)]
  0x0000019ed17145b0 JavaThread "pool-4-thread-1"                   [_thread_blocked, id=17864, stack(0x0000008fa2c00000,0x0000008fa2d00000) (1024K)]
  0x0000019ed7ed1f00 JavaThread "RMI Scheduler(0)"           daemon [_thread_blocked, id=27948, stack(0x0000008fa7e00000,0x0000008fa7f00000) (1024K)]
  0x0000019ed7ed2c20 JavaThread "RMI GC Daemon"              daemon [_thread_blocked, id=24924, stack(0x0000008fa8400000,0x0000008fa8500000) (1024K)]
  0x0000019ed7ed2590 JavaThread "RMI TCP Accept-0"           daemon [_thread_in_native, id=14656, stack(0x0000008fa7000000,0x0000008fa7100000) (1024K)]
  0x0000019ec7c20ab0 JavaThread "RMI Reaper"                        [_thread_blocked, id=18468, stack(0x0000008fa8500000,0x0000008fa8600000) (1024K)]
  0x0000019ec91f43f0 JavaThread "Daemon Thread 2"                   [_thread_blocked, id=31292, stack(0x0000008f9a600000,0x0000008f9a700000) (1024K)]
  0x0000019ec89d5b40 JavaThread "Handler for socket connection from /127.0.0.1:65497 to /127.0.0.1:63723"        [_thread_in_native, id=30628, stack(0x0000008f9a800000,0x0000008f9a900000) (1024K)]
  0x0000019ec89d54b0 JavaThread "Cancel handler"                    [_thread_blocked, id=2316, stack(0x0000008f9c700000,0x0000008f9c800000) (1024K)]
  0x0000019ec7b8eaa0 JavaThread "Daemon worker Thread 2"            [_thread_blocked, id=29088, stack(0x0000008f9c800000,0x0000008f9c900000) (1024K)]
  0x0000019ec7c217d0 JavaThread "Asynchronous log dispatcher for DefaultDaemonConnection: socket connection from /127.0.0.1:65497 to /127.0.0.1:63723"        [_thread_blocked, id=10848, stack(0x0000008f9c900000,0x0000008f9ca00000) (1024K)]
  0x0000019ec7c21140 JavaThread "Stdin handler"                     [_thread_blocked, id=31896, stack(0x0000008f9ca00000,0x0000008f9cb00000) (1024K)]
  0x0000019ec7c224f0 JavaThread "Daemon client event forwarder"        [_thread_blocked, id=14172, stack(0x0000008f9cb00000,0x0000008f9cc00000) (1024K)]
  0x0000019ec7c20420 JavaThread "Cache worker for file hash cache (C:\Interview trainer\AIInterviewTrainer\.gradle\8.13\fileHashes)"        [_thread_blocked, id=27448, stack(0x0000008f9cc00000,0x0000008f9cd00000) (1024K)]
  0x0000019ed1801b80 JavaThread "Cache worker for Build Output Cleanup Cache (C:\Interview trainer\AIInterviewTrainer\.gradle\buildOutputCleanup)"        [_thread_blocked, id=3440, stack(0x0000008f9cd00000,0x0000008f9ce00000) (1024K)]
  0x0000019ed839a1d0 JavaThread "Cache worker for checksums cache (C:\Interview trainer\AIInterviewTrainer\.gradle\8.13\checksums)"        [_thread_blocked, id=28652, stack(0x0000008f9d400000,0x0000008f9d500000) (1024K)]
  0x0000019ed83973e0 JavaThread "Cache worker for cache directory md-supplier (C:\Users\Manush G R\.gradle\caches\8.13\md-supplier)"        [_thread_blocked, id=5888, stack(0x0000008f9d500000,0x0000008f9d600000) (1024K)]
  0x0000019ed8398790 JavaThread "Cache worker for cache directory md-rule (C:\Users\Manush G R\.gradle\caches\8.13\md-rule)"        [_thread_blocked, id=31088, stack(0x0000008f9da00000,0x0000008f9db00000) (1024K)]
  0x0000019ed8398100 JavaThread "Unconstrained build operations"        [_thread_blocked, id=21888, stack(0x0000008f9db00000,0x0000008f9dc00000) (1024K)]
  0x0000019ed8398e20 JavaThread "Unconstrained build operations Thread 2"        [_thread_blocked, id=24812, stack(0x0000008f9de00000,0x0000008f9df00000) (1024K)]
  0x0000019ed83994b0 JavaThread "Unconstrained build operations Thread 3"        [_thread_blocked, id=14088, stack(0x0000008f9e000000,0x0000008f9e100000) (1024K)]
  0x0000019ed8397a70 JavaThread "Unconstrained build operations Thread 4"        [_thread_blocked, id=5280, stack(0x0000008f9e200000,0x0000008f9e300000) (1024K)]
  0x0000019ed839d650 JavaThread "Unconstrained build operations Thread 5"        [_thread_blocked, id=12116, stack(0x0000008f9e300000,0x0000008f9e400000) (1024K)]
  0x0000019ed839cfc0 JavaThread "Unconstrained build operations Thread 6"        [_thread_blocked, id=30524, stack(0x0000008f9e400000,0x0000008f9e500000) (1024K)]
  0x0000019ed839dce0 JavaThread "Unconstrained build operations Thread 7"        [_thread_blocked, id=25012, stack(0x0000008f9e500000,0x0000008f9e600000) (1024K)]
  0x0000019ec7b8e410 JavaThread "Unconstrained build operations Thread 8"        [_thread_blocked, id=21104, stack(0x0000008f9e600000,0x0000008f9e700000) (1024K)]
  0x0000019ec7b904e0 JavaThread "Unconstrained build operations Thread 9"        [_thread_blocked, id=28904, stack(0x0000008f9e700000,0x0000008f9e800000) (1024K)]
  0x0000019ec7b8dd80 JavaThread "Unconstrained build operations Thread 10"        [_thread_blocked, id=10836, stack(0x0000008f9e800000,0x0000008f9e900000) (1024K)]
  0x0000019ec7b8d060 JavaThread "Unconstrained build operations Thread 11"        [_thread_blocked, id=31592, stack(0x0000008f9ea00000,0x0000008f9eb00000) (1024K)]
  0x0000019ec7b8f7c0 JavaThread "Unconstrained build operations Thread 12"        [_thread_blocked, id=19812, stack(0x0000008f9eb00000,0x0000008f9ec00000) (1024K)]
  0x0000019ec7b8fe50 JavaThread "Unconstrained build operations Thread 13"        [_thread_blocked, id=30768, stack(0x0000008f9ec00000,0x0000008f9ed00000) (1024K)]
  0x0000019ec7b8d6f0 JavaThread "Unconstrained build operations Thread 14"        [_thread_blocked, id=10828, stack(0x0000008f9ee00000,0x0000008f9ef00000) (1024K)]
  0x0000019ec7b8f130 JavaThread "Unconstrained build operations Thread 15"        [_thread_blocked, id=18532, stack(0x0000008f9ef00000,0x0000008f9f000000) (1024K)]
  0x0000019ed839e370 JavaThread "Unconstrained build operations Thread 16"        [_thread_blocked, id=808, stack(0x0000008f9f000000,0x0000008f9f100000) (1024K)]
  0x0000019ed839ea00 JavaThread "Unconstrained build operations Thread 17"        [_thread_blocked, id=29792, stack(0x0000008f9f100000,0x0000008f9f200000) (1024K)]
  0x0000019ed839f090 JavaThread "Unconstrained build operations Thread 18"        [_thread_blocked, id=26308, stack(0x0000008f9f200000,0x0000008f9f300000) (1024K)]
  0x0000019ed839c930 JavaThread "Unconstrained build operations Thread 19"        [_thread_blocked, id=21252, stack(0x0000008f9f300000,0x0000008f9f400000) (1024K)]
  0x0000019ed839bc10 JavaThread "Unconstrained build operations Thread 20"        [_thread_blocked, id=27792, stack(0x0000008f9f700000,0x0000008f9f800000) (1024K)]
  0x0000019ed839f720 JavaThread "Unconstrained build operations Thread 21"        [_thread_blocked, id=25684, stack(0x0000008f9f800000,0x0000008f9f900000) (1024K)]
  0x0000019ed98f61a0 JavaThread "Unconstrained build operations Thread 22"        [_thread_blocked, id=10424, stack(0x0000008f9f900000,0x0000008f9fa00000) (1024K)]
  0x0000019ed98f5480 JavaThread "Unconstrained build operations Thread 23"        [_thread_blocked, id=30976, stack(0x0000008f9fa00000,0x0000008f9fb00000) (1024K)]
  0x0000019ed98f6ec0 JavaThread "Unconstrained build operations Thread 24"        [_thread_blocked, id=952, stack(0x0000008f9fb00000,0x0000008f9fc00000) (1024K)]
  0x0000019ed98f4760 JavaThread "Unconstrained build operations Thread 25"        [_thread_blocked, id=16524, stack(0x0000008f9fc00000,0x0000008f9fd00000) (1024K)]
  0x0000019ed98f6830 JavaThread "Unconstrained build operations Thread 26"        [_thread_blocked, id=27212, stack(0x0000008f9fd00000,0x0000008f9fe00000) (1024K)]
  0x0000019ed98f4df0 JavaThread "Unconstrained build operations Thread 27"        [_thread_blocked, id=26052, stack(0x0000008f9fe00000,0x0000008f9ff00000) (1024K)]
  0x0000019ed98f5b10 JavaThread "Unconstrained build operations Thread 28"        [_thread_blocked, id=3372, stack(0x0000008f9ff00000,0x0000008fa0000000) (1024K)]
  0x0000019ed7c0cbd0 JavaThread "Unconstrained build operations Thread 29"        [_thread_blocked, id=29124, stack(0x0000008fa0000000,0x0000008fa0100000) (1024K)]
  0x0000019ed7c0d260 JavaThread "Unconstrained build operations Thread 30"        [_thread_blocked, id=11888, stack(0x0000008fa0100000,0x0000008fa0200000) (1024K)]
  0x0000019ed7c0ab00 JavaThread "Unconstrained build operations Thread 31"        [_thread_blocked, id=3736, stack(0x0000008fa0200000,0x0000008fa0300000) (1024K)]
  0x0000019ed7c0b190 JavaThread "Unconstrained build operations Thread 32"        [_thread_blocked, id=12104, stack(0x0000008fa0300000,0x0000008fa0400000) (1024K)]
  0x0000019ede497af0 JavaThread "build event listener"              [_thread_blocked, id=17016, stack(0x0000008f9e900000,0x0000008f9ea00000) (1024K)]
  0x0000019ede499bc0 JavaThread "build event listener"              [_thread_blocked, id=2536, stack(0x0000008fa0400000,0x0000008fa0500000) (1024K)]
  0x0000019ed7c0b820 JavaThread "File lock release action executor Thread 4"        [_thread_blocked, id=25356, stack(0x0000008fa0500000,0x0000008fa0600000) (1024K)]
  0x0000019ed1fc3980 JavaThread "pool-8-thread-1"                   [_thread_blocked, id=25716, stack(0x0000008fa0700000,0x0000008fa0800000) (1024K)]
  0x0000019ed1fc1f40 JavaThread "build event listener"              [_thread_blocked, id=8608, stack(0x0000008fa0800000,0x0000008fa0900000) (1024K)]
  0x0000019ed1fc32f0 JavaThread "included builds"                   [_thread_blocked, id=404, stack(0x0000008fa0900000,0x0000008fa0a00000) (1024K)]
  0x0000019ed839c2a0 JavaThread "Execution worker"                  [_thread_in_Java, id=17980, stack(0x0000008fa0a00000,0x0000008fa0b00000) (1024K)]
  0x0000019ed83a17f0 JavaThread "Execution worker Thread 2"         [_thread_blocked, id=26032, stack(0x0000008fa0b00000,0x0000008fa0c00000) (1024K)]
  0x0000019ed839fdb0 JavaThread "Execution worker Thread 3"         [_thread_blocked, id=3172, stack(0x0000008fa0c00000,0x0000008fa0d00000) (1024K)]
  0x0000019ed871d5f0 JavaThread "Execution worker Thread 4"         [_thread_blocked, id=4492, stack(0x0000008fa0d00000,0x0000008fa0e00000) (1024K)]
  0x0000019ed871e310 JavaThread "Execution worker Thread 5"         [_thread_blocked, id=24700, stack(0x0000008fa0e00000,0x0000008fa0f00000) (1024K)]
  0x0000019ed871dc80 JavaThread "Execution worker Thread 6"         [_thread_blocked, id=22936, stack(0x0000008fa0f00000,0x0000008fa1000000) (1024K)]
  0x0000019ede498180 JavaThread "Execution worker Thread 7"         [_thread_blocked, id=25632, stack(0x0000008fa1000000,0x0000008fa1100000) (1024K)]
  0x0000019ede49a250 JavaThread "Execution worker Thread 8"         [_thread_blocked, id=18604, stack(0x0000008fa1100000,0x0000008fa1200000) (1024K)]
  0x0000019ede499530 JavaThread "Execution worker Thread 9"         [_thread_blocked, id=25248, stack(0x0000008fa1200000,0x0000008fa1300000) (1024K)]
  0x0000019ede496dd0 JavaThread "Execution worker Thread 10"        [_thread_blocked, id=27908, stack(0x0000008fa1300000,0x0000008fa1400000) (1024K)]
  0x0000019ede497460 JavaThread "Execution worker Thread 11"        [_thread_blocked, id=30280, stack(0x0000008fa1400000,0x0000008fa1500000) (1024K)]
  0x0000019ed9139d10 JavaThread "Cache worker for execution history cache (C:\Interview trainer\AIInterviewTrainer\.gradle\8.13\executionHistory)"        [_thread_blocked, id=27592, stack(0x0000008fa1500000,0x0000008fa1600000) (1024K)]
  0x0000019ede498810 JavaThread "Unconstrained build operations Thread 33"        [_thread_blocked, id=19504, stack(0x0000008fa1600000,0x0000008fa1700000) (1024K)]
  0x0000019ede498ea0 JavaThread "Unconstrained build operations Thread 34"        [_thread_blocked, id=27900, stack(0x0000008fa1700000,0x0000008fa1800000) (1024K)]
  0x0000019ed13e3b80 JavaThread "Unconstrained build operations Thread 35"        [_thread_blocked, id=18292, stack(0x0000008fa1800000,0x0000008fa1900000) (1024K)]
  0x0000019ed13e0700 JavaThread "Unconstrained build operations Thread 36"        [_thread_blocked, id=31464, stack(0x0000008fa1900000,0x0000008fa1a00000) (1024K)]
  0x0000019ed13e0d90 JavaThread "Unconstrained build operations Thread 37"        [_thread_blocked, id=24968, stack(0x0000008fa1a00000,0x0000008fa1b00000) (1024K)]
  0x0000019ee03d58c0 JavaThread "Unconstrained build operations Thread 38"        [_thread_blocked, id=30016, stack(0x0000008fa1b00000,0x0000008fa1c00000) (1024K)]
  0x0000019ee03d7300 JavaThread "Unconstrained build operations Thread 39"        [_thread_blocked, id=25076, stack(0x0000008fa1c00000,0x0000008fa1d00000) (1024K)]
  0x0000019ee03d5f50 JavaThread "Unconstrained build operations Thread 40"        [_thread_blocked, id=27692, stack(0x0000008fa1d00000,0x0000008fa1e00000) (1024K)]
  0x0000019ee03d6c70 JavaThread "Unconstrained build operations Thread 41"        [_thread_blocked, id=21012, stack(0x0000008fa1e00000,0x0000008fa1f00000) (1024K)]
  0x0000019ee03d65e0 JavaThread "Unconstrained build operations Thread 42"        [_thread_blocked, id=676, stack(0x0000008fa1f00000,0x0000008fa2000000) (1024K)]
  0x0000019ee03d7990 JavaThread "Unconstrained build operations Thread 43"        [_thread_blocked, id=27760, stack(0x0000008fa2000000,0x0000008fa2100000) (1024K)]
  0x0000019ee03d8020 JavaThread "WorkerExecutor Queue"              [_thread_blocked, id=2372, stack(0x0000008fa2100000,0x0000008fa2200000) (1024K)]
  0x0000019ed913aa30 JavaThread "Unconstrained build operations Thread 44"        [_thread_blocked, id=7624, stack(0x0000008fa2200000,0x0000008fa2300000) (1024K)]
  0x0000019ed8e7ebb0 JavaThread "Unconstrained build operations Thread 45"        [_thread_blocked, id=31728, stack(0x0000008fa2300000,0x0000008fa2400000) (1024K)]
  0x0000019ed8e805f0 JavaThread "Unconstrained build operations Thread 46"        [_thread_blocked, id=18096, stack(0x0000008fa2400000,0x0000008fa2500000) (1024K)]
  0x0000019ed8e7f8d0 JavaThread "Unconstrained build operations Thread 47"        [_thread_blocked, id=1448, stack(0x0000008fa2500000,0x0000008fa2600000) (1024K)]
  0x0000019ed8e7f240 JavaThread "Unconstrained build operations Thread 48"        [_thread_blocked, id=30552, stack(0x0000008fa2600000,0x0000008fa2700000) (1024K)]
  0x0000019ed8e7ff60 JavaThread "Unconstrained build operations Thread 49"        [_thread_blocked, id=16068, stack(0x0000008fa2700000,0x0000008fa2800000) (1024K)]
  0x0000019ed8e80c80 JavaThread "Unconstrained build operations Thread 50"        [_thread_blocked, id=17492, stack(0x0000008fa2800000,0x0000008fa2900000) (1024K)]
  0x0000019ed8e7de90 JavaThread "Unconstrained build operations Thread 51"        [_thread_blocked, id=3536, stack(0x0000008fa2a00000,0x0000008fa2b00000) (1024K)]
  0x0000019ed8e7e520 JavaThread "Unconstrained build operations Thread 52"        [_thread_blocked, id=6632, stack(0x0000008fa2b00000,0x0000008fa2c00000) (1024K)]
  0x0000019ed9c055a0 JavaThread "Unconstrained build operations Thread 53"        [_thread_blocked, id=32004, stack(0x0000008fa2d00000,0x0000008fa2e00000) (1024K)]
  0x0000019ed9c06fe0 JavaThread "Unconstrained build operations Thread 54"        [_thread_blocked, id=30100, stack(0x0000008fa2e00000,0x0000008fa2f00000) (1024K)]
  0x0000019ed1487ad0 JavaThread "WorkerExecutor Queue Thread 2"        [_thread_blocked, id=23056, stack(0x0000008fa2f00000,0x0000008fa3000000) (1024K)]
  0x0000019ed1485370 JavaThread "WorkerExecutor Queue Thread 3"        [_thread_blocked, id=15372, stack(0x0000008fa3000000,0x0000008fa3100000) (1024K)]
  0x0000019ed83a2ba0 JavaThread "Unconstrained build operations Thread 55"        [_thread_blocked, id=15416, stack(0x0000008fa0600000,0x0000008fa0700000) (1024K)]
  0x0000019ed9c05c30 JavaThread "WorkerExecutor Queue Thread 4"        [_thread_blocked, id=5076, stack(0x0000008fa3200000,0x0000008fa3300000) (1024K)]
  0x0000019ede0e9b40 JavaThread "Unconstrained build operations Thread 56"        [_thread_blocked, id=28716, stack(0x0000008fa3300000,0x0000008fa3400000) (1024K)]
  0x0000019ed913b0c0 JavaThread "Unconstrained build operations Thread 57"        [_thread_blocked, id=5612, stack(0x0000008fa3400000,0x0000008fa3500000) (1024K)]
  0x0000019ed913b750 JavaThread "Unconstrained build operations Thread 58"        [_thread_blocked, id=29268, stack(0x0000008fa3500000,0x0000008fa3600000) (1024K)]
  0x0000019ed9c062c0 JavaThread "Unconstrained build operations Thread 59"        [_thread_blocked, id=1868, stack(0x0000008fa3600000,0x0000008fa3700000) (1024K)]
  0x0000019ed9c07d00 JavaThread "Unconstrained build operations Thread 60"        [_thread_blocked, id=14368, stack(0x0000008fa3700000,0x0000008fa3800000) (1024K)]
  0x0000019ed9c08390 JavaThread "Unconstrained build operations Thread 61"        [_thread_blocked, id=22556, stack(0x0000008fa3800000,0x0000008fa3900000) (1024K)]
  0x0000019ed9c06950 JavaThread "Unconstrained build operations Thread 62"        [_thread_blocked, id=28544, stack(0x0000008fa3900000,0x0000008fa3a00000) (1024K)]
  0x0000019ed9c07670 JavaThread "Unconstrained build operations Thread 63"        [_thread_blocked, id=27960, stack(0x0000008fa3a00000,0x0000008fa3b00000) (1024K)]
  0x0000019ed9c04f10 JavaThread "Unconstrained build operations Thread 64"        [_thread_blocked, id=31144, stack(0x0000008fa3b00000,0x0000008fa3c00000) (1024K)]
  0x0000019ed8167370 JavaThread "Unconstrained build operations Thread 65"        [_thread_blocked, id=1932, stack(0x0000008fa3c00000,0x0000008fa3d00000) (1024K)]
  0x0000019ed8164c10 JavaThread "Unconstrained build operations Thread 66"        [_thread_blocked, id=25664, stack(0x0000008fa3d00000,0x0000008fa3e00000) (1024K)]
  0x0000019ede0e8790 JavaThread "pool-9-thread-1"                   [_thread_blocked, id=26004, stack(0x0000008fa3e00000,0x0000008fa3f00000) (1024K)]
  0x0000019ed8845ab0 JavaThread "stderr"                            [_thread_in_native, id=428, stack(0x0000008fa3f00000,0x0000008fa4000000) (1024K)]
  0x0000019ed96e5280 JavaThread "stdout"                            [_thread_in_native, id=19304, stack(0x0000008fa4000000,0x0000008fa4100000) (1024K)]
  0x0000019ed83a3230 JavaThread "WorkerExecutor Queue Thread 5"        [_thread_blocked, id=7332, stack(0x0000008fa4100000,0x0000008fa4200000) (1024K)]
  0x0000019ec7c1f070 JavaThread "WorkerExecutor Queue Thread 6"        [_thread_blocked, id=12900, stack(0x0000008fa4200000,0x0000008fa4300000) (1024K)]
  0x0000019ec7c1f700 JavaThread "WorkerExecutor Queue Thread 7"        [_thread_blocked, id=368, stack(0x0000008fa4300000,0x0000008fa4400000) (1024K)]
  0x0000019ec7c1fd90 JavaThread "WorkerExecutor Queue Thread 8"        [_thread_blocked, id=11000, stack(0x0000008fa4400000,0x0000008fa4500000) (1024K)]
  0x0000019ed13e34f0 JavaThread "WorkerExecutor Queue Thread 9"        [_thread_blocked, id=25372, stack(0x0000008fa4500000,0x0000008fa4600000) (1024K)]
  0x0000019ed13e1ab0 JavaThread "WorkerExecutor Queue Thread 10"        [_thread_blocked, id=28972, stack(0x0000008fa4600000,0x0000008fa4700000) (1024K)]
  0x0000019ed13e1420 JavaThread "WorkerExecutor Queue Thread 11"        [_thread_blocked, id=7120, stack(0x0000008fa4700000,0x0000008fa4800000) (1024K)]
  0x0000019ed13e2140 JavaThread "WorkerExecutor Queue Thread 12"        [_thread_blocked, id=7268, stack(0x0000008fa4800000,0x0000008fa4900000) (1024K)]
  0x0000019ed1485a00 JavaThread "Unconstrained build operations Thread 67"        [_thread_blocked, id=4856, stack(0x0000008fa4900000,0x0000008fa4a00000) (1024K)]
  0x0000019ed1486090 JavaThread "Unconstrained build operations Thread 68"        [_thread_blocked, id=5728, stack(0x0000008fa4a00000,0x0000008fa4b00000) (1024K)]
  0x0000019ed1486720 JavaThread "Unconstrained build operations Thread 69"        [_thread_blocked, id=19784, stack(0x0000008fa4b00000,0x0000008fa4c00000) (1024K)]
  0x0000019ed83a38c0 JavaThread "Unconstrained build operations Thread 70"        [_thread_blocked, id=29512, stack(0x0000008fa4c00000,0x0000008fa4d00000) (1024K)]
  0x0000019ed83a0440 JavaThread "Unconstrained build operations Thread 71"        [_thread_blocked, id=28936, stack(0x0000008fa4d00000,0x0000008fa4e00000) (1024K)]
  0x0000019ed7ed1870 JavaThread "Unconstrained build operations Thread 72"        [_thread_blocked, id=9220, stack(0x0000008fa4e00000,0x0000008fa4f00000) (1024K)]
  0x0000019ede0d6860 JavaThread "Unconstrained build operations Thread 73"        [_thread_blocked, id=5104, stack(0x0000008fa4f00000,0x0000008fa5000000) (1024K)]
  0x0000019ede0d6ef0 JavaThread "Unconstrained build operations Thread 74"        [_thread_blocked, id=30072, stack(0x0000008fa5000000,0x0000008fa5100000) (1024K)]
  0x0000019ede0d4e20 JavaThread "Unconstrained build operations Thread 75"        [_thread_blocked, id=1284, stack(0x0000008fa5100000,0x0000008fa5200000) (1024K)]
  0x0000019ede0d5b40 JavaThread "Unconstrained build operations Thread 76"        [_thread_blocked, id=28028, stack(0x0000008fa5200000,0x0000008fa5300000) (1024K)]
  0x0000019ed9df4240 JavaThread "Unconstrained build operations Thread 77"        [_thread_blocked, id=4704, stack(0x0000008fa5300000,0x0000008fa5400000) (1024K)]
  0x0000019ed9138ff0 JavaThread "Unconstrained build operations Thread 78"        [_thread_blocked, id=26612, stack(0x0000008fa3100000,0x0000008fa3200000) (1024K)]
  0x0000019ed913a3a0 JavaThread "Unconstrained build operations Thread 79"        [_thread_blocked, id=29648, stack(0x0000008fa5400000,0x0000008fa5500000) (1024K)]
  0x0000019ed91382d0 JavaThread "Unconstrained build operations Thread 80"        [_thread_blocked, id=3628, stack(0x0000008fa5500000,0x0000008fa5600000) (1024K)]
  0x0000019ed9138960 JavaThread "Unconstrained build operations Thread 81"        [_thread_blocked, id=8472, stack(0x0000008fa5600000,0x0000008fa5700000) (1024K)]
  0x0000019ed9139680 JavaThread "Unconstrained build operations Thread 82"        [_thread_blocked, id=10880, stack(0x0000008fa5700000,0x0000008fa5800000) (1024K)]
  0x0000019ec5119310 JavaThread "Unconstrained build operations Thread 83"        [_thread_blocked, id=32620, stack(0x0000008fa5800000,0x0000008fa5900000) (1024K)]
  0x0000019ec511ba70 JavaThread "Unconstrained build operations Thread 84"        [_thread_blocked, id=1856, stack(0x0000008fa5900000,0x0000008fa5a00000) (1024K)]
  0x0000019ec51199a0 JavaThread "Unconstrained build operations Thread 85"        [_thread_blocked, id=22896, stack(0x0000008fa5a00000,0x0000008fa5b00000) (1024K)]
  0x0000019ed96e5fa0 JavaThread "Unconstrained build operations Thread 86"        [_thread_blocked, id=5580, stack(0x0000008fa5d00000,0x0000008fa5e00000) (1024K)]
  0x0000019ed96e3840 JavaThread "Unconstrained build operations Thread 87"        [_thread_blocked, id=5864, stack(0x0000008fa5e00000,0x0000008fa5f00000) (1024K)]
  0x0000019ed83a3f50 JavaThread "Unconstrained build operations Thread 88"        [_thread_in_native, id=30264, stack(0x0000008fa5c00000,0x0000008fa5d00000) (1024K)]
  0x0000019ed13e27d0 JavaThread "Unconstrained build operations Thread 89"        [_thread_in_native, id=3532, stack(0x0000008fa5f00000,0x0000008fa6000000) (1024K)]
  0x0000019ed13e2e60 JavaThread "Unconstrained build operations Thread 90"        [_thread_in_Java, id=23072, stack(0x0000008fa6000000,0x0000008fa6100000) (1024K)]
  0x0000019ede3b9d60 JavaThread "Unconstrained build operations Thread 91"        [_thread_in_Java, id=20364, stack(0x0000008fa6100000,0x0000008fa6200000) (1024K)]
  0x0000019ede3b89b0 JavaThread "Unconstrained build operations Thread 92"        [_thread_in_native, id=25604, stack(0x0000008fa6200000,0x0000008fa6300000) (1024K)]
  0x0000019ede3b8320 JavaThread "Unconstrained build operations Thread 93"        [_thread_in_Java, id=30704, stack(0x0000008fa6300000,0x0000008fa6400000) (1024K)]
  0x0000019ede3b9040 JavaThread "Unconstrained build operations Thread 94"        [_thread_in_native, id=28624, stack(0x0000008fa6400000,0x0000008fa6500000) (1024K)]
  0x0000019ede3b96d0 JavaThread "Unconstrained build operations Thread 95"        [_thread_in_Java, id=24624, stack(0x0000008fa6500000,0x0000008fa6600000) (1024K)]
  0x0000019ede3b68e0 JavaThread "Unconstrained build operations Thread 96"        [_thread_in_Java, id=29928, stack(0x0000008fa6600000,0x0000008fa6700000) (1024K)]
  0x0000019ede3b7600 JavaThread "Unconstrained build operations Thread 97"        [_thread_in_vm, id=20404, stack(0x0000008fa6700000,0x0000008fa6800000) (1024K)]
  0x0000019ede3b6f70 JavaThread "Unconstrained build operations Thread 98"        [_thread_in_native, id=25704, stack(0x0000008fa6800000,0x0000008fa6900000) (1024K)]
  0x0000019ed7eadd80 JavaThread "RMI TCP Connection(idle)"   daemon [_thread_blocked, id=25232, stack(0x0000008fa6a00000,0x0000008fa6b00000) (1024K)]
  0x0000019ede7586d0 JavaThread "RMI TCP Connection(idle)"   daemon [_thread_blocked, id=29016, stack(0x0000008fa6c00000,0x0000008fa6d00000) (1024K)]
=>0x0000019ec8c6ccf0 JavaThread "C2 CompilerThread1"         daemon [_thread_in_native, id=4328, stack(0x0000008f9a700000,0x0000008f9a800000) (1024K)]
  0x0000019ec0b59ef0 JavaThread "C2 CompilerThread2"         daemon [_thread_in_native, id=11392, stack(0x0000008fa5b00000,0x0000008fa5c00000) (1024K)]
Total: 183

Other Threads:
  0x0000019ebb373790 VMThread "VM Thread"                           [id=30792, stack(0x0000008f9b000000,0x0000008f9b100000) (1024K)]
  0x0000019ebb318ed0 WatcherThread "VM Periodic Task Thread"        [id=13536, stack(0x0000008f9af00000,0x0000008f9b000000) (1024K)]
  0x0000019ea109c4b0 WorkerThread "GC Thread#0"                     [id=8096, stack(0x0000008f9aa00000,0x0000008f9ab00000) (1024K)]
  0x0000019ec03799d0 WorkerThread "GC Thread#1"                     [id=9192, stack(0x0000008f9bc00000,0x0000008f9bd00000) (1024K)]
  0x0000019ec0379d70 WorkerThread "GC Thread#2"                     [id=3688, stack(0x0000008f9bd00000,0x0000008f9be00000) (1024K)]
  0x0000019ec03ecbf0 WorkerThread "GC Thread#3"                     [id=1528, stack(0x0000008f9be00000,0x0000008f9bf00000) (1024K)]
  0x0000019ec03ecf90 WorkerThread "GC Thread#4"                     [id=31444, stack(0x0000008f9bf00000,0x0000008f9c000000) (1024K)]
  0x0000019ec03a83d0 WorkerThread "GC Thread#5"                     [id=19768, stack(0x0000008f9c000000,0x0000008f9c100000) (1024K)]
  0x0000019ec03a8770 WorkerThread "GC Thread#6"                     [id=12896, stack(0x0000008f9c100000,0x0000008f9c200000) (1024K)]
  0x0000019ec03a8b10 WorkerThread "GC Thread#7"                     [id=28780, stack(0x0000008f9c200000,0x0000008f9c300000) (1024K)]
  0x0000019ec03a8eb0 WorkerThread "GC Thread#8"                     [id=15544, stack(0x0000008f9c300000,0x0000008f9c400000) (1024K)]
  0x0000019ec0563170 WorkerThread "GC Thread#9"                     [id=16908, stack(0x0000008f9c400000,0x0000008f9c500000) (1024K)]
  0x0000019e9eccdfc0 ConcurrentGCThread "G1 Main Marker"            [id=30716, stack(0x0000008f9ab00000,0x0000008f9ac00000) (1024K)]
  0x0000019e9ecce9d0 WorkerThread "G1 Conc#0"                       [id=29916, stack(0x0000008f9ac00000,0x0000008f9ad00000) (1024K)]
  0x0000019ec18b3ec0 WorkerThread "G1 Conc#1"                       [id=14832, stack(0x0000008f9ce00000,0x0000008f9cf00000) (1024K)]
  0x0000019ec18b4600 WorkerThread "G1 Conc#2"                       [id=11032, stack(0x0000008f9cf00000,0x0000008f9d000000) (1024K)]
  0x0000019ebb267340 ConcurrentGCThread "G1 Refine#0"               [id=7544, stack(0x0000008f9ad00000,0x0000008f9ae00000) (1024K)]
  0x0000019ebb268c70 ConcurrentGCThread "G1 Service"                [id=26584, stack(0x0000008f9ae00000,0x0000008f9af00000) (1024K)]
Total: 18

Threads with active compile tasks:
C2 CompilerThread0  1042925 68096       4       com.android.tools.r8.internal.gt::a (4509 bytes)
C2 CompilerThread1  1042926 68082       4       com.android.tools.r8.internal.r31::a (3928 bytes)
C2 CompilerThread2  1042926 68115       4       com.android.tools.r8.internal.gt::a (7028 bytes)
Total: 3

VM state: not at safepoint (normal execution)

VM Mutex/Monitor currently owned by a thread: None

Heap address: 0x0000000700000000, size: 4096 MB, Compressed Oops mode: Zero based, Oop shift amount: 3

CDS archive(s) not mapped
Compressed class space mapped at: 0x0000000800000000-0x0000000834000000, reserved size: 872415232
Narrow klass base: 0x0000000800000000, Narrow klass shift: 0, Narrow klass range: 0x34000000

GC Precious Log:
 CardTable entry size: 512
 Card Set container configuration: InlinePtr #cards 4 size 8 Array Of Cards #cards 16 size 48 Howl #buckets 8 coarsen threshold 3686 Howl Bitmap #cards 512 size 80 coarsen threshold 460 Card regions per heap region 1 cards per card region 4096
 CPUs: 12 total, 12 available
 Memory: 7381M
 Large Page Support: Disabled
 NUMA Support: Disabled
 Compressed Oops: Enabled (Zero based)
 Heap Region Size: 2M
 Heap Min Capacity: 512M
 Heap Initial Capacity: 512M
 Heap Max Capacity: 4G
 Pre-touch: Disabled
 Parallel Workers: 10
 Concurrent Workers: 3
 Concurrent Refinement Workers: 10
 Periodic GC: Disabled

Heap:
 garbage-first heap   total 2060288K, used 1045912K [0x0000000700000000, 0x0000000800000000)
  region size 2048K, 166 young (339968K), 36 survivors (73728K)
 Metaspace       used 299652K, committed 302784K, reserved 1179648K
  class space    used 37873K, committed 39424K, reserved 851968K

Heap Regions: E=young(eden), S=young(survivor), O=old, HS=humongous(starts), HC=humongous(continues), CS=collection set, F=free, TAMS=top-at-mark-start, PB=parsable bottom
|   0|0x0000000700000000, 0x0000000700200000, 0x0000000700200000|100%|HS|  |TAMS 0x0000000700000000| PB 0x0000000700000000| Complete 
|   1|0x0000000700200000, 0x0000000700400000, 0x0000000700400000|100%|HC|  |TAMS 0x0000000700200000| PB 0x0000000700200000| Complete 
|   2|0x0000000700400000, 0x0000000700600000, 0x0000000700600000|100%| O|  |TAMS 0x0000000700400000| PB 0x0000000700400000| Untracked 
|   3|0x0000000700600000, 0x0000000700800000, 0x0000000700800000|100%| O|  |TAMS 0x0000000700600000| PB 0x0000000700600000| Untracked 
|   4|0x0000000700800000, 0x0000000700a00000, 0x0000000700a00000|100%| O|  |TAMS 0x0000000700800000| PB 0x0000000700800000| Untracked 
|   5|0x0000000700a00000, 0x0000000700c00000, 0x0000000700c00000|100%| O|  |TAMS 0x0000000700a00000| PB 0x0000000700a00000| Untracked 
|   6|0x0000000700c00000, 0x0000000700e00000, 0x0000000700e00000|100%| O|  |TAMS 0x0000000700c00000| PB 0x0000000700c00000| Untracked 
|   7|0x0000000700e00000, 0x0000000701000000, 0x0000000701000000|100%| O|  |TAMS 0x0000000700e00000| PB 0x0000000700e00000| Untracked 
|   8|0x0000000701000000, 0x0000000701200000, 0x0000000701200000|100%| O|  |TAMS 0x0000000701000000| PB 0x0000000701000000| Untracked 
|   9|0x0000000701200000, 0x0000000701400000, 0x0000000701400000|100%| O|  |TAMS 0x0000000701200000| PB 0x0000000701200000| Untracked 
|  10|0x0000000701400000, 0x0000000701600000, 0x0000000701600000|100%| O|  |TAMS 0x0000000701400000| PB 0x0000000701400000| Untracked 
|  11|0x0000000701600000, 0x0000000701800000, 0x0000000701800000|100%| O|  |TAMS 0x0000000701600000| PB 0x0000000701600000| Untracked 
|  12|0x0000000701800000, 0x0000000701a00000, 0x0000000701a00000|100%| O|  |TAMS 0x0000000701800000| PB 0x0000000701800000| Untracked 
|  13|0x0000000701a00000, 0x0000000701c00000, 0x0000000701c00000|100%|HS|  |TAMS 0x0000000701a00000| PB 0x0000000701a00000| Complete 
|  14|0x0000000701c00000, 0x0000000701e00000, 0x0000000701e00000|100%| O|  |TAMS 0x0000000701c00000| PB 0x0000000701c00000| Untracked 
|  15|0x0000000701e00000, 0x0000000702000000, 0x0000000702000000|100%| O|  |TAMS 0x0000000701e00000| PB 0x0000000701e00000| Untracked 
|  16|0x0000000702000000, 0x0000000702200000, 0x0000000702200000|100%| O|  |TAMS 0x0000000702000000| PB 0x0000000702000000| Untracked 
|  17|0x0000000702200000, 0x0000000702400000, 0x0000000702400000|100%| O|  |TAMS 0x0000000702200000| PB 0x0000000702200000| Untracked 
|  18|0x0000000702400000, 0x0000000702600000, 0x0000000702600000|100%| O|  |TAMS 0x0000000702400000| PB 0x0000000702400000| Untracked 
|  19|0x0000000702600000, 0x0000000702800000, 0x0000000702800000|100%| O|  |TAMS 0x0000000702600000| PB 0x0000000702600000| Untracked 
|  20|0x0000000702800000, 0x0000000702a00000, 0x0000000702a00000|100%| O|  |TAMS 0x0000000702800000| PB 0x0000000702800000| Untracked 
|  21|0x0000000702a00000, 0x0000000702c00000, 0x0000000702c00000|100%| O|  |TAMS 0x0000000702a00000| PB 0x0000000702a00000| Untracked 
|  22|0x0000000702c00000, 0x0000000702e00000, 0x0000000702e00000|100%| O|  |TAMS 0x0000000702c00000| PB 0x0000000702c00000| Untracked 
|  23|0x0000000702e00000, 0x0000000703000000, 0x0000000703000000|100%| O|  |TAMS 0x0000000702e00000| PB 0x0000000702e00000| Untracked 
|  24|0x0000000703000000, 0x0000000703200000, 0x0000000703200000|100%| O|  |TAMS 0x0000000703000000| PB 0x0000000703000000| Untracked 
|  25|0x0000000703200000, 0x0000000703400000, 0x0000000703400000|100%| O|  |TAMS 0x0000000703200000| PB 0x0000000703200000| Untracked 
|  26|0x0000000703400000, 0x0000000703600000, 0x0000000703600000|100%| O|  |TAMS 0x0000000703400000| PB 0x0000000703400000| Untracked 
|  27|0x0000000703600000, 0x0000000703800000, 0x0000000703800000|100%| O|  |TAMS 0x0000000703600000| PB 0x0000000703600000| Untracked 
|  28|0x0000000703800000, 0x0000000703a00000, 0x0000000703a00000|100%| O|  |TAMS 0x0000000703800000| PB 0x0000000703800000| Untracked 
|  29|0x0000000703a00000, 0x0000000703c00000, 0x0000000703c00000|100%| O|  |TAMS 0x0000000703a00000| PB 0x0000000703a00000| Untracked 
|  30|0x0000000703c00000, 0x0000000703e00000, 0x0000000703e00000|100%| O|  |TAMS 0x0000000703c00000| PB 0x0000000703c00000| Untracked 
|  31|0x0000000703e00000, 0x0000000704000000, 0x0000000704000000|100%| O|  |TAMS 0x0000000703e00000| PB 0x0000000703e00000| Untracked 
|  32|0x0000000704000000, 0x0000000704200000, 0x0000000704200000|100%| O|  |TAMS 0x0000000704000000| PB 0x0000000704000000| Untracked 
|  33|0x0000000704200000, 0x0000000704400000, 0x0000000704400000|100%| O|  |TAMS 0x0000000704200000| PB 0x0000000704200000| Untracked 
|  34|0x0000000704400000, 0x0000000704600000, 0x0000000704600000|100%| O|  |TAMS 0x0000000704400000| PB 0x0000000704400000| Untracked 
|  35|0x0000000704600000, 0x0000000704800000, 0x0000000704800000|100%| O|  |TAMS 0x0000000704600000| PB 0x0000000704600000| Untracked 
|  36|0x0000000704800000, 0x0000000704a00000, 0x0000000704a00000|100%| O|  |TAMS 0x0000000704800000| PB 0x0000000704800000| Untracked 
|  37|0x0000000704a00000, 0x0000000704c00000, 0x0000000704c00000|100%| O|  |TAMS 0x0000000704a00000| PB 0x0000000704a00000| Untracked 
|  38|0x0000000704c00000, 0x0000000704e00000, 0x0000000704e00000|100%| O|  |TAMS 0x0000000704c00000| PB 0x0000000704c00000| Untracked 
|  39|0x0000000704e00000, 0x0000000705000000, 0x0000000705000000|100%| O|  |TAMS 0x0000000704e00000| PB 0x0000000704e00000| Untracked 
|  40|0x0000000705000000, 0x0000000705200000, 0x0000000705200000|100%| O|  |TAMS 0x0000000705000000| PB 0x0000000705000000| Untracked 
|  41|0x0000000705200000, 0x0000000705400000, 0x0000000705400000|100%| O|  |TAMS 0x0000000705200000| PB 0x0000000705200000| Untracked 
|  42|0x0000000705400000, 0x0000000705600000, 0x0000000705600000|100%| O|  |TAMS 0x0000000705400000| PB 0x0000000705400000| Untracked 
|  43|0x0000000705600000, 0x0000000705800000, 0x0000000705800000|100%| O|  |TAMS 0x0000000705600000| PB 0x0000000705600000| Untracked 
|  44|0x0000000705800000, 0x0000000705a00000, 0x0000000705a00000|100%| O|  |TAMS 0x0000000705800000| PB 0x0000000705800000| Untracked 
|  45|0x0000000705a00000, 0x0000000705c00000, 0x0000000705c00000|100%| O|  |TAMS 0x0000000705a00000| PB 0x0000000705a00000| Untracked 
|  46|0x0000000705c00000, 0x0000000705e00000, 0x0000000705e00000|100%| O|  |TAMS 0x0000000705c00000| PB 0x0000000705c00000| Untracked 
|  47|0x0000000705e00000, 0x0000000706000000, 0x0000000706000000|100%| O|  |TAMS 0x0000000705e00000| PB 0x0000000705e00000| Untracked 
|  48|0x0000000706000000, 0x0000000706200000, 0x0000000706200000|100%| O|Cm|TAMS 0x0000000706000000| PB 0x0000000706000000| Complete 
|  49|0x0000000706200000, 0x0000000706400000, 0x0000000706400000|100%| O|  |TAMS 0x0000000706200000| PB 0x0000000706200000| Untracked 
|  50|0x0000000706400000, 0x0000000706600000, 0x0000000706600000|100%| O|  |TAMS 0x0000000706400000| PB 0x0000000706400000| Untracked 
|  51|0x0000000706600000, 0x0000000706800000, 0x0000000706800000|100%| O|  |TAMS 0x0000000706600000| PB 0x0000000706600000| Untracked 
|  52|0x0000000706800000, 0x0000000706a00000, 0x0000000706a00000|100%| O|  |TAMS 0x0000000706800000| PB 0x0000000706800000| Untracked 
|  53|0x0000000706a00000, 0x0000000706c00000, 0x0000000706c00000|100%| O|  |TAMS 0x0000000706a00000| PB 0x0000000706a00000| Untracked 
|  54|0x0000000706c00000, 0x0000000706e00000, 0x0000000706e00000|100%| O|  |TAMS 0x0000000706c00000| PB 0x0000000706c00000| Untracked 
|  55|0x0000000706e00000, 0x0000000707000000, 0x0000000707000000|100%| O|  |TAMS 0x0000000706e00000| PB 0x0000000706e00000| Untracked 
|  56|0x0000000707000000, 0x0000000707200000, 0x0000000707200000|100%| O|  |TAMS 0x0000000707000000| PB 0x0000000707000000| Untracked 
|  57|0x0000000707200000, 0x0000000707400000, 0x0000000707400000|100%|HS|  |TAMS 0x0000000707200000| PB 0x0000000707200000| Complete 
|  58|0x0000000707400000, 0x0000000707600000, 0x0000000707600000|100%| O|  |TAMS 0x0000000707400000| PB 0x0000000707400000| Untracked 
|  59|0x0000000707600000, 0x0000000707800000, 0x0000000707800000|100%| O|  |TAMS 0x0000000707600000| PB 0x0000000707600000| Untracked 
|  60|0x0000000707800000, 0x0000000707a00000, 0x0000000707a00000|100%| O|  |TAMS 0x0000000707800000| PB 0x0000000707800000| Untracked 
|  61|0x0000000707a00000, 0x0000000707c00000, 0x0000000707c00000|100%| O|  |TAMS 0x0000000707a00000| PB 0x0000000707a00000| Untracked 
|  62|0x0000000707c00000, 0x0000000707e00000, 0x0000000707e00000|100%| O|  |TAMS 0x0000000707c00000| PB 0x0000000707c00000| Untracked 
|  63|0x0000000707e00000, 0x0000000708000000, 0x0000000708000000|100%| O|  |TAMS 0x0000000707e00000| PB 0x0000000707e00000| Untracked 
|  64|0x0000000708000000, 0x0000000708200000, 0x0000000708200000|100%| O|  |TAMS 0x0000000708000000| PB 0x0000000708000000| Untracked 
|  65|0x0000000708200000, 0x0000000708400000, 0x0000000708400000|100%| O|  |TAMS 0x0000000708200000| PB 0x0000000708200000| Untracked 
|  66|0x0000000708400000, 0x0000000708600000, 0x0000000708600000|100%| O|  |TAMS 0x0000000708400000| PB 0x0000000708400000| Untracked 
|  67|0x0000000708600000, 0x0000000708800000, 0x0000000708800000|100%| O|  |TAMS 0x0000000708600000| PB 0x0000000708600000| Untracked 
|  68|0x0000000708800000, 0x0000000708a00000, 0x0000000708a00000|100%| O|  |TAMS 0x0000000708800000| PB 0x0000000708800000| Untracked 
|  69|0x0000000708a00000, 0x0000000708c00000, 0x0000000708c00000|100%| O|  |TAMS 0x0000000708a00000| PB 0x0000000708a00000| Untracked 
|  70|0x0000000708c00000, 0x0000000708e00000, 0x0000000708e00000|100%| O|  |TAMS 0x0000000708c00000| PB 0x0000000708c00000| Untracked 
|  71|0x0000000708e00000, 0x0000000709000000, 0x0000000709000000|100%| O|  |TAMS 0x0000000708e00000| PB 0x0000000708e00000| Untracked 
|  72|0x0000000709000000, 0x0000000709200000, 0x0000000709200000|100%| O|  |TAMS 0x0000000709000000| PB 0x0000000709000000| Untracked 
|  73|0x0000000709200000, 0x0000000709400000, 0x0000000709400000|100%| O|  |TAMS 0x0000000709200000| PB 0x0000000709200000| Untracked 
|  74|0x0000000709400000, 0x0000000709600000, 0x0000000709600000|100%| O|  |TAMS 0x0000000709400000| PB 0x0000000709400000| Untracked 
|  75|0x0000000709600000, 0x0000000709800000, 0x0000000709800000|100%| O|  |TAMS 0x0000000709600000| PB 0x0000000709600000| Untracked 
|  76|0x0000000709800000, 0x0000000709979a58, 0x0000000709a00000| 73%| O|  |TAMS 0x0000000709800000| PB 0x0000000709800000| Untracked 
|  77|0x0000000709a00000, 0x0000000709c00000, 0x0000000709c00000|100%| O|  |TAMS 0x0000000709a00000| PB 0x0000000709a00000| Untracked 
|  78|0x0000000709c00000, 0x0000000709e00000, 0x0000000709e00000|100%| O|  |TAMS 0x0000000709c00000| PB 0x0000000709c00000| Untracked 
|  79|0x0000000709e00000, 0x000000070a000000, 0x000000070a000000|100%| O|  |TAMS 0x0000000709e00000| PB 0x0000000709e00000| Untracked 
|  80|0x000000070a000000, 0x000000070a200000, 0x000000070a200000|100%| O|  |TAMS 0x000000070a000000| PB 0x000000070a000000| Untracked 
|  81|0x000000070a200000, 0x000000070a200000, 0x000000070a400000|  0%| F|  |TAMS 0x000000070a200000| PB 0x000000070a200000| Untracked 
|  82|0x000000070a400000, 0x000000070a600000, 0x000000070a600000|100%| O|  |TAMS 0x000000070a400000| PB 0x000000070a400000| Untracked 
|  83|0x000000070a600000, 0x000000070a800000, 0x000000070a800000|100%| O|  |TAMS 0x000000070a600000| PB 0x000000070a600000| Untracked 
|  84|0x000000070a800000, 0x000000070aa00000, 0x000000070aa00000|100%| O|  |TAMS 0x000000070a800000| PB 0x000000070a800000| Untracked 
|  85|0x000000070aa00000, 0x000000070ac00000, 0x000000070ac00000|100%| O|  |TAMS 0x000000070aa00000| PB 0x000000070aa00000| Untracked 
|  86|0x000000070ac00000, 0x000000070ae00000, 0x000000070ae00000|100%| O|  |TAMS 0x000000070ac00000| PB 0x000000070ac00000| Untracked 
|  87|0x000000070ae00000, 0x000000070b000000, 0x000000070b000000|100%| O|  |TAMS 0x000000070ae00000| PB 0x000000070ae00000| Untracked 
|  88|0x000000070b000000, 0x000000070b200000, 0x000000070b200000|100%| O|  |TAMS 0x000000070b000000| PB 0x000000070b000000| Untracked 
|  89|0x000000070b200000, 0x000000070b400000, 0x000000070b400000|100%| O|  |TAMS 0x000000070b200000| PB 0x000000070b200000| Untracked 
|  90|0x000000070b400000, 0x000000070b600000, 0x000000070b600000|100%| O|  |TAMS 0x000000070b400000| PB 0x000000070b400000| Untracked 
|  91|0x000000070b600000, 0x000000070b800000, 0x000000070b800000|100%| O|  |TAMS 0x000000070b600000| PB 0x000000070b600000| Untracked 
|  92|0x000000070b800000, 0x000000070ba00000, 0x000000070ba00000|100%| O|  |TAMS 0x000000070b800000| PB 0x000000070b800000| Untracked 
|  93|0x000000070ba00000, 0x000000070bc00000, 0x000000070bc00000|100%| O|Cm|TAMS 0x000000070ba00000| PB 0x000000070ba00000| Complete 
|  94|0x000000070bc00000, 0x000000070be00000, 0x000000070be00000|100%| O|  |TAMS 0x000000070bc00000| PB 0x000000070bc00000| Untracked 
|  95|0x000000070be00000, 0x000000070c000000, 0x000000070c000000|100%| O|  |TAMS 0x000000070be00000| PB 0x000000070be00000| Untracked 
|  96|0x000000070c000000, 0x000000070c000000, 0x000000070c200000|  0%| F|  |TAMS 0x000000070c000000| PB 0x000000070c000000| Untracked 
|  97|0x000000070c200000, 0x000000070c200000, 0x000000070c400000|  0%| F|  |TAMS 0x000000070c200000| PB 0x000000070c200000| Untracked 
|  98|0x000000070c400000, 0x000000070c600000, 0x000000070c600000|100%| O|  |TAMS 0x000000070c400000| PB 0x000000070c400000| Untracked 
|  99|0x000000070c600000, 0x000000070c800000, 0x000000070c800000|100%|HS|  |TAMS 0x000000070c600000| PB 0x000000070c600000| Complete 
| 100|0x000000070c800000, 0x000000070ca00000, 0x000000070ca00000|100%|HS|  |TAMS 0x000000070c800000| PB 0x000000070c800000| Complete 
| 101|0x000000070ca00000, 0x000000070cc00000, 0x000000070cc00000|100%| O|  |TAMS 0x000000070ca00000| PB 0x000000070ca00000| Untracked 
| 102|0x000000070cc00000, 0x000000070ce00000, 0x000000070ce00000|100%| O|  |TAMS 0x000000070cc00000| PB 0x000000070cc00000| Untracked 
| 103|0x000000070ce00000, 0x000000070d000000, 0x000000070d000000|100%|HS|  |TAMS 0x000000070ce00000| PB 0x000000070ce00000| Complete 
| 104|0x000000070d000000, 0x000000070d200000, 0x000000070d200000|100%|HC|  |TAMS 0x000000070d000000| PB 0x000000070d000000| Complete 
| 105|0x000000070d200000, 0x000000070d400000, 0x000000070d400000|100%|HS|  |TAMS 0x000000070d200000| PB 0x000000070d200000| Complete 
| 106|0x000000070d400000, 0x000000070d600000, 0x000000070d600000|100%|HC|  |TAMS 0x000000070d400000| PB 0x000000070d400000| Complete 
| 107|0x000000070d600000, 0x000000070d800000, 0x000000070d800000|100%| O|  |TAMS 0x000000070d600000| PB 0x000000070d600000| Untracked 
| 108|0x000000070d800000, 0x000000070da00000, 0x000000070da00000|100%| O|Cm|TAMS 0x000000070d800000| PB 0x000000070d800000| Complete 
| 109|0x000000070da00000, 0x000000070dc00000, 0x000000070dc00000|100%| O|  |TAMS 0x000000070da00000| PB 0x000000070da00000| Untracked 
| 110|0x000000070dc00000, 0x000000070de00000, 0x000000070de00000|100%| O|  |TAMS 0x000000070dc00000| PB 0x000000070dc00000| Untracked 
| 111|0x000000070de00000, 0x000000070e000000, 0x000000070e000000|100%| O|  |TAMS 0x000000070de00000| PB 0x000000070de00000| Untracked 
| 112|0x000000070e000000, 0x000000070e200000, 0x000000070e200000|100%| O|  |TAMS 0x000000070e000000| PB 0x000000070e000000| Untracked 
| 113|0x000000070e200000, 0x000000070e400000, 0x000000070e400000|100%| O|  |TAMS 0x000000070e200000| PB 0x000000070e200000| Untracked 
| 114|0x000000070e400000, 0x000000070e600000, 0x000000070e600000|100%| O|  |TAMS 0x000000070e400000| PB 0x000000070e400000| Untracked 
| 115|0x000000070e600000, 0x000000070e800000, 0x000000070e800000|100%| O|  |TAMS 0x000000070e600000| PB 0x000000070e600000| Untracked 
| 116|0x000000070e800000, 0x000000070ea00000, 0x000000070ea00000|100%| O|  |TAMS 0x000000070e800000| PB 0x000000070e800000| Untracked 
| 117|0x000000070ea00000, 0x000000070ec00000, 0x000000070ec00000|100%| O|  |TAMS 0x000000070ea00000| PB 0x000000070ea00000| Untracked 
| 118|0x000000070ec00000, 0x000000070ee00000, 0x000000070ee00000|100%| O|  |TAMS 0x000000070ec00000| PB 0x000000070ec00000| Untracked 
| 119|0x000000070ee00000, 0x000000070f000000, 0x000000070f000000|100%| O|  |TAMS 0x000000070ee00000| PB 0x000000070ee00000| Untracked 
| 120|0x000000070f000000, 0x000000070f200000, 0x000000070f200000|100%| O|  |TAMS 0x000000070f000000| PB 0x000000070f000000| Untracked 
| 121|0x000000070f200000, 0x000000070f400000, 0x000000070f400000|100%| O|  |TAMS 0x000000070f200000| PB 0x000000070f200000| Untracked 
| 122|0x000000070f400000, 0x000000070f600000, 0x000000070f600000|100%| O|  |TAMS 0x000000070f400000| PB 0x000000070f400000| Untracked 
| 123|0x000000070f600000, 0x000000070f800000, 0x000000070f800000|100%| O|  |TAMS 0x000000070f600000| PB 0x000000070f600000| Untracked 
| 124|0x000000070f800000, 0x000000070fa00000, 0x000000070fa00000|100%| O|  |TAMS 0x000000070f800000| PB 0x000000070f800000| Untracked 
| 125|0x000000070fa00000, 0x000000070fc00000, 0x000000070fc00000|100%| O|  |TAMS 0x000000070fa00000| PB 0x000000070fa00000| Untracked 
| 126|0x000000070fc00000, 0x000000070fe00000, 0x000000070fe00000|100%| O|  |TAMS 0x000000070fc00000| PB 0x000000070fc00000| Untracked 
| 127|0x000000070fe00000, 0x0000000710000000, 0x0000000710000000|100%| O|  |TAMS 0x000000070fe00000| PB 0x000000070fe00000| Untracked 
| 128|0x0000000710000000, 0x0000000710200000, 0x0000000710200000|100%| O|  |TAMS 0x0000000710000000| PB 0x0000000710000000| Untracked 
| 129|0x0000000710200000, 0x0000000710400000, 0x0000000710400000|100%| O|  |TAMS 0x0000000710200000| PB 0x0000000710200000| Untracked 
| 130|0x0000000710400000, 0x0000000710600000, 0x0000000710600000|100%| O|  |TAMS 0x0000000710400000| PB 0x0000000710400000| Untracked 
| 131|0x0000000710600000, 0x0000000710800000, 0x0000000710800000|100%| O|  |TAMS 0x0000000710600000| PB 0x0000000710600000| Untracked 
| 132|0x0000000710800000, 0x0000000710a00000, 0x0000000710a00000|100%| O|  |TAMS 0x0000000710800000| PB 0x0000000710800000| Untracked 
| 133|0x0000000710a00000, 0x0000000710c00000, 0x0000000710c00000|100%| O|  |TAMS 0x0000000710a00000| PB 0x0000000710a00000| Untracked 
| 134|0x0000000710c00000, 0x0000000710e00000, 0x0000000710e00000|100%| O|  |TAMS 0x0000000710c00000| PB 0x0000000710c00000| Untracked 
| 135|0x0000000710e00000, 0x0000000711000000, 0x0000000711000000|100%| O|  |TAMS 0x0000000710e00000| PB 0x0000000710e00000| Untracked 
| 136|0x0000000711000000, 0x0000000711200000, 0x0000000711200000|100%| O|  |TAMS 0x0000000711000000| PB 0x0000000711000000| Untracked 
| 137|0x0000000711200000, 0x0000000711400000, 0x0000000711400000|100%| O|  |TAMS 0x0000000711200000| PB 0x0000000711200000| Untracked 
| 138|0x0000000711400000, 0x0000000711400000, 0x0000000711600000|  0%| F|  |TAMS 0x0000000711400000| PB 0x0000000711400000| Untracked 
| 139|0x0000000711600000, 0x0000000711800000, 0x0000000711800000|100%| O|  |TAMS 0x0000000711600000| PB 0x0000000711600000| Untracked 
| 140|0x0000000711800000, 0x0000000711a00000, 0x0000000711a00000|100%| O|  |TAMS 0x0000000711800000| PB 0x0000000711800000| Untracked 
| 141|0x0000000711a00000, 0x0000000711c00000, 0x0000000711c00000|100%| O|  |TAMS 0x0000000711a00000| PB 0x0000000711a00000| Untracked 
| 142|0x0000000711c00000, 0x0000000711e00000, 0x0000000711e00000|100%| O|  |TAMS 0x0000000711c00000| PB 0x0000000711c00000| Untracked 
| 143|0x0000000711e00000, 0x0000000712000000, 0x0000000712000000|100%| O|  |TAMS 0x0000000711e00000| PB 0x0000000711e00000| Untracked 
| 144|0x0000000712000000, 0x0000000712200000, 0x0000000712200000|100%| O|  |TAMS 0x0000000712000000| PB 0x0000000712000000| Untracked 
| 145|0x0000000712200000, 0x0000000712400000, 0x0000000712400000|100%| O|  |TAMS 0x0000000712200000| PB 0x0000000712200000| Untracked 
| 146|0x0000000712400000, 0x0000000712600000, 0x0000000712600000|100%| O|  |TAMS 0x0000000712400000| PB 0x0000000712400000| Untracked 
| 147|0x0000000712600000, 0x0000000712800000, 0x0000000712800000|100%| O|  |TAMS 0x0000000712600000| PB 0x0000000712600000| Untracked 
| 148|0x0000000712800000, 0x0000000712a00000, 0x0000000712a00000|100%| O|  |TAMS 0x0000000712800000| PB 0x0000000712800000| Untracked 
| 149|0x0000000712a00000, 0x0000000712c00000, 0x0000000712c00000|100%| O|  |TAMS 0x0000000712a00000| PB 0x0000000712a00000| Untracked 
| 150|0x0000000712c00000, 0x0000000712e00000, 0x0000000712e00000|100%| O|  |TAMS 0x0000000712c00000| PB 0x0000000712c00000| Untracked 
| 151|0x0000000712e00000, 0x0000000713000000, 0x0000000713000000|100%| O|  |TAMS 0x0000000712e00000| PB 0x0000000712e00000| Untracked 
| 152|0x0000000713000000, 0x0000000713200000, 0x0000000713200000|100%| O|  |TAMS 0x0000000713000000| PB 0x0000000713000000| Untracked 
| 153|0x0000000713200000, 0x0000000713400000, 0x0000000713400000|100%| O|  |TAMS 0x0000000713200000| PB 0x0000000713200000| Untracked 
| 154|0x0000000713400000, 0x0000000713600000, 0x0000000713600000|100%| O|  |TAMS 0x0000000713400000| PB 0x0000000713400000| Untracked 
| 155|0x0000000713600000, 0x0000000713800000, 0x0000000713800000|100%| O|  |TAMS 0x0000000713600000| PB 0x0000000713600000| Untracked 
| 156|0x0000000713800000, 0x0000000713a00000, 0x0000000713a00000|100%| O|  |TAMS 0x0000000713800000| PB 0x0000000713800000| Untracked 
| 157|0x0000000713a00000, 0x0000000713a00000, 0x0000000713c00000|  0%| F|  |TAMS 0x0000000713a00000| PB 0x0000000713a00000| Untracked 
| 158|0x0000000713c00000, 0x0000000713e00000, 0x0000000713e00000|100%| O|  |TAMS 0x0000000713c00000| PB 0x0000000713c00000| Untracked 
| 159|0x0000000713e00000, 0x0000000714000000, 0x0000000714000000|100%| O|  |TAMS 0x0000000713e00000| PB 0x0000000713e00000| Untracked 
| 160|0x0000000714000000, 0x0000000714200000, 0x0000000714200000|100%| O|  |TAMS 0x0000000714000000| PB 0x0000000714000000| Untracked 
| 161|0x0000000714200000, 0x0000000714400000, 0x0000000714400000|100%| O|  |TAMS 0x0000000714200000| PB 0x0000000714200000| Untracked 
| 162|0x0000000714400000, 0x0000000714600000, 0x0000000714600000|100%|HS|  |TAMS 0x0000000714400000| PB 0x0000000714400000| Complete 
| 163|0x0000000714600000, 0x0000000714800000, 0x0000000714800000|100%|HC|  |TAMS 0x0000000714600000| PB 0x0000000714600000| Complete 
| 164|0x0000000714800000, 0x0000000714a00000, 0x0000000714a00000|100%| O|  |TAMS 0x0000000714800000| PB 0x0000000714800000| Untracked 
| 165|0x0000000714a00000, 0x0000000714c00000, 0x0000000714c00000|100%| O|  |TAMS 0x0000000714a00000| PB 0x0000000714a00000| Untracked 
| 166|0x0000000714c00000, 0x0000000714c00000, 0x0000000714e00000|  0%| F|  |TAMS 0x0000000714c00000| PB 0x0000000714c00000| Untracked 
| 167|0x0000000714e00000, 0x0000000715000000, 0x0000000715000000|100%| O|  |TAMS 0x0000000714e00000| PB 0x0000000714e00000| Untracked 
| 168|0x0000000715000000, 0x0000000715200000, 0x0000000715200000|100%| O|  |TAMS 0x0000000715000000| PB 0x0000000715000000| Untracked 
| 169|0x0000000715200000, 0x0000000715400000, 0x0000000715400000|100%| O|  |TAMS 0x0000000715200000| PB 0x0000000715200000| Untracked 
| 170|0x0000000715400000, 0x0000000715600000, 0x0000000715600000|100%| O|  |TAMS 0x0000000715400000| PB 0x0000000715400000| Untracked 
| 171|0x0000000715600000, 0x0000000715800000, 0x0000000715800000|100%| O|  |TAMS 0x0000000715600000| PB 0x0000000715600000| Untracked 
| 172|0x0000000715800000, 0x0000000715a00000, 0x0000000715a00000|100%| O|Cm|TAMS 0x0000000715800000| PB 0x0000000715800000| Complete 
| 173|0x0000000715a00000, 0x0000000715c00000, 0x0000000715c00000|100%| O|  |TAMS 0x0000000715a00000| PB 0x0000000715a00000| Untracked 
| 174|0x0000000715c00000, 0x0000000715e00000, 0x0000000715e00000|100%| O|Cm|TAMS 0x0000000715c00000| PB 0x0000000715c00000| Complete 
| 175|0x0000000715e00000, 0x0000000716000000, 0x0000000716000000|100%| O|  |TAMS 0x0000000715e00000| PB 0x0000000715e00000| Untracked 
| 176|0x0000000716000000, 0x0000000716000000, 0x0000000716200000|  0%| F|  |TAMS 0x0000000716000000| PB 0x0000000716000000| Untracked 
| 177|0x0000000716200000, 0x0000000716400000, 0x0000000716400000|100%| O|  |TAMS 0x0000000716200000| PB 0x0000000716200000| Untracked 
| 178|0x0000000716400000, 0x0000000716600000, 0x0000000716600000|100%| O|  |TAMS 0x0000000716400000| PB 0x0000000716400000| Untracked 
| 179|0x0000000716600000, 0x0000000716800000, 0x0000000716800000|100%| O|Cm|TAMS 0x0000000716600000| PB 0x0000000716600000| Complete 
| 180|0x0000000716800000, 0x0000000716a00000, 0x0000000716a00000|100%| O|  |TAMS 0x0000000716800000| PB 0x0000000716800000| Untracked 
| 181|0x0000000716a00000, 0x0000000716c00000, 0x0000000716c00000|100%| O|  |TAMS 0x0000000716a00000| PB 0x0000000716a00000| Untracked 
| 182|0x0000000716c00000, 0x0000000716e00000, 0x0000000716e00000|100%| O|  |TAMS 0x0000000716c00000| PB 0x0000000716c00000| Untracked 
| 183|0x0000000716e00000, 0x0000000717000000, 0x0000000717000000|100%| O|  |TAMS 0x0000000716e00000| PB 0x0000000716e00000| Untracked 
| 184|0x0000000717000000, 0x0000000717200000, 0x0000000717200000|100%| O|  |TAMS 0x0000000717000000| PB 0x0000000717000000| Untracked 
| 185|0x0000000717200000, 0x0000000717400000, 0x0000000717400000|100%| O|  |TAMS 0x0000000717200000| PB 0x0000000717200000| Untracked 
| 186|0x0000000717400000, 0x0000000717400000, 0x0000000717600000|  0%| F|  |TAMS 0x0000000717400000| PB 0x0000000717400000| Untracked 
| 187|0x0000000717600000, 0x0000000717600000, 0x0000000717800000|  0%| F|  |TAMS 0x0000000717600000| PB 0x0000000717600000| Untracked 
| 188|0x0000000717800000, 0x0000000717800000, 0x0000000717a00000|  0%| F|  |TAMS 0x0000000717800000| PB 0x0000000717800000| Untracked 
| 189|0x0000000717a00000, 0x0000000717a00000, 0x0000000717c00000|  0%| F|  |TAMS 0x0000000717a00000| PB 0x0000000717a00000| Untracked 
| 190|0x0000000717c00000, 0x0000000717c00000, 0x0000000717e00000|  0%| F|  |TAMS 0x0000000717c00000| PB 0x0000000717c00000| Untracked 
| 191|0x0000000717e00000, 0x0000000717e00000, 0x0000000718000000|  0%| F|  |TAMS 0x0000000717e00000| PB 0x0000000717e00000| Untracked 
| 192|0x0000000718000000, 0x0000000718200000, 0x0000000718200000|100%| O|  |TAMS 0x0000000718000000| PB 0x0000000718000000| Untracked 
| 193|0x0000000718200000, 0x0000000718200000, 0x0000000718400000|  0%| F|  |TAMS 0x0000000718200000| PB 0x0000000718200000| Untracked 
| 194|0x0000000718400000, 0x0000000718600000, 0x0000000718600000|100%| O|  |TAMS 0x0000000718400000| PB 0x0000000718400000| Untracked 
| 195|0x0000000718600000, 0x0000000718800000, 0x0000000718800000|100%| O|  |TAMS 0x0000000718600000| PB 0x0000000718600000| Untracked 
| 196|0x0000000718800000, 0x0000000718800000, 0x0000000718a00000|  0%| F|  |TAMS 0x0000000718800000| PB 0x0000000718800000| Untracked 
| 197|0x0000000718a00000, 0x0000000718c00000, 0x0000000718c00000|100%| O|  |TAMS 0x0000000718a00000| PB 0x0000000718a00000| Untracked 
| 198|0x0000000718c00000, 0x0000000718c00000, 0x0000000718e00000|  0%| F|  |TAMS 0x0000000718c00000| PB 0x0000000718c00000| Untracked 
| 199|0x0000000718e00000, 0x0000000719000000, 0x0000000719000000|100%| O|  |TAMS 0x0000000718e00000| PB 0x0000000718e00000| Untracked 
| 200|0x0000000719000000, 0x0000000719200000, 0x0000000719200000|100%| O|  |TAMS 0x0000000719000000| PB 0x0000000719000000| Untracked 
| 201|0x0000000719200000, 0x0000000719200000, 0x0000000719400000|  0%| F|  |TAMS 0x0000000719200000| PB 0x0000000719200000| Untracked 
| 202|0x0000000719400000, 0x0000000719400000, 0x0000000719600000|  0%| F|  |TAMS 0x0000000719400000| PB 0x0000000719400000| Untracked 
| 203|0x0000000719600000, 0x0000000719600000, 0x0000000719800000|  0%| F|  |TAMS 0x0000000719600000| PB 0x0000000719600000| Untracked 
| 204|0x0000000719800000, 0x0000000719800000, 0x0000000719a00000|  0%| F|  |TAMS 0x0000000719800000| PB 0x0000000719800000| Untracked 
| 205|0x0000000719a00000, 0x0000000719c00000, 0x0000000719c00000|100%| O|  |TAMS 0x0000000719a00000| PB 0x0000000719a00000| Untracked 
| 206|0x0000000719c00000, 0x0000000719e00000, 0x0000000719e00000|100%| O|  |TAMS 0x0000000719c00000| PB 0x0000000719c00000| Untracked 
| 207|0x0000000719e00000, 0x0000000719e00000, 0x000000071a000000|  0%| F|  |TAMS 0x0000000719e00000| PB 0x0000000719e00000| Untracked 
| 208|0x000000071a000000, 0x000000071a200000, 0x000000071a200000|100%| O|  |TAMS 0x000000071a000000| PB 0x000000071a000000| Untracked 
| 209|0x000000071a200000, 0x000000071a400000, 0x000000071a400000|100%| O|  |TAMS 0x000000071a200000| PB 0x000000071a200000| Untracked 
| 210|0x000000071a400000, 0x000000071a400000, 0x000000071a600000|  0%| F|  |TAMS 0x000000071a400000| PB 0x000000071a400000| Untracked 
| 211|0x000000071a600000, 0x000000071a600000, 0x000000071a800000|  0%| F|  |TAMS 0x000000071a600000| PB 0x000000071a600000| Untracked 
| 212|0x000000071a800000, 0x000000071a800000, 0x000000071aa00000|  0%| F|  |TAMS 0x000000071a800000| PB 0x000000071a800000| Untracked 
| 213|0x000000071aa00000, 0x000000071ac00000, 0x000000071ac00000|100%| O|  |TAMS 0x000000071aa00000| PB 0x000000071aa00000| Untracked 
| 214|0x000000071ac00000, 0x000000071ac00000, 0x000000071ae00000|  0%| F|  |TAMS 0x000000071ac00000| PB 0x000000071ac00000| Untracked 
| 215|0x000000071ae00000, 0x000000071ae00000, 0x000000071b000000|  0%| F|  |TAMS 0x000000071ae00000| PB 0x000000071ae00000| Untracked 
| 216|0x000000071b000000, 0x000000071b000000, 0x000000071b200000|  0%| F|  |TAMS 0x000000071b000000| PB 0x000000071b000000| Untracked 
| 217|0x000000071b200000, 0x000000071b200000, 0x000000071b400000|  0%| F|  |TAMS 0x000000071b200000| PB 0x000000071b200000| Untracked 
| 218|0x000000071b400000, 0x000000071b600000, 0x000000071b600000|100%| O|  |TAMS 0x000000071b400000| PB 0x000000071b400000| Untracked 
| 219|0x000000071b600000, 0x000000071b7ec610, 0x000000071b800000| 96%| S|CS|TAMS 0x000000071b600000| PB 0x000000071b600000| Complete 
| 220|0x000000071b800000, 0x000000071ba00000, 0x000000071ba00000|100%| O|  |TAMS 0x000000071b800000| PB 0x000000071b800000| Untracked 
| 221|0x000000071ba00000, 0x000000071bc00000, 0x000000071bc00000|100%| O|  |TAMS 0x000000071ba00000| PB 0x000000071ba00000| Untracked 
| 222|0x000000071bc00000, 0x000000071be00000, 0x000000071be00000|100%| O|  |TAMS 0x000000071bc00000| PB 0x000000071bc00000| Untracked 
| 223|0x000000071be00000, 0x000000071c000000, 0x000000071c000000|100%| O|  |TAMS 0x000000071be00000| PB 0x000000071be00000| Untracked 
| 224|0x000000071c000000, 0x000000071c200000, 0x000000071c200000|100%| S|CS|TAMS 0x000000071c000000| PB 0x000000071c000000| Complete 
| 225|0x000000071c200000, 0x000000071c400000, 0x000000071c400000|100%| S|CS|TAMS 0x000000071c200000| PB 0x000000071c200000| Complete 
| 226|0x000000071c400000, 0x000000071c600000, 0x000000071c600000|100%| S|CS|TAMS 0x000000071c400000| PB 0x000000071c400000| Complete 
| 227|0x000000071c600000, 0x000000071c800000, 0x000000071c800000|100%| O|  |TAMS 0x000000071c600000| PB 0x000000071c600000| Untracked 
| 228|0x000000071c800000, 0x000000071ca00000, 0x000000071ca00000|100%| S|CS|TAMS 0x000000071c800000| PB 0x000000071c800000| Complete 
| 229|0x000000071ca00000, 0x000000071cc00000, 0x000000071cc00000|100%| O|Cm|TAMS 0x000000071ca00000| PB 0x000000071ca00000| Complete 
| 230|0x000000071cc00000, 0x000000071ce00000, 0x000000071ce00000|100%| S|CS|TAMS 0x000000071cc00000| PB 0x000000071cc00000| Complete 
| 231|0x000000071ce00000, 0x000000071d000000, 0x000000071d000000|100%| S|CS|TAMS 0x000000071ce00000| PB 0x000000071ce00000| Complete 
| 232|0x000000071d000000, 0x000000071d200000, 0x000000071d200000|100%| O|  |TAMS 0x000000071d000000| PB 0x000000071d000000| Untracked 
| 233|0x000000071d200000, 0x000000071d400000, 0x000000071d400000|100%| S|CS|TAMS 0x000000071d200000| PB 0x000000071d200000| Complete 
| 234|0x000000071d400000, 0x000000071d600000, 0x000000071d600000|100%| S|CS|TAMS 0x000000071d400000| PB 0x000000071d400000| Complete 
| 235|0x000000071d600000, 0x000000071d800000, 0x000000071d800000|100%| S|CS|TAMS 0x000000071d600000| PB 0x000000071d600000| Complete 
| 236|0x000000071d800000, 0x000000071da00000, 0x000000071da00000|100%| S|CS|TAMS 0x000000071d800000| PB 0x000000071d800000| Complete 
| 237|0x000000071da00000, 0x000000071dc00000, 0x000000071dc00000|100%| S|CS|TAMS 0x000000071da00000| PB 0x000000071da00000| Complete 
| 238|0x000000071dc00000, 0x000000071de00000, 0x000000071de00000|100%| S|CS|TAMS 0x000000071dc00000| PB 0x000000071dc00000| Complete 
| 239|0x000000071de00000, 0x000000071e000000, 0x000000071e000000|100%| O|  |TAMS 0x000000071de00000| PB 0x000000071de00000| Untracked 
| 240|0x000000071e000000, 0x000000071e200000, 0x000000071e200000|100%| S|CS|TAMS 0x000000071e000000| PB 0x000000071e000000| Complete 
| 241|0x000000071e200000, 0x000000071e400000, 0x000000071e400000|100%| O|  |TAMS 0x000000071e200000| PB 0x000000071e200000| Untracked 
| 242|0x000000071e400000, 0x000000071e600000, 0x000000071e600000|100%| O|Cm|TAMS 0x000000071e400000| PB 0x000000071e400000| Complete 
| 243|0x000000071e600000, 0x000000071e800000, 0x000000071e800000|100%| S|CS|TAMS 0x000000071e600000| PB 0x000000071e600000| Complete 
| 244|0x000000071e800000, 0x000000071ea00000, 0x000000071ea00000|100%| S|CS|TAMS 0x000000071e800000| PB 0x000000071e800000| Complete 
| 245|0x000000071ea00000, 0x000000071ec00000, 0x000000071ec00000|100%| O|  |TAMS 0x000000071ea00000| PB 0x000000071ea00000| Untracked 
| 246|0x000000071ec00000, 0x000000071ee00000, 0x000000071ee00000|100%| O|Cm|TAMS 0x000000071ec00000| PB 0x000000071ec00000| Complete 
| 247|0x000000071ee00000, 0x000000071f000000, 0x000000071f000000|100%| O|Cm|TAMS 0x000000071ee00000| PB 0x000000071ee00000| Complete 
| 248|0x000000071f000000, 0x000000071f200000, 0x000000071f200000|100%| O|Cm|TAMS 0x000000071f000000| PB 0x000000071f000000| Complete 
| 249|0x000000071f200000, 0x000000071f400000, 0x000000071f400000|100%| S|CS|TAMS 0x000000071f200000| PB 0x000000071f200000| Complete 
| 250|0x000000071f400000, 0x000000071f600000, 0x000000071f600000|100%| O|  |TAMS 0x000000071f400000| PB 0x000000071f400000| Untracked 
| 251|0x000000071f600000, 0x000000071f800000, 0x000000071f800000|100%| O|Cm|TAMS 0x000000071f600000| PB 0x000000071f600000| Complete 
| 252|0x000000071f800000, 0x000000071fa00000, 0x000000071fa00000|100%| O|  |TAMS 0x000000071f800000| PB 0x000000071f800000| Untracked 
| 253|0x000000071fa00000, 0x000000071fc00000, 0x000000071fc00000|100%| O|  |TAMS 0x000000071fa00000| PB 0x000000071fa00000| Untracked 
| 254|0x000000071fc00000, 0x000000071fe00000, 0x000000071fe00000|100%| S|CS|TAMS 0x000000071fc00000| PB 0x000000071fc00000| Complete 
| 255|0x000000071fe00000, 0x0000000720000000, 0x0000000720000000|100%| O|  |TAMS 0x000000071fe00000| PB 0x000000071fe00000| Untracked 
| 256|0x0000000720000000, 0x0000000720200000, 0x0000000720200000|100%| O|Cm|TAMS 0x0000000720000000| PB 0x0000000720000000| Complete 
| 257|0x0000000720200000, 0x0000000720400000, 0x0000000720400000|100%| O|  |TAMS 0x0000000720200000| PB 0x0000000720200000| Untracked 
| 258|0x0000000720400000, 0x0000000720600000, 0x0000000720600000|100%| S|CS|TAMS 0x0000000720400000| PB 0x0000000720400000| Complete 
| 259|0x0000000720600000, 0x0000000720800000, 0x0000000720800000|100%| S|CS|TAMS 0x0000000720600000| PB 0x0000000720600000| Complete 
| 260|0x0000000720800000, 0x0000000720800000, 0x0000000720a00000|  0%| F|  |TAMS 0x0000000720800000| PB 0x0000000720800000| Untracked 
| 261|0x0000000720a00000, 0x0000000720a00000, 0x0000000720c00000|  0%| F|  |TAMS 0x0000000720a00000| PB 0x0000000720a00000| Untracked 
| 262|0x0000000720c00000, 0x0000000720c00000, 0x0000000720e00000|  0%| F|  |TAMS 0x0000000720c00000| PB 0x0000000720c00000| Untracked 
| 263|0x0000000720e00000, 0x0000000721000000, 0x0000000721000000|100%| O|  |TAMS 0x0000000720e00000| PB 0x0000000720e00000| Untracked 
| 264|0x0000000721000000, 0x0000000721200000, 0x0000000721200000|100%| O|  |TAMS 0x0000000721000000| PB 0x0000000721000000| Untracked 
| 265|0x0000000721200000, 0x0000000721400000, 0x0000000721400000|100%| O|Cm|TAMS 0x0000000721200000| PB 0x0000000721200000| Complete 
| 266|0x0000000721400000, 0x0000000721400000, 0x0000000721600000|  0%| F|  |TAMS 0x0000000721400000| PB 0x0000000721400000| Untracked 
| 267|0x0000000721600000, 0x0000000721800000, 0x0000000721800000|100%| O|  |TAMS 0x0000000721600000| PB 0x0000000721600000| Untracked 
| 268|0x0000000721800000, 0x0000000721800000, 0x0000000721a00000|  0%| F|  |TAMS 0x0000000721800000| PB 0x0000000721800000| Untracked 
| 269|0x0000000721a00000, 0x0000000721c00000, 0x0000000721c00000|100%| O|  |TAMS 0x0000000721a00000| PB 0x0000000721a00000| Untracked 
| 270|0x0000000721c00000, 0x0000000721c00000, 0x0000000721e00000|  0%| F|  |TAMS 0x0000000721c00000| PB 0x0000000721c00000| Untracked 
| 271|0x0000000721e00000, 0x0000000721e00000, 0x0000000722000000|  0%| F|  |TAMS 0x0000000721e00000| PB 0x0000000721e00000| Untracked 
| 272|0x0000000722000000, 0x0000000722200000, 0x0000000722200000|100%| O|  |TAMS 0x0000000722000000| PB 0x0000000722000000| Untracked 
| 273|0x0000000722200000, 0x0000000722400000, 0x0000000722400000|100%| O|  |TAMS 0x0000000722200000| PB 0x0000000722200000| Untracked 
| 274|0x0000000722400000, 0x0000000722600000, 0x0000000722600000|100%| O|  |TAMS 0x0000000722400000| PB 0x0000000722400000| Untracked 
| 275|0x0000000722600000, 0x0000000722600000, 0x0000000722800000|  0%| F|  |TAMS 0x0000000722600000| PB 0x0000000722600000| Untracked 
| 276|0x0000000722800000, 0x0000000722a00000, 0x0000000722a00000|100%| O|  |TAMS 0x0000000722800000| PB 0x0000000722800000| Untracked 
| 277|0x0000000722a00000, 0x0000000722c00000, 0x0000000722c00000|100%| O|  |TAMS 0x0000000722a00000| PB 0x0000000722a00000| Untracked 
| 278|0x0000000722c00000, 0x0000000722e00000, 0x0000000722e00000|100%| O|  |TAMS 0x0000000722c00000| PB 0x0000000722c00000| Untracked 
| 279|0x0000000722e00000, 0x0000000723000000, 0x0000000723000000|100%| O|  |TAMS 0x0000000722e00000| PB 0x0000000722e00000| Untracked 
| 280|0x0000000723000000, 0x0000000723200000, 0x0000000723200000|100%| O|  |TAMS 0x0000000723000000| PB 0x0000000723000000| Untracked 
| 281|0x0000000723200000, 0x0000000723400000, 0x0000000723400000|100%| O|  |TAMS 0x0000000723200000| PB 0x0000000723200000| Untracked 
| 282|0x0000000723400000, 0x0000000723600000, 0x0000000723600000|100%| O|  |TAMS 0x0000000723400000| PB 0x0000000723400000| Untracked 
| 283|0x0000000723600000, 0x0000000723600000, 0x0000000723800000|  0%| F|  |TAMS 0x0000000723600000| PB 0x0000000723600000| Untracked 
| 284|0x0000000723800000, 0x0000000723800000, 0x0000000723a00000|  0%| F|  |TAMS 0x0000000723800000| PB 0x0000000723800000| Untracked 
| 285|0x0000000723a00000, 0x0000000723a00000, 0x0000000723c00000|  0%| F|  |TAMS 0x0000000723a00000| PB 0x0000000723a00000| Untracked 
| 286|0x0000000723c00000, 0x0000000723c00000, 0x0000000723e00000|  0%| F|  |TAMS 0x0000000723c00000| PB 0x0000000723c00000| Untracked 
| 287|0x0000000723e00000, 0x0000000723e00000, 0x0000000724000000|  0%| F|  |TAMS 0x0000000723e00000| PB 0x0000000723e00000| Untracked 
| 288|0x0000000724000000, 0x0000000724200000, 0x0000000724200000|100%| O|  |TAMS 0x0000000724000000| PB 0x0000000724000000| Untracked 
| 289|0x0000000724200000, 0x0000000724400000, 0x0000000724400000|100%| S|CS|TAMS 0x0000000724200000| PB 0x0000000724200000| Complete 
| 290|0x0000000724400000, 0x0000000724600000, 0x0000000724600000|100%| O|  |TAMS 0x0000000724400000| PB 0x0000000724400000| Untracked 
| 291|0x0000000724600000, 0x0000000724800000, 0x0000000724800000|100%| O|  |TAMS 0x0000000724600000| PB 0x0000000724600000| Untracked 
| 292|0x0000000724800000, 0x0000000724a00000, 0x0000000724a00000|100%| O|  |TAMS 0x0000000724800000| PB 0x0000000724800000| Untracked 
| 293|0x0000000724a00000, 0x0000000724c00000, 0x0000000724c00000|100%| S|CS|TAMS 0x0000000724a00000| PB 0x0000000724a00000| Complete 
| 294|0x0000000724c00000, 0x0000000724e00000, 0x0000000724e00000|100%| O|  |TAMS 0x0000000724c00000| PB 0x0000000724c00000| Untracked 
| 295|0x0000000724e00000, 0x0000000725000000, 0x0000000725000000|100%| O|  |TAMS 0x0000000724e00000| PB 0x0000000724e00000| Untracked 
| 296|0x0000000725000000, 0x0000000725200000, 0x0000000725200000|100%| O|  |TAMS 0x0000000725000000| PB 0x0000000725000000| Untracked 
| 297|0x0000000725200000, 0x0000000725400000, 0x0000000725400000|100%| O|Cm|TAMS 0x0000000725200000| PB 0x0000000725200000| Complete 
| 298|0x0000000725400000, 0x0000000725600000, 0x0000000725600000|100%| O|  |TAMS 0x0000000725400000| PB 0x0000000725400000| Untracked 
| 299|0x0000000725600000, 0x0000000725800000, 0x0000000725800000|100%| O|  |TAMS 0x0000000725600000| PB 0x0000000725600000| Untracked 
| 300|0x0000000725800000, 0x0000000725a00000, 0x0000000725a00000|100%| O|  |TAMS 0x0000000725800000| PB 0x0000000725800000| Untracked 
| 301|0x0000000725a00000, 0x0000000725c00000, 0x0000000725c00000|100%| S|CS|TAMS 0x0000000725a00000| PB 0x0000000725a00000| Complete 
| 302|0x0000000725c00000, 0x0000000725e00000, 0x0000000725e00000|100%| O|  |TAMS 0x0000000725c00000| PB 0x0000000725c00000| Untracked 
| 303|0x0000000725e00000, 0x0000000726000000, 0x0000000726000000|100%| S|CS|TAMS 0x0000000725e00000| PB 0x0000000725e00000| Complete 
| 304|0x0000000726000000, 0x0000000726200000, 0x0000000726200000|100%| O|  |TAMS 0x0000000726000000| PB 0x0000000726000000| Untracked 
| 305|0x0000000726200000, 0x0000000726400000, 0x0000000726400000|100%| O|  |TAMS 0x0000000726200000| PB 0x0000000726200000| Untracked 
| 306|0x0000000726400000, 0x0000000726600000, 0x0000000726600000|100%| S|CS|TAMS 0x0000000726400000| PB 0x0000000726400000| Complete 
| 307|0x0000000726600000, 0x0000000726800000, 0x0000000726800000|100%| O|  |TAMS 0x0000000726600000| PB 0x0000000726600000| Untracked 
| 308|0x0000000726800000, 0x0000000726a00000, 0x0000000726a00000|100%| S|CS|TAMS 0x0000000726800000| PB 0x0000000726800000| Complete 
| 309|0x0000000726a00000, 0x0000000726c00000, 0x0000000726c00000|100%| S|CS|TAMS 0x0000000726a00000| PB 0x0000000726a00000| Complete 
| 310|0x0000000726c00000, 0x0000000726e00000, 0x0000000726e00000|100%| S|CS|TAMS 0x0000000726c00000| PB 0x0000000726c00000| Complete 
| 311|0x0000000726e00000, 0x0000000727000000, 0x0000000727000000|100%| O|  |TAMS 0x0000000726e00000| PB 0x0000000726e00000| Untracked 
| 312|0x0000000727000000, 0x0000000727200000, 0x0000000727200000|100%| O|  |TAMS 0x0000000727000000| PB 0x0000000727000000| Untracked 
| 313|0x0000000727200000, 0x0000000727400000, 0x0000000727400000|100%| O|  |TAMS 0x0000000727200000| PB 0x0000000727200000| Untracked 
| 314|0x0000000727400000, 0x0000000727600000, 0x0000000727600000|100%| O|  |TAMS 0x0000000727400000| PB 0x0000000727400000| Untracked 
| 315|0x0000000727600000, 0x0000000727800000, 0x0000000727800000|100%| S|CS|TAMS 0x0000000727600000| PB 0x0000000727600000| Complete 
| 316|0x0000000727800000, 0x0000000727a00000, 0x0000000727a00000|100%| S|CS|TAMS 0x0000000727800000| PB 0x0000000727800000| Complete 
| 317|0x0000000727a00000, 0x0000000727c00000, 0x0000000727c00000|100%| O|  |TAMS 0x0000000727a00000| PB 0x0000000727a00000| Untracked 
| 318|0x0000000727c00000, 0x0000000727e00000, 0x0000000727e00000|100%| O|  |TAMS 0x0000000727c00000| PB 0x0000000727c00000| Untracked 
| 319|0x0000000727e00000, 0x0000000728000000, 0x0000000728000000|100%| O|Cm|TAMS 0x0000000727e00000| PB 0x0000000727e00000| Complete 
| 320|0x0000000728000000, 0x0000000728200000, 0x0000000728200000|100%| O|  |TAMS 0x0000000728000000| PB 0x0000000728000000| Untracked 
| 321|0x0000000728200000, 0x0000000728400000, 0x0000000728400000|100%| O|  |TAMS 0x0000000728200000| PB 0x0000000728200000| Untracked 
| 322|0x0000000728400000, 0x0000000728600000, 0x0000000728600000|100%| S|CS|TAMS 0x0000000728400000| PB 0x0000000728400000| Complete 
| 323|0x0000000728600000, 0x0000000728800000, 0x0000000728800000|100%| S|CS|TAMS 0x0000000728600000| PB 0x0000000728600000| Complete 
| 324|0x0000000728800000, 0x0000000728a00000, 0x0000000728a00000|100%| O|  |TAMS 0x0000000728800000| PB 0x0000000728800000| Untracked 
| 325|0x0000000728a00000, 0x0000000728c00000, 0x0000000728c00000|100%| O|  |TAMS 0x0000000728a00000| PB 0x0000000728a00000| Untracked 
| 326|0x0000000728c00000, 0x0000000728e00000, 0x0000000728e00000|100%| O|  |TAMS 0x0000000728c00000| PB 0x0000000728c00000| Untracked 
| 327|0x0000000728e00000, 0x0000000729000000, 0x0000000729000000|100%| O|  |TAMS 0x0000000728e00000| PB 0x0000000728e00000| Untracked 
| 328|0x0000000729000000, 0x0000000729200000, 0x0000000729200000|100%| O|  |TAMS 0x0000000729000000| PB 0x0000000729000000| Untracked 
| 329|0x0000000729200000, 0x0000000729400000, 0x0000000729400000|100%| O|  |TAMS 0x0000000729200000| PB 0x0000000729200000| Untracked 
| 330|0x0000000729400000, 0x0000000729600000, 0x0000000729600000|100%| O|  |TAMS 0x0000000729400000| PB 0x0000000729400000| Untracked 
| 331|0x0000000729600000, 0x0000000729800000, 0x0000000729800000|100%| O|  |TAMS 0x0000000729600000| PB 0x0000000729600000| Untracked 
| 332|0x0000000729800000, 0x0000000729a00000, 0x0000000729a00000|100%| O|  |TAMS 0x0000000729800000| PB 0x0000000729800000| Untracked 
| 333|0x0000000729a00000, 0x0000000729c00000, 0x0000000729c00000|100%| O|  |TAMS 0x0000000729a00000| PB 0x0000000729a00000| Untracked 
| 334|0x0000000729c00000, 0x0000000729e00000, 0x0000000729e00000|100%| O|Cm|TAMS 0x0000000729c00000| PB 0x0000000729c00000| Complete 
| 335|0x0000000729e00000, 0x000000072a000000, 0x000000072a000000|100%| O|  |TAMS 0x0000000729e00000| PB 0x0000000729e00000| Untracked 
| 336|0x000000072a000000, 0x000000072a200000, 0x000000072a200000|100%| O|  |TAMS 0x000000072a000000| PB 0x000000072a000000| Untracked 
| 337|0x000000072a200000, 0x000000072a400000, 0x000000072a400000|100%| O|  |TAMS 0x000000072a200000| PB 0x000000072a200000| Untracked 
| 338|0x000000072a400000, 0x000000072a600000, 0x000000072a600000|100%| O|  |TAMS 0x000000072a400000| PB 0x000000072a400000| Untracked 
| 339|0x000000072a600000, 0x000000072a800000, 0x000000072a800000|100%| O|  |TAMS 0x000000072a600000| PB 0x000000072a600000| Untracked 
| 340|0x000000072a800000, 0x000000072aa00000, 0x000000072aa00000|100%| S|CS|TAMS 0x000000072a800000| PB 0x000000072a800000| Complete 
| 341|0x000000072aa00000, 0x000000072ac00000, 0x000000072ac00000|100%| O|Cm|TAMS 0x000000072aa00000| PB 0x000000072aa00000| Complete 
| 342|0x000000072ac00000, 0x000000072ae00000, 0x000000072ae00000|100%| O|  |TAMS 0x000000072ac00000| PB 0x000000072ac00000| Untracked 
| 343|0x000000072ae00000, 0x000000072b000000, 0x000000072b000000|100%| S|CS|TAMS 0x000000072ae00000| PB 0x000000072ae00000| Complete 
| 344|0x000000072b000000, 0x000000072b200000, 0x000000072b200000|100%| S|CS|TAMS 0x000000072b000000| PB 0x000000072b000000| Complete 
| 345|0x000000072b200000, 0x000000072b400000, 0x000000072b400000|100%| O|  |TAMS 0x000000072b200000| PB 0x000000072b200000| Untracked 
| 346|0x000000072b400000, 0x000000072b600000, 0x000000072b600000|100%| S|CS|TAMS 0x000000072b400000| PB 0x000000072b400000| Complete 
| 347|0x000000072b600000, 0x000000072b600000, 0x000000072b800000|  0%| F|  |TAMS 0x000000072b600000| PB 0x000000072b600000| Untracked 
| 348|0x000000072b800000, 0x000000072b800000, 0x000000072ba00000|  0%| F|  |TAMS 0x000000072b800000| PB 0x000000072b800000| Untracked 
| 349|0x000000072ba00000, 0x000000072bc00000, 0x000000072bc00000|100%| O|  |TAMS 0x000000072ba00000| PB 0x000000072ba00000| Untracked 
| 350|0x000000072bc00000, 0x000000072bc00000, 0x000000072be00000|  0%| F|  |TAMS 0x000000072bc00000| PB 0x000000072bc00000| Untracked 
| 351|0x000000072be00000, 0x000000072c000000, 0x000000072c000000|100%| O|  |TAMS 0x000000072be00000| PB 0x000000072be00000| Untracked 
| 352|0x000000072c000000, 0x000000072c200000, 0x000000072c200000|100%| O|  |TAMS 0x000000072c000000| PB 0x000000072c000000| Untracked 
| 353|0x000000072c200000, 0x000000072c200000, 0x000000072c400000|  0%| F|  |TAMS 0x000000072c200000| PB 0x000000072c200000| Untracked 
| 354|0x000000072c400000, 0x000000072c600000, 0x000000072c600000|100%| O|  |TAMS 0x000000072c400000| PB 0x000000072c400000| Untracked 
| 355|0x000000072c600000, 0x000000072c800000, 0x000000072c800000|100%| O|  |TAMS 0x000000072c600000| PB 0x000000072c600000| Untracked 
| 356|0x000000072c800000, 0x000000072ca00000, 0x000000072ca00000|100%| O|  |TAMS 0x000000072c800000| PB 0x000000072c800000| Untracked 
| 357|0x000000072ca00000, 0x000000072ca00000, 0x000000072cc00000|  0%| F|  |TAMS 0x000000072ca00000| PB 0x000000072ca00000| Untracked 
| 358|0x000000072cc00000, 0x000000072ce00000, 0x000000072ce00000|100%| O|  |TAMS 0x000000072cc00000| PB 0x000000072cc00000| Untracked 
| 359|0x000000072ce00000, 0x000000072d000000, 0x000000072d000000|100%| O|  |TAMS 0x000000072ce00000| PB 0x000000072ce00000| Untracked 
| 360|0x000000072d000000, 0x000000072d000000, 0x000000072d200000|  0%| F|  |TAMS 0x000000072d000000| PB 0x000000072d000000| Untracked 
| 361|0x000000072d200000, 0x000000072d200000, 0x000000072d400000|  0%| F|  |TAMS 0x000000072d200000| PB 0x000000072d200000| Untracked 
| 362|0x000000072d400000, 0x000000072d400000, 0x000000072d600000|  0%| F|  |TAMS 0x000000072d400000| PB 0x000000072d400000| Untracked 
| 363|0x000000072d600000, 0x000000072d600000, 0x000000072d800000|  0%| F|  |TAMS 0x000000072d600000| PB 0x000000072d600000| Untracked 
| 364|0x000000072d800000, 0x000000072da00000, 0x000000072da00000|100%| O|Cm|TAMS 0x000000072d800000| PB 0x000000072d800000| Complete 
| 365|0x000000072da00000, 0x000000072da00000, 0x000000072dc00000|  0%| F|  |TAMS 0x000000072da00000| PB 0x000000072da00000| Untracked 
| 366|0x000000072dc00000, 0x000000072de00000, 0x000000072de00000|100%| O|  |TAMS 0x000000072dc00000| PB 0x000000072dc00000| Untracked 
| 367|0x000000072de00000, 0x000000072e000000, 0x000000072e000000|100%| O|  |TAMS 0x000000072de00000| PB 0x000000072de00000| Untracked 
| 368|0x000000072e000000, 0x000000072e000000, 0x000000072e200000|  0%| F|  |TAMS 0x000000072e000000| PB 0x000000072e000000| Untracked 
| 369|0x000000072e200000, 0x000000072e400000, 0x000000072e400000|100%| O|  |TAMS 0x000000072e200000| PB 0x000000072e200000| Untracked 
| 370|0x000000072e400000, 0x000000072e400000, 0x000000072e600000|  0%| F|  |TAMS 0x000000072e400000| PB 0x000000072e400000| Untracked 
| 371|0x000000072e600000, 0x000000072e800000, 0x000000072e800000|100%| O|  |TAMS 0x000000072e600000| PB 0x000000072e600000| Untracked 
| 372|0x000000072e800000, 0x000000072ea00000, 0x000000072ea00000|100%| O|  |TAMS 0x000000072e800000| PB 0x000000072e800000| Untracked 
| 373|0x000000072ea00000, 0x000000072ec00000, 0x000000072ec00000|100%| O|  |TAMS 0x000000072ea00000| PB 0x000000072ea00000| Untracked 
| 374|0x000000072ec00000, 0x000000072ee00000, 0x000000072ee00000|100%| O|  |TAMS 0x000000072ec00000| PB 0x000000072ec00000| Untracked 
| 375|0x000000072ee00000, 0x000000072f000000, 0x000000072f000000|100%| O|  |TAMS 0x000000072ee00000| PB 0x000000072ee00000| Untracked 
| 376|0x000000072f000000, 0x000000072f000000, 0x000000072f200000|  0%| F|  |TAMS 0x000000072f000000| PB 0x000000072f000000| Untracked 
| 377|0x000000072f200000, 0x000000072f200000, 0x000000072f400000|  0%| F|  |TAMS 0x000000072f200000| PB 0x000000072f200000| Untracked 
| 378|0x000000072f400000, 0x000000072f600000, 0x000000072f600000|100%| O|  |TAMS 0x000000072f400000| PB 0x000000072f400000| Untracked 
| 379|0x000000072f600000, 0x000000072f600000, 0x000000072f800000|  0%| F|  |TAMS 0x000000072f600000| PB 0x000000072f600000| Untracked 
| 380|0x000000072f800000, 0x000000072fa00000, 0x000000072fa00000|100%| O|Cm|TAMS 0x000000072f800000| PB 0x000000072f800000| Complete 
| 381|0x000000072fa00000, 0x000000072fa00000, 0x000000072fc00000|  0%| F|  |TAMS 0x000000072fa00000| PB 0x000000072fa00000| Untracked 
| 382|0x000000072fc00000, 0x000000072fe00000, 0x000000072fe00000|100%| O|  |TAMS 0x000000072fc00000| PB 0x000000072fc00000| Untracked 
| 383|0x000000072fe00000, 0x0000000730000000, 0x0000000730000000|100%| O|  |TAMS 0x000000072fe00000| PB 0x000000072fe00000| Untracked 
| 384|0x0000000730000000, 0x0000000730000000, 0x0000000730200000|  0%| F|  |TAMS 0x0000000730000000| PB 0x0000000730000000| Untracked 
| 385|0x0000000730200000, 0x0000000730200000, 0x0000000730400000|  0%| F|  |TAMS 0x0000000730200000| PB 0x0000000730200000| Untracked 
| 386|0x0000000730400000, 0x0000000730400000, 0x0000000730600000|  0%| F|  |TAMS 0x0000000730400000| PB 0x0000000730400000| Untracked 
| 387|0x0000000730600000, 0x0000000730600000, 0x0000000730800000|  0%| F|  |TAMS 0x0000000730600000| PB 0x0000000730600000| Untracked 
| 388|0x0000000730800000, 0x0000000730800000, 0x0000000730a00000|  0%| F|  |TAMS 0x0000000730800000| PB 0x0000000730800000| Untracked 
| 389|0x0000000730a00000, 0x0000000730a00000, 0x0000000730c00000|  0%| F|  |TAMS 0x0000000730a00000| PB 0x0000000730a00000| Untracked 
| 390|0x0000000730c00000, 0x0000000730c00000, 0x0000000730e00000|  0%| F|  |TAMS 0x0000000730c00000| PB 0x0000000730c00000| Untracked 
| 391|0x0000000730e00000, 0x0000000730e00000, 0x0000000731000000|  0%| F|  |TAMS 0x0000000730e00000| PB 0x0000000730e00000| Untracked 
| 392|0x0000000731000000, 0x0000000731000000, 0x0000000731200000|  0%| F|  |TAMS 0x0000000731000000| PB 0x0000000731000000| Untracked 
| 393|0x0000000731200000, 0x0000000731200000, 0x0000000731400000|  0%| F|  |TAMS 0x0000000731200000| PB 0x0000000731200000| Untracked 
| 394|0x0000000731400000, 0x0000000731400000, 0x0000000731600000|  0%| F|  |TAMS 0x0000000731400000| PB 0x0000000731400000| Untracked 
| 395|0x0000000731600000, 0x0000000731600000, 0x0000000731800000|  0%| F|  |TAMS 0x0000000731600000| PB 0x0000000731600000| Untracked 
| 396|0x0000000731800000, 0x0000000731800000, 0x0000000731a00000|  0%| F|  |TAMS 0x0000000731800000| PB 0x0000000731800000| Untracked 
| 397|0x0000000731a00000, 0x0000000731a00000, 0x0000000731c00000|  0%| F|  |TAMS 0x0000000731a00000| PB 0x0000000731a00000| Untracked 
| 398|0x0000000731c00000, 0x0000000731c00000, 0x0000000731e00000|  0%| F|  |TAMS 0x0000000731c00000| PB 0x0000000731c00000| Untracked 
| 399|0x0000000731e00000, 0x0000000731e00000, 0x0000000732000000|  0%| F|  |TAMS 0x0000000731e00000| PB 0x0000000731e00000| Untracked 
| 400|0x0000000732000000, 0x0000000732000000, 0x0000000732200000|  0%| F|  |TAMS 0x0000000732000000| PB 0x0000000732000000| Untracked 
| 401|0x0000000732200000, 0x0000000732200000, 0x0000000732400000|  0%| F|  |TAMS 0x0000000732200000| PB 0x0000000732200000| Untracked 
| 402|0x0000000732400000, 0x0000000732400000, 0x0000000732600000|  0%| F|  |TAMS 0x0000000732400000| PB 0x0000000732400000| Untracked 
| 403|0x0000000732600000, 0x0000000732600000, 0x0000000732800000|  0%| F|  |TAMS 0x0000000732600000| PB 0x0000000732600000| Untracked 
| 404|0x0000000732800000, 0x0000000732800000, 0x0000000732a00000|  0%| F|  |TAMS 0x0000000732800000| PB 0x0000000732800000| Untracked 
| 405|0x0000000732a00000, 0x0000000732a00000, 0x0000000732c00000|  0%| F|  |TAMS 0x0000000732a00000| PB 0x0000000732a00000| Untracked 
| 406|0x0000000732c00000, 0x0000000732c00000, 0x0000000732e00000|  0%| F|  |TAMS 0x0000000732c00000| PB 0x0000000732c00000| Untracked 
| 407|0x0000000732e00000, 0x0000000732e00000, 0x0000000733000000|  0%| F|  |TAMS 0x0000000732e00000| PB 0x0000000732e00000| Untracked 
| 408|0x0000000733000000, 0x0000000733000000, 0x0000000733200000|  0%| F|  |TAMS 0x0000000733000000| PB 0x0000000733000000| Untracked 
| 409|0x0000000733200000, 0x0000000733200000, 0x0000000733400000|  0%| F|  |TAMS 0x0000000733200000| PB 0x0000000733200000| Untracked 
| 410|0x0000000733400000, 0x0000000733400000, 0x0000000733600000|  0%| F|  |TAMS 0x0000000733400000| PB 0x0000000733400000| Untracked 
| 411|0x0000000733600000, 0x0000000733600000, 0x0000000733800000|  0%| F|  |TAMS 0x0000000733600000| PB 0x0000000733600000| Untracked 
| 412|0x0000000733800000, 0x0000000733a00000, 0x0000000733a00000|100%| O|  |TAMS 0x0000000733800000| PB 0x0000000733800000| Untracked 
| 413|0x0000000733a00000, 0x0000000733a00000, 0x0000000733c00000|  0%| F|  |TAMS 0x0000000733a00000| PB 0x0000000733a00000| Untracked 
| 414|0x0000000733c00000, 0x0000000733c00000, 0x0000000733e00000|  0%| F|  |TAMS 0x0000000733c00000| PB 0x0000000733c00000| Untracked 
| 415|0x0000000733e00000, 0x0000000734000000, 0x0000000734000000|100%| O|  |TAMS 0x0000000733e00000| PB 0x0000000733e00000| Untracked 
| 416|0x0000000734000000, 0x0000000734200000, 0x0000000734200000|100%| O|  |TAMS 0x0000000734000000| PB 0x0000000734000000| Untracked 
| 417|0x0000000734200000, 0x0000000734400000, 0x0000000734400000|100%| O|  |TAMS 0x0000000734200000| PB 0x0000000734200000| Untracked 
| 418|0x0000000734400000, 0x0000000734600000, 0x0000000734600000|100%| O|  |TAMS 0x0000000734400000| PB 0x0000000734400000| Untracked 
| 419|0x0000000734600000, 0x0000000734600000, 0x0000000734800000|  0%| F|  |TAMS 0x0000000734600000| PB 0x0000000734600000| Untracked 
| 420|0x0000000734800000, 0x0000000734a00000, 0x0000000734a00000|100%| O|  |TAMS 0x0000000734800000| PB 0x0000000734800000| Untracked 
| 421|0x0000000734a00000, 0x0000000734a00000, 0x0000000734c00000|  0%| F|  |TAMS 0x0000000734a00000| PB 0x0000000734a00000| Untracked 
| 422|0x0000000734c00000, 0x0000000734c00000, 0x0000000734e00000|  0%| F|  |TAMS 0x0000000734c00000| PB 0x0000000734c00000| Untracked 
| 423|0x0000000734e00000, 0x0000000734e00000, 0x0000000735000000|  0%| F|  |TAMS 0x0000000734e00000| PB 0x0000000734e00000| Untracked 
| 424|0x0000000735000000, 0x0000000735200000, 0x0000000735200000|100%| O|  |TAMS 0x0000000735000000| PB 0x0000000735000000| Untracked 
| 425|0x0000000735200000, 0x0000000735400000, 0x0000000735400000|100%| O|  |TAMS 0x0000000735200000| PB 0x0000000735200000| Untracked 
| 426|0x0000000735400000, 0x0000000735400000, 0x0000000735600000|  0%| F|  |TAMS 0x0000000735400000| PB 0x0000000735400000| Untracked 
| 427|0x0000000735600000, 0x0000000735600000, 0x0000000735800000|  0%| F|  |TAMS 0x0000000735600000| PB 0x0000000735600000| Untracked 
| 428|0x0000000735800000, 0x0000000735800000, 0x0000000735a00000|  0%| F|  |TAMS 0x0000000735800000| PB 0x0000000735800000| Untracked 
| 429|0x0000000735a00000, 0x0000000735a00000, 0x0000000735c00000|  0%| F|  |TAMS 0x0000000735a00000| PB 0x0000000735a00000| Untracked 
| 430|0x0000000735c00000, 0x0000000735c00000, 0x0000000735e00000|  0%| F|  |TAMS 0x0000000735c00000| PB 0x0000000735c00000| Untracked 
| 431|0x0000000735e00000, 0x0000000736000000, 0x0000000736000000|100%| O|  |TAMS 0x0000000735e00000| PB 0x0000000735e00000| Untracked 
| 432|0x0000000736000000, 0x0000000736200000, 0x0000000736200000|100%| O|  |TAMS 0x0000000736000000| PB 0x0000000736000000| Untracked 
| 433|0x0000000736200000, 0x0000000736400000, 0x0000000736400000|100%| O|  |TAMS 0x0000000736200000| PB 0x0000000736200000| Untracked 
| 434|0x0000000736400000, 0x0000000736600000, 0x0000000736600000|100%| O|  |TAMS 0x0000000736400000| PB 0x0000000736400000| Untracked 
| 435|0x0000000736600000, 0x0000000736800000, 0x0000000736800000|100%| O|  |TAMS 0x0000000736600000| PB 0x0000000736600000| Untracked 
| 436|0x0000000736800000, 0x0000000736a00000, 0x0000000736a00000|100%| O|  |TAMS 0x0000000736800000| PB 0x0000000736800000| Untracked 
| 437|0x0000000736a00000, 0x0000000736a00000, 0x0000000736c00000|  0%| F|  |TAMS 0x0000000736a00000| PB 0x0000000736a00000| Untracked 
| 438|0x0000000736c00000, 0x0000000736e00000, 0x0000000736e00000|100%| O|  |TAMS 0x0000000736c00000| PB 0x0000000736c00000| Untracked 
| 439|0x0000000736e00000, 0x0000000737000000, 0x0000000737000000|100%| O|  |TAMS 0x0000000736e00000| PB 0x0000000736e00000| Untracked 
| 440|0x0000000737000000, 0x0000000737200000, 0x0000000737200000|100%| O|  |TAMS 0x0000000737000000| PB 0x0000000737000000| Untracked 
| 441|0x0000000737200000, 0x0000000737400000, 0x0000000737400000|100%| O|  |TAMS 0x0000000737200000| PB 0x0000000737200000| Untracked 
| 442|0x0000000737400000, 0x0000000737600000, 0x0000000737600000|100%| O|  |TAMS 0x0000000737400000| PB 0x0000000737400000| Untracked 
| 443|0x0000000737600000, 0x0000000737800000, 0x0000000737800000|100%| O|  |TAMS 0x0000000737600000| PB 0x0000000737600000| Untracked 
| 444|0x0000000737800000, 0x0000000737a00000, 0x0000000737a00000|100%| O|  |TAMS 0x0000000737800000| PB 0x0000000737800000| Untracked 
| 445|0x0000000737a00000, 0x0000000737c00000, 0x0000000737c00000|100%| O|  |TAMS 0x0000000737a00000| PB 0x0000000737a00000| Untracked 
| 446|0x0000000737c00000, 0x0000000737e00000, 0x0000000737e00000|100%| O|  |TAMS 0x0000000737c00000| PB 0x0000000737c00000| Untracked 
| 447|0x0000000737e00000, 0x0000000738000000, 0x0000000738000000|100%| O|  |TAMS 0x0000000737e00000| PB 0x0000000737e00000| Untracked 
| 448|0x0000000738000000, 0x0000000738200000, 0x0000000738200000|100%| O|  |TAMS 0x0000000738000000| PB 0x0000000738000000| Untracked 
| 449|0x0000000738200000, 0x0000000738400000, 0x0000000738400000|100%| O|  |TAMS 0x0000000738200000| PB 0x0000000738200000| Untracked 
| 450|0x0000000738400000, 0x0000000738600000, 0x0000000738600000|100%| O|  |TAMS 0x0000000738400000| PB 0x0000000738400000| Untracked 
| 451|0x0000000738600000, 0x0000000738800000, 0x0000000738800000|100%| O|  |TAMS 0x0000000738600000| PB 0x0000000738600000| Untracked 
| 452|0x0000000738800000, 0x0000000738a00000, 0x0000000738a00000|100%| O|  |TAMS 0x0000000738800000| PB 0x0000000738800000| Untracked 
| 453|0x0000000738a00000, 0x0000000738c00000, 0x0000000738c00000|100%| O|  |TAMS 0x0000000738a00000| PB 0x0000000738a00000| Untracked 
| 454|0x0000000738c00000, 0x0000000738e00000, 0x0000000738e00000|100%| O|  |TAMS 0x0000000738c00000| PB 0x0000000738c00000| Untracked 
| 455|0x0000000738e00000, 0x0000000739000000, 0x0000000739000000|100%| O|  |TAMS 0x0000000738e00000| PB 0x0000000738e00000| Untracked 
| 456|0x0000000739000000, 0x0000000739200000, 0x0000000739200000|100%| O|  |TAMS 0x0000000739000000| PB 0x0000000739000000| Untracked 
| 457|0x0000000739200000, 0x0000000739400000, 0x0000000739400000|100%| O|  |TAMS 0x0000000739200000| PB 0x0000000739200000| Untracked 
| 458|0x0000000739400000, 0x0000000739600000, 0x0000000739600000|100%| O|  |TAMS 0x0000000739400000| PB 0x0000000739400000| Untracked 
| 459|0x0000000739600000, 0x0000000739800000, 0x0000000739800000|100%| O|  |TAMS 0x0000000739600000| PB 0x0000000739600000| Untracked 
| 460|0x0000000739800000, 0x0000000739a00000, 0x0000000739a00000|100%| O|  |TAMS 0x0000000739800000| PB 0x0000000739800000| Untracked 
| 461|0x0000000739a00000, 0x0000000739a00000, 0x0000000739c00000|  0%| F|  |TAMS 0x0000000739a00000| PB 0x0000000739a00000| Untracked 
| 462|0x0000000739c00000, 0x0000000739e00000, 0x0000000739e00000|100%| O|  |TAMS 0x0000000739c00000| PB 0x0000000739c00000| Untracked 
| 463|0x0000000739e00000, 0x000000073a000000, 0x000000073a000000|100%| O|  |TAMS 0x0000000739e00000| PB 0x0000000739e00000| Untracked 
| 464|0x000000073a000000, 0x000000073a200000, 0x000000073a200000|100%| O|  |TAMS 0x000000073a000000| PB 0x000000073a000000| Untracked 
| 465|0x000000073a200000, 0x000000073a400000, 0x000000073a400000|100%| O|  |TAMS 0x000000073a200000| PB 0x000000073a200000| Untracked 
| 466|0x000000073a400000, 0x000000073a600000, 0x000000073a600000|100%| O|  |TAMS 0x000000073a400000| PB 0x000000073a400000| Untracked 
| 467|0x000000073a600000, 0x000000073a800000, 0x000000073a800000|100%| O|  |TAMS 0x000000073a600000| PB 0x000000073a600000| Untracked 
| 468|0x000000073a800000, 0x000000073aa00000, 0x000000073aa00000|100%| O|  |TAMS 0x000000073a800000| PB 0x000000073a800000| Untracked 
| 469|0x000000073aa00000, 0x000000073ac00000, 0x000000073ac00000|100%| O|  |TAMS 0x000000073aa00000| PB 0x000000073aa00000| Untracked 
| 470|0x000000073ac00000, 0x000000073ae00000, 0x000000073ae00000|100%| O|  |TAMS 0x000000073ac00000| PB 0x000000073ac00000| Untracked 
| 471|0x000000073ae00000, 0x000000073b000000, 0x000000073b000000|100%| O|  |TAMS 0x000000073ae00000| PB 0x000000073ae00000| Untracked 
| 472|0x000000073b000000, 0x000000073b200000, 0x000000073b200000|100%| O|  |TAMS 0x000000073b000000| PB 0x000000073b000000| Untracked 
| 473|0x000000073b200000, 0x000000073b400000, 0x000000073b400000|100%| O|  |TAMS 0x000000073b200000| PB 0x000000073b200000| Untracked 
| 474|0x000000073b400000, 0x000000073b600000, 0x000000073b600000|100%| O|  |TAMS 0x000000073b400000| PB 0x000000073b400000| Untracked 
| 475|0x000000073b600000, 0x000000073b800000, 0x000000073b800000|100%| O|  |TAMS 0x000000073b600000| PB 0x000000073b600000| Untracked 
| 476|0x000000073b800000, 0x000000073ba00000, 0x000000073ba00000|100%| O|  |TAMS 0x000000073b800000| PB 0x000000073b800000| Untracked 
| 477|0x000000073ba00000, 0x000000073bc00000, 0x000000073bc00000|100%| O|  |TAMS 0x000000073ba00000| PB 0x000000073ba00000| Untracked 
| 478|0x000000073bc00000, 0x000000073be00000, 0x000000073be00000|100%| O|  |TAMS 0x000000073bc00000| PB 0x000000073bc00000| Untracked 
| 479|0x000000073be00000, 0x000000073c000000, 0x000000073c000000|100%| O|  |TAMS 0x000000073be00000| PB 0x000000073be00000| Untracked 
| 480|0x000000073c000000, 0x000000073c200000, 0x000000073c200000|100%| O|  |TAMS 0x000000073c000000| PB 0x000000073c000000| Untracked 
| 481|0x000000073c200000, 0x000000073c200000, 0x000000073c400000|  0%| F|  |TAMS 0x000000073c200000| PB 0x000000073c200000| Untracked 
| 482|0x000000073c400000, 0x000000073c400000, 0x000000073c600000|  0%| F|  |TAMS 0x000000073c400000| PB 0x000000073c400000| Untracked 
| 483|0x000000073c600000, 0x000000073c600000, 0x000000073c800000|  0%| F|  |TAMS 0x000000073c600000| PB 0x000000073c600000| Untracked 
| 484|0x000000073c800000, 0x000000073c800000, 0x000000073ca00000|  0%| F|  |TAMS 0x000000073c800000| PB 0x000000073c800000| Untracked 
| 485|0x000000073ca00000, 0x000000073ca00000, 0x000000073cc00000|  0%| F|  |TAMS 0x000000073ca00000| PB 0x000000073ca00000| Untracked 
| 486|0x000000073cc00000, 0x000000073cc00000, 0x000000073ce00000|  0%| F|  |TAMS 0x000000073cc00000| PB 0x000000073cc00000| Untracked 
| 487|0x000000073ce00000, 0x000000073ce00000, 0x000000073d000000|  0%| F|  |TAMS 0x000000073ce00000| PB 0x000000073ce00000| Untracked 
| 488|0x000000073d000000, 0x000000073d000000, 0x000000073d200000|  0%| F|  |TAMS 0x000000073d000000| PB 0x000000073d000000| Untracked 
| 489|0x000000073d200000, 0x000000073d200000, 0x000000073d400000|  0%| F|  |TAMS 0x000000073d200000| PB 0x000000073d200000| Untracked 
| 490|0x000000073d400000, 0x000000073d400000, 0x000000073d600000|  0%| F|  |TAMS 0x000000073d400000| PB 0x000000073d400000| Untracked 
| 491|0x000000073d600000, 0x000000073d600000, 0x000000073d800000|  0%| F|  |TAMS 0x000000073d600000| PB 0x000000073d600000| Untracked 
| 492|0x000000073d800000, 0x000000073d800000, 0x000000073da00000|  0%| F|  |TAMS 0x000000073d800000| PB 0x000000073d800000| Untracked 
| 493|0x000000073da00000, 0x000000073da00000, 0x000000073dc00000|  0%| F|  |TAMS 0x000000073da00000| PB 0x000000073da00000| Untracked 
| 494|0x000000073dc00000, 0x000000073dc00000, 0x000000073de00000|  0%| F|  |TAMS 0x000000073dc00000| PB 0x000000073dc00000| Untracked 
| 495|0x000000073de00000, 0x000000073de00000, 0x000000073e000000|  0%| F|  |TAMS 0x000000073de00000| PB 0x000000073de00000| Untracked 
| 496|0x000000073e000000, 0x000000073e000000, 0x000000073e200000|  0%| F|  |TAMS 0x000000073e000000| PB 0x000000073e000000| Untracked 
| 497|0x000000073e200000, 0x000000073e200000, 0x000000073e400000|  0%| F|  |TAMS 0x000000073e200000| PB 0x000000073e200000| Untracked 
| 498|0x000000073e400000, 0x000000073e400000, 0x000000073e600000|  0%| F|  |TAMS 0x000000073e400000| PB 0x000000073e400000| Untracked 
| 499|0x000000073e600000, 0x000000073e600000, 0x000000073e800000|  0%| F|  |TAMS 0x000000073e600000| PB 0x000000073e600000| Untracked 
| 500|0x000000073e800000, 0x000000073e800000, 0x000000073ea00000|  0%| F|  |TAMS 0x000000073e800000| PB 0x000000073e800000| Untracked 
| 501|0x000000073ea00000, 0x000000073ea00000, 0x000000073ec00000|  0%| F|  |TAMS 0x000000073ea00000| PB 0x000000073ea00000| Untracked 
| 502|0x000000073ec00000, 0x000000073ec00000, 0x000000073ee00000|  0%| F|  |TAMS 0x000000073ec00000| PB 0x000000073ec00000| Untracked 
| 503|0x000000073ee00000, 0x000000073ee00000, 0x000000073f000000|  0%| F|  |TAMS 0x000000073ee00000| PB 0x000000073ee00000| Untracked 
| 504|0x000000073f000000, 0x000000073f000000, 0x000000073f200000|  0%| F|  |TAMS 0x000000073f000000| PB 0x000000073f000000| Untracked 
| 505|0x000000073f200000, 0x000000073f200000, 0x000000073f400000|  0%| F|  |TAMS 0x000000073f200000| PB 0x000000073f200000| Untracked 
| 506|0x000000073f400000, 0x000000073f400000, 0x000000073f600000|  0%| F|  |TAMS 0x000000073f400000| PB 0x000000073f400000| Untracked 
| 507|0x000000073f600000, 0x000000073f600000, 0x000000073f800000|  0%| F|  |TAMS 0x000000073f600000| PB 0x000000073f600000| Untracked 
| 508|0x000000073f800000, 0x000000073f800000, 0x000000073fa00000|  0%| F|  |TAMS 0x000000073f800000| PB 0x000000073f800000| Untracked 
| 509|0x000000073fa00000, 0x000000073fa00000, 0x000000073fc00000|  0%| F|  |TAMS 0x000000073fa00000| PB 0x000000073fa00000| Untracked 
| 510|0x000000073fc00000, 0x000000073fc00000, 0x000000073fe00000|  0%| F|  |TAMS 0x000000073fc00000| PB 0x000000073fc00000| Untracked 
| 511|0x000000073fe00000, 0x000000073fe00000, 0x0000000740000000|  0%| F|  |TAMS 0x000000073fe00000| PB 0x000000073fe00000| Untracked 
| 512|0x0000000740000000, 0x0000000740000000, 0x0000000740200000|  0%| F|  |TAMS 0x0000000740000000| PB 0x0000000740000000| Untracked 
| 513|0x0000000740200000, 0x0000000740200000, 0x0000000740400000|  0%| F|  |TAMS 0x0000000740200000| PB 0x0000000740200000| Untracked 
| 514|0x0000000740400000, 0x0000000740400000, 0x0000000740600000|  0%| F|  |TAMS 0x0000000740400000| PB 0x0000000740400000| Untracked 
| 515|0x0000000740600000, 0x0000000740600000, 0x0000000740800000|  0%| F|  |TAMS 0x0000000740600000| PB 0x0000000740600000| Untracked 
| 516|0x0000000740800000, 0x0000000740800000, 0x0000000740a00000|  0%| F|  |TAMS 0x0000000740800000| PB 0x0000000740800000| Untracked 
| 517|0x0000000740a00000, 0x0000000740a00000, 0x0000000740c00000|  0%| F|  |TAMS 0x0000000740a00000| PB 0x0000000740a00000| Untracked 
| 518|0x0000000740c00000, 0x0000000740c00000, 0x0000000740e00000|  0%| F|  |TAMS 0x0000000740c00000| PB 0x0000000740c00000| Untracked 
| 519|0x0000000740e00000, 0x0000000740e00000, 0x0000000741000000|  0%| F|  |TAMS 0x0000000740e00000| PB 0x0000000740e00000| Untracked 
| 520|0x0000000741000000, 0x0000000741000000, 0x0000000741200000|  0%| F|  |TAMS 0x0000000741000000| PB 0x0000000741000000| Untracked 
| 521|0x0000000741200000, 0x0000000741200000, 0x0000000741400000|  0%| F|  |TAMS 0x0000000741200000| PB 0x0000000741200000| Untracked 
| 522|0x0000000741400000, 0x0000000741400000, 0x0000000741600000|  0%| F|  |TAMS 0x0000000741400000| PB 0x0000000741400000| Untracked 
| 523|0x0000000741600000, 0x0000000741600000, 0x0000000741800000|  0%| F|  |TAMS 0x0000000741600000| PB 0x0000000741600000| Untracked 
| 524|0x0000000741800000, 0x0000000741800000, 0x0000000741a00000|  0%| F|  |TAMS 0x0000000741800000| PB 0x0000000741800000| Untracked 
| 525|0x0000000741a00000, 0x0000000741a00000, 0x0000000741c00000|  0%| F|  |TAMS 0x0000000741a00000| PB 0x0000000741a00000| Untracked 
| 526|0x0000000741c00000, 0x0000000741c00000, 0x0000000741e00000|  0%| F|  |TAMS 0x0000000741c00000| PB 0x0000000741c00000| Untracked 
| 527|0x0000000741e00000, 0x0000000741e00000, 0x0000000742000000|  0%| F|  |TAMS 0x0000000741e00000| PB 0x0000000741e00000| Untracked 
| 528|0x0000000742000000, 0x0000000742000000, 0x0000000742200000|  0%| F|  |TAMS 0x0000000742000000| PB 0x0000000742000000| Untracked 
| 529|0x0000000742200000, 0x0000000742200000, 0x0000000742400000|  0%| F|  |TAMS 0x0000000742200000| PB 0x0000000742200000| Untracked 
| 530|0x0000000742400000, 0x0000000742400000, 0x0000000742600000|  0%| F|  |TAMS 0x0000000742400000| PB 0x0000000742400000| Untracked 
| 531|0x0000000742600000, 0x0000000742600000, 0x0000000742800000|  0%| F|  |TAMS 0x0000000742600000| PB 0x0000000742600000| Untracked 
| 532|0x0000000742800000, 0x0000000742800000, 0x0000000742a00000|  0%| F|  |TAMS 0x0000000742800000| PB 0x0000000742800000| Untracked 
| 533|0x0000000742a00000, 0x0000000742a00000, 0x0000000742c00000|  0%| F|  |TAMS 0x0000000742a00000| PB 0x0000000742a00000| Untracked 
| 534|0x0000000742c00000, 0x0000000742c00000, 0x0000000742e00000|  0%| F|  |TAMS 0x0000000742c00000| PB 0x0000000742c00000| Untracked 
| 535|0x0000000742e00000, 0x0000000742e00000, 0x0000000743000000|  0%| F|  |TAMS 0x0000000742e00000| PB 0x0000000742e00000| Untracked 
| 536|0x0000000743000000, 0x0000000743000000, 0x0000000743200000|  0%| F|  |TAMS 0x0000000743000000| PB 0x0000000743000000| Untracked 
| 537|0x0000000743200000, 0x0000000743200000, 0x0000000743400000|  0%| F|  |TAMS 0x0000000743200000| PB 0x0000000743200000| Untracked 
| 538|0x0000000743400000, 0x0000000743400000, 0x0000000743600000|  0%| F|  |TAMS 0x0000000743400000| PB 0x0000000743400000| Untracked 
| 539|0x0000000743600000, 0x0000000743600000, 0x0000000743800000|  0%| F|  |TAMS 0x0000000743600000| PB 0x0000000743600000| Untracked 
| 540|0x0000000743800000, 0x0000000743800000, 0x0000000743a00000|  0%| F|  |TAMS 0x0000000743800000| PB 0x0000000743800000| Untracked 
| 541|0x0000000743a00000, 0x0000000743a00000, 0x0000000743c00000|  0%| F|  |TAMS 0x0000000743a00000| PB 0x0000000743a00000| Untracked 
| 542|0x0000000743c00000, 0x0000000743c00000, 0x0000000743e00000|  0%| F|  |TAMS 0x0000000743c00000| PB 0x0000000743c00000| Untracked 
| 543|0x0000000743e00000, 0x0000000743e00000, 0x0000000744000000|  0%| F|  |TAMS 0x0000000743e00000| PB 0x0000000743e00000| Untracked 
| 544|0x0000000744000000, 0x0000000744000000, 0x0000000744200000|  0%| F|  |TAMS 0x0000000744000000| PB 0x0000000744000000| Untracked 
| 545|0x0000000744200000, 0x0000000744200000, 0x0000000744400000|  0%| F|  |TAMS 0x0000000744200000| PB 0x0000000744200000| Untracked 
| 546|0x0000000744400000, 0x0000000744400000, 0x0000000744600000|  0%| F|  |TAMS 0x0000000744400000| PB 0x0000000744400000| Untracked 
| 547|0x0000000744600000, 0x0000000744600000, 0x0000000744800000|  0%| F|  |TAMS 0x0000000744600000| PB 0x0000000744600000| Untracked 
| 548|0x0000000744800000, 0x0000000744800000, 0x0000000744a00000|  0%| F|  |TAMS 0x0000000744800000| PB 0x0000000744800000| Untracked 
| 549|0x0000000744a00000, 0x0000000744a00000, 0x0000000744c00000|  0%| F|  |TAMS 0x0000000744a00000| PB 0x0000000744a00000| Untracked 
| 550|0x0000000744c00000, 0x0000000744c00000, 0x0000000744e00000|  0%| F|  |TAMS 0x0000000744c00000| PB 0x0000000744c00000| Untracked 
| 551|0x0000000744e00000, 0x0000000744e00000, 0x0000000745000000|  0%| F|  |TAMS 0x0000000744e00000| PB 0x0000000744e00000| Untracked 
| 552|0x0000000745000000, 0x0000000745000000, 0x0000000745200000|  0%| F|  |TAMS 0x0000000745000000| PB 0x0000000745000000| Untracked 
| 553|0x0000000745200000, 0x0000000745200000, 0x0000000745400000|  0%| F|  |TAMS 0x0000000745200000| PB 0x0000000745200000| Untracked 
| 554|0x0000000745400000, 0x0000000745400000, 0x0000000745600000|  0%| F|  |TAMS 0x0000000745400000| PB 0x0000000745400000| Untracked 
| 555|0x0000000745600000, 0x0000000745600000, 0x0000000745800000|  0%| F|  |TAMS 0x0000000745600000| PB 0x0000000745600000| Untracked 
| 556|0x0000000745800000, 0x0000000745800000, 0x0000000745a00000|  0%| F|  |TAMS 0x0000000745800000| PB 0x0000000745800000| Untracked 
| 557|0x0000000745a00000, 0x0000000745a00000, 0x0000000745c00000|  0%| F|  |TAMS 0x0000000745a00000| PB 0x0000000745a00000| Untracked 
| 558|0x0000000745c00000, 0x0000000745c00000, 0x0000000745e00000|  0%| F|  |TAMS 0x0000000745c00000| PB 0x0000000745c00000| Untracked 
| 559|0x0000000745e00000, 0x0000000745e00000, 0x0000000746000000|  0%| F|  |TAMS 0x0000000745e00000| PB 0x0000000745e00000| Untracked 
| 560|0x0000000746000000, 0x0000000746000000, 0x0000000746200000|  0%| F|  |TAMS 0x0000000746000000| PB 0x0000000746000000| Untracked 
| 561|0x0000000746200000, 0x0000000746200000, 0x0000000746400000|  0%| F|  |TAMS 0x0000000746200000| PB 0x0000000746200000| Untracked 
| 562|0x0000000746400000, 0x0000000746400000, 0x0000000746600000|  0%| F|  |TAMS 0x0000000746400000| PB 0x0000000746400000| Untracked 
| 563|0x0000000746600000, 0x0000000746600000, 0x0000000746800000|  0%| F|  |TAMS 0x0000000746600000| PB 0x0000000746600000| Untracked 
| 564|0x0000000746800000, 0x0000000746800000, 0x0000000746a00000|  0%| F|  |TAMS 0x0000000746800000| PB 0x0000000746800000| Untracked 
| 565|0x0000000746a00000, 0x0000000746a00000, 0x0000000746c00000|  0%| F|  |TAMS 0x0000000746a00000| PB 0x0000000746a00000| Untracked 
| 566|0x0000000746c00000, 0x0000000746c00000, 0x0000000746e00000|  0%| F|  |TAMS 0x0000000746c00000| PB 0x0000000746c00000| Untracked 
| 567|0x0000000746e00000, 0x0000000746e00000, 0x0000000747000000|  0%| F|  |TAMS 0x0000000746e00000| PB 0x0000000746e00000| Untracked 
| 568|0x0000000747000000, 0x0000000747000000, 0x0000000747200000|  0%| F|  |TAMS 0x0000000747000000| PB 0x0000000747000000| Untracked 
| 569|0x0000000747200000, 0x0000000747200000, 0x0000000747400000|  0%| F|  |TAMS 0x0000000747200000| PB 0x0000000747200000| Untracked 
| 570|0x0000000747400000, 0x0000000747400000, 0x0000000747600000|  0%| F|  |TAMS 0x0000000747400000| PB 0x0000000747400000| Untracked 
| 571|0x0000000747600000, 0x0000000747600000, 0x0000000747800000|  0%| F|  |TAMS 0x0000000747600000| PB 0x0000000747600000| Untracked 
| 572|0x0000000747800000, 0x0000000747800000, 0x0000000747a00000|  0%| F|  |TAMS 0x0000000747800000| PB 0x0000000747800000| Untracked 
| 573|0x0000000747a00000, 0x0000000747a00000, 0x0000000747c00000|  0%| F|  |TAMS 0x0000000747a00000| PB 0x0000000747a00000| Untracked 
| 574|0x0000000747c00000, 0x0000000747c00000, 0x0000000747e00000|  0%| F|  |TAMS 0x0000000747c00000| PB 0x0000000747c00000| Untracked 
| 575|0x0000000747e00000, 0x0000000747e00000, 0x0000000748000000|  0%| F|  |TAMS 0x0000000747e00000| PB 0x0000000747e00000| Untracked 
| 576|0x0000000748000000, 0x0000000748000000, 0x0000000748200000|  0%| F|  |TAMS 0x0000000748000000| PB 0x0000000748000000| Untracked 
| 577|0x0000000748200000, 0x0000000748200000, 0x0000000748400000|  0%| F|  |TAMS 0x0000000748200000| PB 0x0000000748200000| Untracked 
| 578|0x0000000748400000, 0x0000000748400000, 0x0000000748600000|  0%| F|  |TAMS 0x0000000748400000| PB 0x0000000748400000| Untracked 
| 579|0x0000000748600000, 0x0000000748600000, 0x0000000748800000|  0%| F|  |TAMS 0x0000000748600000| PB 0x0000000748600000| Untracked 
| 580|0x0000000748800000, 0x0000000748800000, 0x0000000748a00000|  0%| F|  |TAMS 0x0000000748800000| PB 0x0000000748800000| Untracked 
| 581|0x0000000748a00000, 0x0000000748a00000, 0x0000000748c00000|  0%| F|  |TAMS 0x0000000748a00000| PB 0x0000000748a00000| Untracked 
| 582|0x0000000748c00000, 0x0000000748c00000, 0x0000000748e00000|  0%| F|  |TAMS 0x0000000748c00000| PB 0x0000000748c00000| Untracked 
| 583|0x0000000748e00000, 0x0000000748e00000, 0x0000000749000000|  0%| F|  |TAMS 0x0000000748e00000| PB 0x0000000748e00000| Untracked 
| 584|0x0000000749000000, 0x0000000749000000, 0x0000000749200000|  0%| F|  |TAMS 0x0000000749000000| PB 0x0000000749000000| Untracked 
| 585|0x0000000749200000, 0x0000000749200000, 0x0000000749400000|  0%| F|  |TAMS 0x0000000749200000| PB 0x0000000749200000| Untracked 
| 586|0x0000000749400000, 0x0000000749400000, 0x0000000749600000|  0%| F|  |TAMS 0x0000000749400000| PB 0x0000000749400000| Untracked 
| 587|0x0000000749600000, 0x0000000749600000, 0x0000000749800000|  0%| F|  |TAMS 0x0000000749600000| PB 0x0000000749600000| Untracked 
| 588|0x0000000749800000, 0x0000000749800000, 0x0000000749a00000|  0%| F|  |TAMS 0x0000000749800000| PB 0x0000000749800000| Untracked 
| 589|0x0000000749a00000, 0x0000000749a00000, 0x0000000749c00000|  0%| F|  |TAMS 0x0000000749a00000| PB 0x0000000749a00000| Untracked 
| 590|0x0000000749c00000, 0x0000000749c00000, 0x0000000749e00000|  0%| F|  |TAMS 0x0000000749c00000| PB 0x0000000749c00000| Untracked 
| 591|0x0000000749e00000, 0x0000000749e00000, 0x000000074a000000|  0%| F|  |TAMS 0x0000000749e00000| PB 0x0000000749e00000| Untracked 
| 592|0x000000074a000000, 0x000000074a000000, 0x000000074a200000|  0%| F|  |TAMS 0x000000074a000000| PB 0x000000074a000000| Untracked 
| 593|0x000000074a200000, 0x000000074a200000, 0x000000074a400000|  0%| F|  |TAMS 0x000000074a200000| PB 0x000000074a200000| Untracked 
| 594|0x000000074a400000, 0x000000074a400000, 0x000000074a600000|  0%| F|  |TAMS 0x000000074a400000| PB 0x000000074a400000| Untracked 
| 595|0x000000074a600000, 0x000000074a600000, 0x000000074a800000|  0%| F|  |TAMS 0x000000074a600000| PB 0x000000074a600000| Untracked 
| 596|0x000000074a800000, 0x000000074a800000, 0x000000074aa00000|  0%| F|  |TAMS 0x000000074a800000| PB 0x000000074a800000| Untracked 
| 597|0x000000074aa00000, 0x000000074aa00000, 0x000000074ac00000|  0%| F|  |TAMS 0x000000074aa00000| PB 0x000000074aa00000| Untracked 
| 598|0x000000074ac00000, 0x000000074ac00000, 0x000000074ae00000|  0%| F|  |TAMS 0x000000074ac00000| PB 0x000000074ac00000| Untracked 
| 599|0x000000074ae00000, 0x000000074ae00000, 0x000000074b000000|  0%| F|  |TAMS 0x000000074ae00000| PB 0x000000074ae00000| Untracked 
| 600|0x000000074b000000, 0x000000074b000000, 0x000000074b200000|  0%| F|  |TAMS 0x000000074b000000| PB 0x000000074b000000| Untracked 
| 601|0x000000074b200000, 0x000000074b200000, 0x000000074b400000|  0%| F|  |TAMS 0x000000074b200000| PB 0x000000074b200000| Untracked 
| 602|0x000000074b400000, 0x000000074b400000, 0x000000074b600000|  0%| F|  |TAMS 0x000000074b400000| PB 0x000000074b400000| Untracked 
| 603|0x000000074b600000, 0x000000074b600000, 0x000000074b800000|  0%| F|  |TAMS 0x000000074b600000| PB 0x000000074b600000| Untracked 
| 604|0x000000074b800000, 0x000000074b800000, 0x000000074ba00000|  0%| F|  |TAMS 0x000000074b800000| PB 0x000000074b800000| Untracked 
| 605|0x000000074ba00000, 0x000000074ba00000, 0x000000074bc00000|  0%| F|  |TAMS 0x000000074ba00000| PB 0x000000074ba00000| Untracked 
| 606|0x000000074bc00000, 0x000000074bc00000, 0x000000074be00000|  0%| F|  |TAMS 0x000000074bc00000| PB 0x000000074bc00000| Untracked 
| 607|0x000000074be00000, 0x000000074be00000, 0x000000074c000000|  0%| F|  |TAMS 0x000000074be00000| PB 0x000000074be00000| Untracked 
| 608|0x000000074c000000, 0x000000074c000000, 0x000000074c200000|  0%| F|  |TAMS 0x000000074c000000| PB 0x000000074c000000| Untracked 
| 609|0x000000074c200000, 0x000000074c200000, 0x000000074c400000|  0%| F|  |TAMS 0x000000074c200000| PB 0x000000074c200000| Untracked 
| 610|0x000000074c400000, 0x000000074c400000, 0x000000074c600000|  0%| F|  |TAMS 0x000000074c400000| PB 0x000000074c400000| Untracked 
| 611|0x000000074c600000, 0x000000074c600000, 0x000000074c800000|  0%| F|  |TAMS 0x000000074c600000| PB 0x000000074c600000| Untracked 
| 612|0x000000074c800000, 0x000000074c800000, 0x000000074ca00000|  0%| F|  |TAMS 0x000000074c800000| PB 0x000000074c800000| Untracked 
| 613|0x000000074ca00000, 0x000000074ca00000, 0x000000074cc00000|  0%| F|  |TAMS 0x000000074ca00000| PB 0x000000074ca00000| Untracked 
| 614|0x000000074cc00000, 0x000000074cc00000, 0x000000074ce00000|  0%| F|  |TAMS 0x000000074cc00000| PB 0x000000074cc00000| Untracked 
| 615|0x000000074ce00000, 0x000000074ce00000, 0x000000074d000000|  0%| F|  |TAMS 0x000000074ce00000| PB 0x000000074ce00000| Untracked 
| 616|0x000000074d000000, 0x000000074d000000, 0x000000074d200000|  0%| F|  |TAMS 0x000000074d000000| PB 0x000000074d000000| Untracked 
| 617|0x000000074d200000, 0x000000074d200000, 0x000000074d400000|  0%| F|  |TAMS 0x000000074d200000| PB 0x000000074d200000| Untracked 
| 618|0x000000074d400000, 0x000000074d400000, 0x000000074d600000|  0%| F|  |TAMS 0x000000074d400000| PB 0x000000074d400000| Untracked 
| 619|0x000000074d600000, 0x000000074d600000, 0x000000074d800000|  0%| F|  |TAMS 0x000000074d600000| PB 0x000000074d600000| Untracked 
| 620|0x000000074d800000, 0x000000074d800000, 0x000000074da00000|  0%| F|  |TAMS 0x000000074d800000| PB 0x000000074d800000| Untracked 
| 621|0x000000074da00000, 0x000000074da00000, 0x000000074dc00000|  0%| F|  |TAMS 0x000000074da00000| PB 0x000000074da00000| Untracked 
| 622|0x000000074dc00000, 0x000000074dc00000, 0x000000074de00000|  0%| F|  |TAMS 0x000000074dc00000| PB 0x000000074dc00000| Untracked 
| 623|0x000000074de00000, 0x000000074de00000, 0x000000074e000000|  0%| F|  |TAMS 0x000000074de00000| PB 0x000000074de00000| Untracked 
| 624|0x000000074e000000, 0x000000074e000000, 0x000000074e200000|  0%| F|  |TAMS 0x000000074e000000| PB 0x000000074e000000| Untracked 
| 625|0x000000074e200000, 0x000000074e200000, 0x000000074e400000|  0%| F|  |TAMS 0x000000074e200000| PB 0x000000074e200000| Untracked 
| 626|0x000000074e400000, 0x000000074e400000, 0x000000074e600000|  0%| F|  |TAMS 0x000000074e400000| PB 0x000000074e400000| Untracked 
| 627|0x000000074e600000, 0x000000074e600000, 0x000000074e800000|  0%| F|  |TAMS 0x000000074e600000| PB 0x000000074e600000| Untracked 
| 628|0x000000074e800000, 0x000000074e800000, 0x000000074ea00000|  0%| F|  |TAMS 0x000000074e800000| PB 0x000000074e800000| Untracked 
| 629|0x000000074ea00000, 0x000000074ea00000, 0x000000074ec00000|  0%| F|  |TAMS 0x000000074ea00000| PB 0x000000074ea00000| Untracked 
| 630|0x000000074ec00000, 0x000000074ec00000, 0x000000074ee00000|  0%| F|  |TAMS 0x000000074ec00000| PB 0x000000074ec00000| Untracked 
| 631|0x000000074ee00000, 0x000000074ee00000, 0x000000074f000000|  0%| F|  |TAMS 0x000000074ee00000| PB 0x000000074ee00000| Untracked 
| 632|0x000000074f000000, 0x000000074f000000, 0x000000074f200000|  0%| F|  |TAMS 0x000000074f000000| PB 0x000000074f000000| Untracked 
| 633|0x000000074f200000, 0x000000074f200000, 0x000000074f400000|  0%| F|  |TAMS 0x000000074f200000| PB 0x000000074f200000| Untracked 
| 634|0x000000074f400000, 0x000000074f400000, 0x000000074f600000|  0%| F|  |TAMS 0x000000074f400000| PB 0x000000074f400000| Untracked 
| 635|0x000000074f600000, 0x000000074f600000, 0x000000074f800000|  0%| F|  |TAMS 0x000000074f600000| PB 0x000000074f600000| Untracked 
| 636|0x000000074f800000, 0x000000074f800000, 0x000000074fa00000|  0%| F|  |TAMS 0x000000074f800000| PB 0x000000074f800000| Untracked 
| 637|0x000000074fa00000, 0x000000074fa00000, 0x000000074fc00000|  0%| F|  |TAMS 0x000000074fa00000| PB 0x000000074fa00000| Untracked 
| 638|0x000000074fc00000, 0x000000074fc00000, 0x000000074fe00000|  0%| F|  |TAMS 0x000000074fc00000| PB 0x000000074fc00000| Untracked 
| 639|0x000000074fe00000, 0x000000074fe00000, 0x0000000750000000|  0%| F|  |TAMS 0x000000074fe00000| PB 0x000000074fe00000| Untracked 
| 640|0x0000000750000000, 0x0000000750000000, 0x0000000750200000|  0%| F|  |TAMS 0x0000000750000000| PB 0x0000000750000000| Untracked 
| 641|0x0000000750200000, 0x0000000750200000, 0x0000000750400000|  0%| F|  |TAMS 0x0000000750200000| PB 0x0000000750200000| Untracked 
| 642|0x0000000750400000, 0x0000000750400000, 0x0000000750600000|  0%| F|  |TAMS 0x0000000750400000| PB 0x0000000750400000| Untracked 
| 643|0x0000000750600000, 0x0000000750600000, 0x0000000750800000|  0%| F|  |TAMS 0x0000000750600000| PB 0x0000000750600000| Untracked 
| 644|0x0000000750800000, 0x0000000750800000, 0x0000000750a00000|  0%| F|  |TAMS 0x0000000750800000| PB 0x0000000750800000| Untracked 
| 645|0x0000000750a00000, 0x0000000750a00000, 0x0000000750c00000|  0%| F|  |TAMS 0x0000000750a00000| PB 0x0000000750a00000| Untracked 
| 646|0x0000000750c00000, 0x0000000750c00000, 0x0000000750e00000|  0%| F|  |TAMS 0x0000000750c00000| PB 0x0000000750c00000| Untracked 
| 647|0x0000000750e00000, 0x0000000750e00000, 0x0000000751000000|  0%| F|  |TAMS 0x0000000750e00000| PB 0x0000000750e00000| Untracked 
| 648|0x0000000751000000, 0x0000000751000000, 0x0000000751200000|  0%| F|  |TAMS 0x0000000751000000| PB 0x0000000751000000| Untracked 
| 649|0x0000000751200000, 0x0000000751200000, 0x0000000751400000|  0%| F|  |TAMS 0x0000000751200000| PB 0x0000000751200000| Untracked 
| 650|0x0000000751400000, 0x0000000751400000, 0x0000000751600000|  0%| F|  |TAMS 0x0000000751400000| PB 0x0000000751400000| Untracked 
| 651|0x0000000751600000, 0x0000000751600000, 0x0000000751800000|  0%| F|  |TAMS 0x0000000751600000| PB 0x0000000751600000| Untracked 
| 652|0x0000000751800000, 0x0000000751800000, 0x0000000751a00000|  0%| F|  |TAMS 0x0000000751800000| PB 0x0000000751800000| Untracked 
| 653|0x0000000751a00000, 0x0000000751a00000, 0x0000000751c00000|  0%| F|  |TAMS 0x0000000751a00000| PB 0x0000000751a00000| Untracked 
| 654|0x0000000751c00000, 0x0000000751c00000, 0x0000000751e00000|  0%| F|  |TAMS 0x0000000751c00000| PB 0x0000000751c00000| Untracked 
| 655|0x0000000751e00000, 0x0000000751e00000, 0x0000000752000000|  0%| F|  |TAMS 0x0000000751e00000| PB 0x0000000751e00000| Untracked 
| 656|0x0000000752000000, 0x0000000752000000, 0x0000000752200000|  0%| F|  |TAMS 0x0000000752000000| PB 0x0000000752000000| Untracked 
| 657|0x0000000752200000, 0x0000000752200000, 0x0000000752400000|  0%| F|  |TAMS 0x0000000752200000| PB 0x0000000752200000| Untracked 
| 658|0x0000000752400000, 0x0000000752400000, 0x0000000752600000|  0%| F|  |TAMS 0x0000000752400000| PB 0x0000000752400000| Untracked 
| 659|0x0000000752600000, 0x0000000752600000, 0x0000000752800000|  0%| F|  |TAMS 0x0000000752600000| PB 0x0000000752600000| Untracked 
| 660|0x0000000752800000, 0x0000000752800000, 0x0000000752a00000|  0%| F|  |TAMS 0x0000000752800000| PB 0x0000000752800000| Untracked 
| 661|0x0000000752a00000, 0x0000000752a00000, 0x0000000752c00000|  0%| F|  |TAMS 0x0000000752a00000| PB 0x0000000752a00000| Untracked 
| 662|0x0000000752c00000, 0x0000000752c00000, 0x0000000752e00000|  0%| F|  |TAMS 0x0000000752c00000| PB 0x0000000752c00000| Untracked 
| 663|0x0000000752e00000, 0x0000000752e00000, 0x0000000753000000|  0%| F|  |TAMS 0x0000000752e00000| PB 0x0000000752e00000| Untracked 
| 664|0x0000000753000000, 0x0000000753000000, 0x0000000753200000|  0%| F|  |TAMS 0x0000000753000000| PB 0x0000000753000000| Untracked 
| 665|0x0000000753200000, 0x0000000753200000, 0x0000000753400000|  0%| F|  |TAMS 0x0000000753200000| PB 0x0000000753200000| Untracked 
| 666|0x0000000753400000, 0x0000000753400000, 0x0000000753600000|  0%| F|  |TAMS 0x0000000753400000| PB 0x0000000753400000| Untracked 
| 667|0x0000000753600000, 0x0000000753600000, 0x0000000753800000|  0%| F|  |TAMS 0x0000000753600000| PB 0x0000000753600000| Untracked 
| 668|0x0000000753800000, 0x0000000753800000, 0x0000000753a00000|  0%| F|  |TAMS 0x0000000753800000| PB 0x0000000753800000| Untracked 
| 669|0x0000000753a00000, 0x0000000753a00000, 0x0000000753c00000|  0%| F|  |TAMS 0x0000000753a00000| PB 0x0000000753a00000| Untracked 
| 670|0x0000000753c00000, 0x0000000753c00000, 0x0000000753e00000|  0%| F|  |TAMS 0x0000000753c00000| PB 0x0000000753c00000| Untracked 
| 671|0x0000000753e00000, 0x0000000753e00000, 0x0000000754000000|  0%| F|  |TAMS 0x0000000753e00000| PB 0x0000000753e00000| Untracked 
| 672|0x0000000754000000, 0x0000000754000000, 0x0000000754200000|  0%| F|  |TAMS 0x0000000754000000| PB 0x0000000754000000| Untracked 
| 673|0x0000000754200000, 0x0000000754200000, 0x0000000754400000|  0%| F|  |TAMS 0x0000000754200000| PB 0x0000000754200000| Untracked 
| 674|0x0000000754400000, 0x0000000754400000, 0x0000000754600000|  0%| F|  |TAMS 0x0000000754400000| PB 0x0000000754400000| Untracked 
| 675|0x0000000754600000, 0x0000000754600000, 0x0000000754800000|  0%| F|  |TAMS 0x0000000754600000| PB 0x0000000754600000| Untracked 
| 676|0x0000000754800000, 0x0000000754800000, 0x0000000754a00000|  0%| F|  |TAMS 0x0000000754800000| PB 0x0000000754800000| Untracked 
| 677|0x0000000754a00000, 0x0000000754a00000, 0x0000000754c00000|  0%| F|  |TAMS 0x0000000754a00000| PB 0x0000000754a00000| Untracked 
| 678|0x0000000754c00000, 0x0000000754c00000, 0x0000000754e00000|  0%| F|  |TAMS 0x0000000754c00000| PB 0x0000000754c00000| Untracked 
| 679|0x0000000754e00000, 0x0000000754e00000, 0x0000000755000000|  0%| F|  |TAMS 0x0000000754e00000| PB 0x0000000754e00000| Untracked 
| 680|0x0000000755000000, 0x0000000755000000, 0x0000000755200000|  0%| F|  |TAMS 0x0000000755000000| PB 0x0000000755000000| Untracked 
| 681|0x0000000755200000, 0x0000000755200000, 0x0000000755400000|  0%| F|  |TAMS 0x0000000755200000| PB 0x0000000755200000| Untracked 
| 682|0x0000000755400000, 0x0000000755400000, 0x0000000755600000|  0%| F|  |TAMS 0x0000000755400000| PB 0x0000000755400000| Untracked 
| 683|0x0000000755600000, 0x0000000755600000, 0x0000000755800000|  0%| F|  |TAMS 0x0000000755600000| PB 0x0000000755600000| Untracked 
| 684|0x0000000755800000, 0x0000000755800000, 0x0000000755a00000|  0%| F|  |TAMS 0x0000000755800000| PB 0x0000000755800000| Untracked 
| 685|0x0000000755a00000, 0x0000000755a00000, 0x0000000755c00000|  0%| F|  |TAMS 0x0000000755a00000| PB 0x0000000755a00000| Untracked 
| 686|0x0000000755c00000, 0x0000000755c00000, 0x0000000755e00000|  0%| F|  |TAMS 0x0000000755c00000| PB 0x0000000755c00000| Untracked 
| 687|0x0000000755e00000, 0x0000000755e00000, 0x0000000756000000|  0%| F|  |TAMS 0x0000000755e00000| PB 0x0000000755e00000| Untracked 
| 688|0x0000000756000000, 0x0000000756000000, 0x0000000756200000|  0%| F|  |TAMS 0x0000000756000000| PB 0x0000000756000000| Untracked 
| 689|0x0000000756200000, 0x0000000756200000, 0x0000000756400000|  0%| F|  |TAMS 0x0000000756200000| PB 0x0000000756200000| Untracked 
| 690|0x0000000756400000, 0x0000000756400000, 0x0000000756600000|  0%| F|  |TAMS 0x0000000756400000| PB 0x0000000756400000| Untracked 
| 691|0x0000000756600000, 0x0000000756600000, 0x0000000756800000|  0%| F|  |TAMS 0x0000000756600000| PB 0x0000000756600000| Untracked 
| 692|0x0000000756800000, 0x0000000756800000, 0x0000000756a00000|  0%| F|  |TAMS 0x0000000756800000| PB 0x0000000756800000| Untracked 
| 693|0x0000000756a00000, 0x0000000756a00000, 0x0000000756c00000|  0%| F|  |TAMS 0x0000000756a00000| PB 0x0000000756a00000| Untracked 
| 694|0x0000000756c00000, 0x0000000756c00000, 0x0000000756e00000|  0%| F|  |TAMS 0x0000000756c00000| PB 0x0000000756c00000| Untracked 
| 695|0x0000000756e00000, 0x0000000756e00000, 0x0000000757000000|  0%| F|  |TAMS 0x0000000756e00000| PB 0x0000000756e00000| Untracked 
| 696|0x0000000757000000, 0x0000000757000000, 0x0000000757200000|  0%| F|  |TAMS 0x0000000757000000| PB 0x0000000757000000| Untracked 
| 697|0x0000000757200000, 0x0000000757200000, 0x0000000757400000|  0%| F|  |TAMS 0x0000000757200000| PB 0x0000000757200000| Untracked 
| 698|0x0000000757400000, 0x0000000757400000, 0x0000000757600000|  0%| F|  |TAMS 0x0000000757400000| PB 0x0000000757400000| Untracked 
| 699|0x0000000757600000, 0x0000000757600000, 0x0000000757800000|  0%| F|  |TAMS 0x0000000757600000| PB 0x0000000757600000| Untracked 
| 700|0x0000000757800000, 0x0000000757800000, 0x0000000757a00000|  0%| F|  |TAMS 0x0000000757800000| PB 0x0000000757800000| Untracked 
| 701|0x0000000757a00000, 0x0000000757a00000, 0x0000000757c00000|  0%| F|  |TAMS 0x0000000757a00000| PB 0x0000000757a00000| Untracked 
| 702|0x0000000757c00000, 0x0000000757c00000, 0x0000000757e00000|  0%| F|  |TAMS 0x0000000757c00000| PB 0x0000000757c00000| Untracked 
| 703|0x0000000757e00000, 0x0000000757e00000, 0x0000000758000000|  0%| F|  |TAMS 0x0000000757e00000| PB 0x0000000757e00000| Untracked 
| 704|0x0000000758000000, 0x0000000758000000, 0x0000000758200000|  0%| F|  |TAMS 0x0000000758000000| PB 0x0000000758000000| Untracked 
| 705|0x0000000758200000, 0x0000000758200000, 0x0000000758400000|  0%| F|  |TAMS 0x0000000758200000| PB 0x0000000758200000| Untracked 
| 706|0x0000000758400000, 0x0000000758400000, 0x0000000758600000|  0%| F|  |TAMS 0x0000000758400000| PB 0x0000000758400000| Untracked 
| 707|0x0000000758600000, 0x0000000758600000, 0x0000000758800000|  0%| F|  |TAMS 0x0000000758600000| PB 0x0000000758600000| Untracked 
| 708|0x0000000758800000, 0x0000000758800000, 0x0000000758a00000|  0%| F|  |TAMS 0x0000000758800000| PB 0x0000000758800000| Untracked 
| 709|0x0000000758a00000, 0x0000000758a00000, 0x0000000758c00000|  0%| F|  |TAMS 0x0000000758a00000| PB 0x0000000758a00000| Untracked 
| 710|0x0000000758c00000, 0x0000000758c00000, 0x0000000758e00000|  0%| F|  |TAMS 0x0000000758c00000| PB 0x0000000758c00000| Untracked 
| 711|0x0000000758e00000, 0x0000000758e00000, 0x0000000759000000|  0%| F|  |TAMS 0x0000000758e00000| PB 0x0000000758e00000| Untracked 
| 712|0x0000000759000000, 0x0000000759000000, 0x0000000759200000|  0%| F|  |TAMS 0x0000000759000000| PB 0x0000000759000000| Untracked 
| 713|0x0000000759200000, 0x0000000759200000, 0x0000000759400000|  0%| F|  |TAMS 0x0000000759200000| PB 0x0000000759200000| Untracked 
| 714|0x0000000759400000, 0x0000000759400000, 0x0000000759600000|  0%| F|  |TAMS 0x0000000759400000| PB 0x0000000759400000| Untracked 
| 715|0x0000000759600000, 0x0000000759600000, 0x0000000759800000|  0%| F|  |TAMS 0x0000000759600000| PB 0x0000000759600000| Untracked 
| 716|0x0000000759800000, 0x0000000759800000, 0x0000000759a00000|  0%| F|  |TAMS 0x0000000759800000| PB 0x0000000759800000| Untracked 
| 717|0x0000000759a00000, 0x0000000759a00000, 0x0000000759c00000|  0%| F|  |TAMS 0x0000000759a00000| PB 0x0000000759a00000| Untracked 
| 718|0x0000000759c00000, 0x0000000759c00000, 0x0000000759e00000|  0%| F|  |TAMS 0x0000000759c00000| PB 0x0000000759c00000| Untracked 
| 719|0x0000000759e00000, 0x0000000759e00000, 0x000000075a000000|  0%| F|  |TAMS 0x0000000759e00000| PB 0x0000000759e00000| Untracked 
| 720|0x000000075a000000, 0x000000075a000000, 0x000000075a200000|  0%| F|  |TAMS 0x000000075a000000| PB 0x000000075a000000| Untracked 
| 721|0x000000075a200000, 0x000000075a200000, 0x000000075a400000|  0%| F|  |TAMS 0x000000075a200000| PB 0x000000075a200000| Untracked 
| 722|0x000000075a400000, 0x000000075a400000, 0x000000075a600000|  0%| F|  |TAMS 0x000000075a400000| PB 0x000000075a400000| Untracked 
| 723|0x000000075a600000, 0x000000075a600000, 0x000000075a800000|  0%| F|  |TAMS 0x000000075a600000| PB 0x000000075a600000| Untracked 
| 724|0x000000075a800000, 0x000000075a800000, 0x000000075aa00000|  0%| F|  |TAMS 0x000000075a800000| PB 0x000000075a800000| Untracked 
| 725|0x000000075aa00000, 0x000000075aa00000, 0x000000075ac00000|  0%| F|  |TAMS 0x000000075aa00000| PB 0x000000075aa00000| Untracked 
| 726|0x000000075ac00000, 0x000000075ac00000, 0x000000075ae00000|  0%| F|  |TAMS 0x000000075ac00000| PB 0x000000075ac00000| Untracked 
| 727|0x000000075ae00000, 0x000000075ae00000, 0x000000075b000000|  0%| F|  |TAMS 0x000000075ae00000| PB 0x000000075ae00000| Untracked 
| 728|0x000000075b000000, 0x000000075b000000, 0x000000075b200000|  0%| F|  |TAMS 0x000000075b000000| PB 0x000000075b000000| Untracked 
| 729|0x000000075b200000, 0x000000075b200000, 0x000000075b400000|  0%| F|  |TAMS 0x000000075b200000| PB 0x000000075b200000| Untracked 
| 730|0x000000075b400000, 0x000000075b400000, 0x000000075b600000|  0%| F|  |TAMS 0x000000075b400000| PB 0x000000075b400000| Untracked 
| 731|0x000000075b600000, 0x000000075b600000, 0x000000075b800000|  0%| F|  |TAMS 0x000000075b600000| PB 0x000000075b600000| Untracked 
| 732|0x000000075b800000, 0x000000075b800000, 0x000000075ba00000|  0%| F|  |TAMS 0x000000075b800000| PB 0x000000075b800000| Untracked 
| 733|0x000000075ba00000, 0x000000075ba00000, 0x000000075bc00000|  0%| F|  |TAMS 0x000000075ba00000| PB 0x000000075ba00000| Untracked 
| 734|0x000000075bc00000, 0x000000075bc00000, 0x000000075be00000|  0%| F|  |TAMS 0x000000075bc00000| PB 0x000000075bc00000| Untracked 
| 735|0x000000075be00000, 0x000000075be00000, 0x000000075c000000|  0%| F|  |TAMS 0x000000075be00000| PB 0x000000075be00000| Untracked 
| 736|0x000000075c000000, 0x000000075c000000, 0x000000075c200000|  0%| F|  |TAMS 0x000000075c000000| PB 0x000000075c000000| Untracked 
| 737|0x000000075c200000, 0x000000075c200000, 0x000000075c400000|  0%| F|  |TAMS 0x000000075c200000| PB 0x000000075c200000| Untracked 
| 738|0x000000075c400000, 0x000000075c400000, 0x000000075c600000|  0%| F|  |TAMS 0x000000075c400000| PB 0x000000075c400000| Untracked 
| 739|0x000000075c600000, 0x000000075c600000, 0x000000075c800000|  0%| F|  |TAMS 0x000000075c600000| PB 0x000000075c600000| Untracked 
| 740|0x000000075c800000, 0x000000075c800000, 0x000000075ca00000|  0%| F|  |TAMS 0x000000075c800000| PB 0x000000075c800000| Untracked 
| 741|0x000000075ca00000, 0x000000075ca00000, 0x000000075cc00000|  0%| F|  |TAMS 0x000000075ca00000| PB 0x000000075ca00000| Untracked 
| 742|0x000000075cc00000, 0x000000075cc00000, 0x000000075ce00000|  0%| F|  |TAMS 0x000000075cc00000| PB 0x000000075cc00000| Untracked 
| 743|0x000000075ce00000, 0x000000075ce00000, 0x000000075d000000|  0%| F|  |TAMS 0x000000075ce00000| PB 0x000000075ce00000| Untracked 
| 744|0x000000075d000000, 0x000000075d000000, 0x000000075d200000|  0%| F|  |TAMS 0x000000075d000000| PB 0x000000075d000000| Untracked 
| 745|0x000000075d200000, 0x000000075d200000, 0x000000075d400000|  0%| F|  |TAMS 0x000000075d200000| PB 0x000000075d200000| Untracked 
| 746|0x000000075d400000, 0x000000075d400000, 0x000000075d600000|  0%| F|  |TAMS 0x000000075d400000| PB 0x000000075d400000| Untracked 
| 747|0x000000075d600000, 0x000000075d600000, 0x000000075d800000|  0%| F|  |TAMS 0x000000075d600000| PB 0x000000075d600000| Untracked 
| 748|0x000000075d800000, 0x000000075d800000, 0x000000075da00000|  0%| F|  |TAMS 0x000000075d800000| PB 0x000000075d800000| Untracked 
| 749|0x000000075da00000, 0x000000075da00000, 0x000000075dc00000|  0%| F|  |TAMS 0x000000075da00000| PB 0x000000075da00000| Untracked 
| 750|0x000000075dc00000, 0x000000075dc00000, 0x000000075de00000|  0%| F|  |TAMS 0x000000075dc00000| PB 0x000000075dc00000| Untracked 
| 751|0x000000075de00000, 0x000000075de00000, 0x000000075e000000|  0%| F|  |TAMS 0x000000075de00000| PB 0x000000075de00000| Untracked 
| 752|0x000000075e000000, 0x000000075e000000, 0x000000075e200000|  0%| F|  |TAMS 0x000000075e000000| PB 0x000000075e000000| Untracked 
| 753|0x000000075e200000, 0x000000075e200000, 0x000000075e400000|  0%| F|  |TAMS 0x000000075e200000| PB 0x000000075e200000| Untracked 
| 754|0x000000075e400000, 0x000000075e400000, 0x000000075e600000|  0%| F|  |TAMS 0x000000075e400000| PB 0x000000075e400000| Untracked 
| 755|0x000000075e600000, 0x000000075e600000, 0x000000075e800000|  0%| F|  |TAMS 0x000000075e600000| PB 0x000000075e600000| Untracked 
| 756|0x000000075e800000, 0x000000075e800000, 0x000000075ea00000|  0%| F|  |TAMS 0x000000075e800000| PB 0x000000075e800000| Untracked 
| 757|0x000000075ea00000, 0x000000075ea00000, 0x000000075ec00000|  0%| F|  |TAMS 0x000000075ea00000| PB 0x000000075ea00000| Untracked 
| 758|0x000000075ec00000, 0x000000075ec00000, 0x000000075ee00000|  0%| F|  |TAMS 0x000000075ec00000| PB 0x000000075ec00000| Untracked 
| 759|0x000000075ee00000, 0x000000075ee00000, 0x000000075f000000|  0%| F|  |TAMS 0x000000075ee00000| PB 0x000000075ee00000| Untracked 
| 760|0x000000075f000000, 0x000000075f000000, 0x000000075f200000|  0%| F|  |TAMS 0x000000075f000000| PB 0x000000075f000000| Untracked 
| 761|0x000000075f200000, 0x000000075f200000, 0x000000075f400000|  0%| F|  |TAMS 0x000000075f200000| PB 0x000000075f200000| Untracked 
| 762|0x000000075f400000, 0x000000075f400000, 0x000000075f600000|  0%| F|  |TAMS 0x000000075f400000| PB 0x000000075f400000| Untracked 
| 763|0x000000075f600000, 0x000000075f600000, 0x000000075f800000|  0%| F|  |TAMS 0x000000075f600000| PB 0x000000075f600000| Untracked 
| 764|0x000000075f800000, 0x000000075f800000, 0x000000075fa00000|  0%| F|  |TAMS 0x000000075f800000| PB 0x000000075f800000| Untracked 
| 765|0x000000075fa00000, 0x000000075fa00000, 0x000000075fc00000|  0%| F|  |TAMS 0x000000075fa00000| PB 0x000000075fa00000| Untracked 
| 766|0x000000075fc00000, 0x000000075fc00000, 0x000000075fe00000|  0%| F|  |TAMS 0x000000075fc00000| PB 0x000000075fc00000| Untracked 
| 767|0x000000075fe00000, 0x000000075fe00000, 0x0000000760000000|  0%| F|  |TAMS 0x000000075fe00000| PB 0x000000075fe00000| Untracked 
| 768|0x0000000760000000, 0x0000000760000000, 0x0000000760200000|  0%| F|  |TAMS 0x0000000760000000| PB 0x0000000760000000| Untracked 
| 769|0x0000000760200000, 0x0000000760200000, 0x0000000760400000|  0%| F|  |TAMS 0x0000000760200000| PB 0x0000000760200000| Untracked 
| 770|0x0000000760400000, 0x0000000760400000, 0x0000000760600000|  0%| F|  |TAMS 0x0000000760400000| PB 0x0000000760400000| Untracked 
| 771|0x0000000760600000, 0x0000000760600000, 0x0000000760800000|  0%| F|  |TAMS 0x0000000760600000| PB 0x0000000760600000| Untracked 
| 772|0x0000000760800000, 0x0000000760800000, 0x0000000760a00000|  0%| F|  |TAMS 0x0000000760800000| PB 0x0000000760800000| Untracked 
| 773|0x0000000760a00000, 0x0000000760a00000, 0x0000000760c00000|  0%| F|  |TAMS 0x0000000760a00000| PB 0x0000000760a00000| Untracked 
| 774|0x0000000760c00000, 0x0000000760c00000, 0x0000000760e00000|  0%| F|  |TAMS 0x0000000760c00000| PB 0x0000000760c00000| Untracked 
| 775|0x0000000760e00000, 0x0000000760e00000, 0x0000000761000000|  0%| F|  |TAMS 0x0000000760e00000| PB 0x0000000760e00000| Untracked 
| 776|0x0000000761000000, 0x0000000761000000, 0x0000000761200000|  0%| F|  |TAMS 0x0000000761000000| PB 0x0000000761000000| Untracked 
| 777|0x0000000761200000, 0x0000000761200000, 0x0000000761400000|  0%| F|  |TAMS 0x0000000761200000| PB 0x0000000761200000| Untracked 
| 778|0x0000000761400000, 0x0000000761400000, 0x0000000761600000|  0%| F|  |TAMS 0x0000000761400000| PB 0x0000000761400000| Untracked 
| 779|0x0000000761600000, 0x0000000761600000, 0x0000000761800000|  0%| F|  |TAMS 0x0000000761600000| PB 0x0000000761600000| Untracked 
| 780|0x0000000761800000, 0x0000000761800000, 0x0000000761a00000|  0%| F|  |TAMS 0x0000000761800000| PB 0x0000000761800000| Untracked 
| 781|0x0000000761a00000, 0x0000000761a00000, 0x0000000761c00000|  0%| F|  |TAMS 0x0000000761a00000| PB 0x0000000761a00000| Untracked 
| 782|0x0000000761c00000, 0x0000000761c00000, 0x0000000761e00000|  0%| F|  |TAMS 0x0000000761c00000| PB 0x0000000761c00000| Untracked 
| 783|0x0000000761e00000, 0x0000000761e00000, 0x0000000762000000|  0%| F|  |TAMS 0x0000000761e00000| PB 0x0000000761e00000| Untracked 
| 784|0x0000000762000000, 0x0000000762000000, 0x0000000762200000|  0%| F|  |TAMS 0x0000000762000000| PB 0x0000000762000000| Untracked 
| 785|0x0000000762200000, 0x0000000762200000, 0x0000000762400000|  0%| F|  |TAMS 0x0000000762200000| PB 0x0000000762200000| Untracked 
| 786|0x0000000762400000, 0x0000000762400000, 0x0000000762600000|  0%| F|  |TAMS 0x0000000762400000| PB 0x0000000762400000| Untracked 
| 787|0x0000000762600000, 0x0000000762600000, 0x0000000762800000|  0%| F|  |TAMS 0x0000000762600000| PB 0x0000000762600000| Untracked 
| 788|0x0000000762800000, 0x0000000762800000, 0x0000000762a00000|  0%| F|  |TAMS 0x0000000762800000| PB 0x0000000762800000| Untracked 
| 789|0x0000000762a00000, 0x0000000762a00000, 0x0000000762c00000|  0%| F|  |TAMS 0x0000000762a00000| PB 0x0000000762a00000| Untracked 
| 790|0x0000000762c00000, 0x0000000762c00000, 0x0000000762e00000|  0%| F|  |TAMS 0x0000000762c00000| PB 0x0000000762c00000| Untracked 
| 791|0x0000000762e00000, 0x0000000762e00000, 0x0000000763000000|  0%| F|  |TAMS 0x0000000762e00000| PB 0x0000000762e00000| Untracked 
| 792|0x0000000763000000, 0x0000000763000000, 0x0000000763200000|  0%| F|  |TAMS 0x0000000763000000| PB 0x0000000763000000| Untracked 
| 793|0x0000000763200000, 0x0000000763200000, 0x0000000763400000|  0%| F|  |TAMS 0x0000000763200000| PB 0x0000000763200000| Untracked 
| 794|0x0000000763400000, 0x0000000763400000, 0x0000000763600000|  0%| F|  |TAMS 0x0000000763400000| PB 0x0000000763400000| Untracked 
| 795|0x0000000763600000, 0x0000000763600000, 0x0000000763800000|  0%| F|  |TAMS 0x0000000763600000| PB 0x0000000763600000| Untracked 
| 796|0x0000000763800000, 0x0000000763800000, 0x0000000763a00000|  0%| F|  |TAMS 0x0000000763800000| PB 0x0000000763800000| Untracked 
| 797|0x0000000763a00000, 0x0000000763a00000, 0x0000000763c00000|  0%| F|  |TAMS 0x0000000763a00000| PB 0x0000000763a00000| Untracked 
| 798|0x0000000763c00000, 0x0000000763c00000, 0x0000000763e00000|  0%| F|  |TAMS 0x0000000763c00000| PB 0x0000000763c00000| Untracked 
| 799|0x0000000763e00000, 0x0000000763e00000, 0x0000000764000000|  0%| F|  |TAMS 0x0000000763e00000| PB 0x0000000763e00000| Untracked 
| 800|0x0000000764000000, 0x0000000764000000, 0x0000000764200000|  0%| F|  |TAMS 0x0000000764000000| PB 0x0000000764000000| Untracked 
| 801|0x0000000764200000, 0x0000000764200000, 0x0000000764400000|  0%| F|  |TAMS 0x0000000764200000| PB 0x0000000764200000| Untracked 
| 802|0x0000000764400000, 0x0000000764400000, 0x0000000764600000|  0%| F|  |TAMS 0x0000000764400000| PB 0x0000000764400000| Untracked 
| 803|0x0000000764600000, 0x0000000764600000, 0x0000000764800000|  0%| F|  |TAMS 0x0000000764600000| PB 0x0000000764600000| Untracked 
| 804|0x0000000764800000, 0x0000000764800000, 0x0000000764a00000|  0%| F|  |TAMS 0x0000000764800000| PB 0x0000000764800000| Untracked 
| 805|0x0000000764a00000, 0x0000000764a00000, 0x0000000764c00000|  0%| F|  |TAMS 0x0000000764a00000| PB 0x0000000764a00000| Untracked 
| 806|0x0000000764c00000, 0x0000000764c00000, 0x0000000764e00000|  0%| F|  |TAMS 0x0000000764c00000| PB 0x0000000764c00000| Untracked 
| 807|0x0000000764e00000, 0x0000000764e00000, 0x0000000765000000|  0%| F|  |TAMS 0x0000000764e00000| PB 0x0000000764e00000| Untracked 
| 808|0x0000000765000000, 0x0000000765000000, 0x0000000765200000|  0%| F|  |TAMS 0x0000000765000000| PB 0x0000000765000000| Untracked 
| 809|0x0000000765200000, 0x0000000765200000, 0x0000000765400000|  0%| F|  |TAMS 0x0000000765200000| PB 0x0000000765200000| Untracked 
| 810|0x0000000765400000, 0x0000000765400000, 0x0000000765600000|  0%| F|  |TAMS 0x0000000765400000| PB 0x0000000765400000| Untracked 
| 811|0x0000000765600000, 0x0000000765600000, 0x0000000765800000|  0%| F|  |TAMS 0x0000000765600000| PB 0x0000000765600000| Untracked 
| 812|0x0000000765800000, 0x0000000765800000, 0x0000000765a00000|  0%| F|  |TAMS 0x0000000765800000| PB 0x0000000765800000| Untracked 
| 813|0x0000000765a00000, 0x0000000765a00000, 0x0000000765c00000|  0%| F|  |TAMS 0x0000000765a00000| PB 0x0000000765a00000| Untracked 
| 814|0x0000000765c00000, 0x0000000765c00000, 0x0000000765e00000|  0%| F|  |TAMS 0x0000000765c00000| PB 0x0000000765c00000| Untracked 
| 815|0x0000000765e00000, 0x0000000765e00000, 0x0000000766000000|  0%| F|  |TAMS 0x0000000765e00000| PB 0x0000000765e00000| Untracked 
| 816|0x0000000766000000, 0x0000000766000000, 0x0000000766200000|  0%| F|  |TAMS 0x0000000766000000| PB 0x0000000766000000| Untracked 
| 817|0x0000000766200000, 0x0000000766200000, 0x0000000766400000|  0%| F|  |TAMS 0x0000000766200000| PB 0x0000000766200000| Untracked 
| 818|0x0000000766400000, 0x0000000766400000, 0x0000000766600000|  0%| F|  |TAMS 0x0000000766400000| PB 0x0000000766400000| Untracked 
| 819|0x0000000766600000, 0x0000000766600000, 0x0000000766800000|  0%| F|  |TAMS 0x0000000766600000| PB 0x0000000766600000| Untracked 
| 820|0x0000000766800000, 0x0000000766800000, 0x0000000766a00000|  0%| F|  |TAMS 0x0000000766800000| PB 0x0000000766800000| Untracked 
| 821|0x0000000766a00000, 0x0000000766a00000, 0x0000000766c00000|  0%| F|  |TAMS 0x0000000766a00000| PB 0x0000000766a00000| Untracked 
| 822|0x0000000766c00000, 0x0000000766c00000, 0x0000000766e00000|  0%| F|  |TAMS 0x0000000766c00000| PB 0x0000000766c00000| Untracked 
| 823|0x0000000766e00000, 0x0000000766e00000, 0x0000000767000000|  0%| F|  |TAMS 0x0000000766e00000| PB 0x0000000766e00000| Untracked 
| 824|0x0000000767000000, 0x0000000767000000, 0x0000000767200000|  0%| F|  |TAMS 0x0000000767000000| PB 0x0000000767000000| Untracked 
| 825|0x0000000767200000, 0x0000000767200000, 0x0000000767400000|  0%| F|  |TAMS 0x0000000767200000| PB 0x0000000767200000| Untracked 
| 826|0x0000000767400000, 0x0000000767400000, 0x0000000767600000|  0%| F|  |TAMS 0x0000000767400000| PB 0x0000000767400000| Untracked 
| 827|0x0000000767600000, 0x0000000767600000, 0x0000000767800000|  0%| F|  |TAMS 0x0000000767600000| PB 0x0000000767600000| Untracked 
| 828|0x0000000767800000, 0x0000000767800000, 0x0000000767a00000|  0%| F|  |TAMS 0x0000000767800000| PB 0x0000000767800000| Untracked 
| 829|0x0000000767a00000, 0x0000000767a00000, 0x0000000767c00000|  0%| F|  |TAMS 0x0000000767a00000| PB 0x0000000767a00000| Untracked 
| 830|0x0000000767c00000, 0x0000000767c00000, 0x0000000767e00000|  0%| F|  |TAMS 0x0000000767c00000| PB 0x0000000767c00000| Untracked 
| 831|0x0000000767e00000, 0x0000000767e00000, 0x0000000768000000|  0%| F|  |TAMS 0x0000000767e00000| PB 0x0000000767e00000| Untracked 
| 832|0x0000000768000000, 0x0000000768000000, 0x0000000768200000|  0%| F|  |TAMS 0x0000000768000000| PB 0x0000000768000000| Untracked 
| 833|0x0000000768200000, 0x0000000768200000, 0x0000000768400000|  0%| F|  |TAMS 0x0000000768200000| PB 0x0000000768200000| Untracked 
| 834|0x0000000768400000, 0x0000000768400000, 0x0000000768600000|  0%| F|  |TAMS 0x0000000768400000| PB 0x0000000768400000| Untracked 
| 835|0x0000000768600000, 0x0000000768600000, 0x0000000768800000|  0%| F|  |TAMS 0x0000000768600000| PB 0x0000000768600000| Untracked 
| 836|0x0000000768800000, 0x0000000768800000, 0x0000000768a00000|  0%| F|  |TAMS 0x0000000768800000| PB 0x0000000768800000| Untracked 
| 837|0x0000000768a00000, 0x0000000768a00000, 0x0000000768c00000|  0%| F|  |TAMS 0x0000000768a00000| PB 0x0000000768a00000| Untracked 
| 838|0x0000000768c00000, 0x0000000768c00000, 0x0000000768e00000|  0%| F|  |TAMS 0x0000000768c00000| PB 0x0000000768c00000| Untracked 
| 839|0x0000000768e00000, 0x0000000768e00000, 0x0000000769000000|  0%| F|  |TAMS 0x0000000768e00000| PB 0x0000000768e00000| Untracked 
| 840|0x0000000769000000, 0x0000000769000000, 0x0000000769200000|  0%| F|  |TAMS 0x0000000769000000| PB 0x0000000769000000| Untracked 
| 841|0x0000000769200000, 0x0000000769200000, 0x0000000769400000|  0%| F|  |TAMS 0x0000000769200000| PB 0x0000000769200000| Untracked 
| 842|0x0000000769400000, 0x0000000769400000, 0x0000000769600000|  0%| F|  |TAMS 0x0000000769400000| PB 0x0000000769400000| Untracked 
| 843|0x0000000769600000, 0x0000000769600000, 0x0000000769800000|  0%| F|  |TAMS 0x0000000769600000| PB 0x0000000769600000| Untracked 
| 844|0x0000000769800000, 0x0000000769800000, 0x0000000769a00000|  0%| F|  |TAMS 0x0000000769800000| PB 0x0000000769800000| Untracked 
| 845|0x0000000769a00000, 0x0000000769a00000, 0x0000000769c00000|  0%| F|  |TAMS 0x0000000769a00000| PB 0x0000000769a00000| Untracked 
| 846|0x0000000769c00000, 0x0000000769c00000, 0x0000000769e00000|  0%| F|  |TAMS 0x0000000769c00000| PB 0x0000000769c00000| Untracked 
| 847|0x0000000769e00000, 0x0000000769e00000, 0x000000076a000000|  0%| F|  |TAMS 0x0000000769e00000| PB 0x0000000769e00000| Untracked 
| 848|0x000000076a000000, 0x000000076a000000, 0x000000076a200000|  0%| F|  |TAMS 0x000000076a000000| PB 0x000000076a000000| Untracked 
| 849|0x000000076a200000, 0x000000076a200000, 0x000000076a400000|  0%| F|  |TAMS 0x000000076a200000| PB 0x000000076a200000| Untracked 
| 850|0x000000076a400000, 0x000000076a400000, 0x000000076a600000|  0%| F|  |TAMS 0x000000076a400000| PB 0x000000076a400000| Untracked 
| 851|0x000000076a600000, 0x000000076a600000, 0x000000076a800000|  0%| F|  |TAMS 0x000000076a600000| PB 0x000000076a600000| Untracked 
| 852|0x000000076a800000, 0x000000076a800000, 0x000000076aa00000|  0%| F|  |TAMS 0x000000076a800000| PB 0x000000076a800000| Untracked 
| 853|0x000000076aa00000, 0x000000076aa00000, 0x000000076ac00000|  0%| F|  |TAMS 0x000000076aa00000| PB 0x000000076aa00000| Untracked 
| 854|0x000000076ac00000, 0x000000076ac00000, 0x000000076ae00000|  0%| F|  |TAMS 0x000000076ac00000| PB 0x000000076ac00000| Untracked 
| 855|0x000000076ae00000, 0x000000076af00000, 0x000000076b000000| 50%| E|  |TAMS 0x000000076ae00000| PB 0x000000076ae00000| Complete 
| 856|0x000000076b000000, 0x000000076b200000, 0x000000076b200000|100%| E|CS|TAMS 0x000000076b000000| PB 0x000000076b000000| Complete 
| 857|0x000000076b200000, 0x000000076b400000, 0x000000076b400000|100%| E|CS|TAMS 0x000000076b200000| PB 0x000000076b200000| Complete 
| 858|0x000000076b400000, 0x000000076b600000, 0x000000076b600000|100%| E|CS|TAMS 0x000000076b400000| PB 0x000000076b400000| Complete 
| 859|0x000000076b600000, 0x000000076b800000, 0x000000076b800000|100%| E|CS|TAMS 0x000000076b600000| PB 0x000000076b600000| Complete 
| 860|0x000000076b800000, 0x000000076ba00000, 0x000000076ba00000|100%| E|CS|TAMS 0x000000076b800000| PB 0x000000076b800000| Complete 
| 861|0x000000076ba00000, 0x000000076bc00000, 0x000000076bc00000|100%| E|CS|TAMS 0x000000076ba00000| PB 0x000000076ba00000| Complete 
| 862|0x000000076bc00000, 0x000000076be00000, 0x000000076be00000|100%| E|CS|TAMS 0x000000076bc00000| PB 0x000000076bc00000| Complete 
| 863|0x000000076be00000, 0x000000076c000000, 0x000000076c000000|100%| E|CS|TAMS 0x000000076be00000| PB 0x000000076be00000| Complete 
| 864|0x000000076c000000, 0x000000076c200000, 0x000000076c200000|100%| E|CS|TAMS 0x000000076c000000| PB 0x000000076c000000| Complete 
| 865|0x000000076c200000, 0x000000076c400000, 0x000000076c400000|100%| E|CS|TAMS 0x000000076c200000| PB 0x000000076c200000| Complete 
| 866|0x000000076c400000, 0x000000076c600000, 0x000000076c600000|100%| E|CS|TAMS 0x000000076c400000| PB 0x000000076c400000| Complete 
| 867|0x000000076c600000, 0x000000076c800000, 0x000000076c800000|100%| E|CS|TAMS 0x000000076c600000| PB 0x000000076c600000| Complete 
| 868|0x000000076c800000, 0x000000076ca00000, 0x000000076ca00000|100%| E|CS|TAMS 0x000000076c800000| PB 0x000000076c800000| Complete 
| 869|0x000000076ca00000, 0x000000076cc00000, 0x000000076cc00000|100%| E|CS|TAMS 0x000000076ca00000| PB 0x000000076ca00000| Complete 
| 870|0x000000076cc00000, 0x000000076ce00000, 0x000000076ce00000|100%| E|CS|TAMS 0x000000076cc00000| PB 0x000000076cc00000| Complete 
| 871|0x000000076ce00000, 0x000000076d000000, 0x000000076d000000|100%| E|CS|TAMS 0x000000076ce00000| PB 0x000000076ce00000| Complete 
| 872|0x000000076d000000, 0x000000076d200000, 0x000000076d200000|100%| E|CS|TAMS 0x000000076d000000| PB 0x000000076d000000| Complete 
| 873|0x000000076d200000, 0x000000076d400000, 0x000000076d400000|100%| E|CS|TAMS 0x000000076d200000| PB 0x000000076d200000| Complete 
| 874|0x000000076d400000, 0x000000076d600000, 0x000000076d600000|100%| E|CS|TAMS 0x000000076d400000| PB 0x000000076d400000| Complete 
| 875|0x000000076d600000, 0x000000076d800000, 0x000000076d800000|100%| E|CS|TAMS 0x000000076d600000| PB 0x000000076d600000| Complete 
| 876|0x000000076d800000, 0x000000076da00000, 0x000000076da00000|100%| E|CS|TAMS 0x000000076d800000| PB 0x000000076d800000| Complete 
| 877|0x000000076da00000, 0x000000076dc00000, 0x000000076dc00000|100%| E|CS|TAMS 0x000000076da00000| PB 0x000000076da00000| Complete 
| 878|0x000000076dc00000, 0x000000076de00000, 0x000000076de00000|100%| E|CS|TAMS 0x000000076dc00000| PB 0x000000076dc00000| Complete 
| 879|0x000000076de00000, 0x000000076e000000, 0x000000076e000000|100%| E|CS|TAMS 0x000000076de00000| PB 0x000000076de00000| Complete 
| 880|0x000000076e000000, 0x000000076e200000, 0x000000076e200000|100%| E|CS|TAMS 0x000000076e000000| PB 0x000000076e000000| Complete 
| 881|0x000000076e200000, 0x000000076e400000, 0x000000076e400000|100%| E|CS|TAMS 0x000000076e200000| PB 0x000000076e200000| Complete 
| 882|0x000000076e400000, 0x000000076e600000, 0x000000076e600000|100%| E|CS|TAMS 0x000000076e400000| PB 0x000000076e400000| Complete 
| 883|0x000000076e600000, 0x000000076e800000, 0x000000076e800000|100%| E|CS|TAMS 0x000000076e600000| PB 0x000000076e600000| Complete 
| 884|0x000000076e800000, 0x000000076ea00000, 0x000000076ea00000|100%| E|CS|TAMS 0x000000076e800000| PB 0x000000076e800000| Complete 
| 885|0x000000076ea00000, 0x000000076ec00000, 0x000000076ec00000|100%| E|CS|TAMS 0x000000076ea00000| PB 0x000000076ea00000| Complete 
| 886|0x000000076ec00000, 0x000000076ee00000, 0x000000076ee00000|100%| E|CS|TAMS 0x000000076ec00000| PB 0x000000076ec00000| Complete 
| 887|0x000000076ee00000, 0x000000076f000000, 0x000000076f000000|100%| E|CS|TAMS 0x000000076ee00000| PB 0x000000076ee00000| Complete 
| 888|0x000000076f000000, 0x000000076f200000, 0x000000076f200000|100%| E|CS|TAMS 0x000000076f000000| PB 0x000000076f000000| Complete 
| 889|0x000000076f200000, 0x000000076f400000, 0x000000076f400000|100%| E|CS|TAMS 0x000000076f200000| PB 0x000000076f200000| Complete 
| 890|0x000000076f400000, 0x000000076f600000, 0x000000076f600000|100%| E|CS|TAMS 0x000000076f400000| PB 0x000000076f400000| Complete 
| 891|0x000000076f600000, 0x000000076f800000, 0x000000076f800000|100%| E|CS|TAMS 0x000000076f600000| PB 0x000000076f600000| Complete 
| 892|0x000000076f800000, 0x000000076fa00000, 0x000000076fa00000|100%| E|CS|TAMS 0x000000076f800000| PB 0x000000076f800000| Complete 
| 893|0x000000076fa00000, 0x000000076fc00000, 0x000000076fc00000|100%| E|CS|TAMS 0x000000076fa00000| PB 0x000000076fa00000| Complete 
| 894|0x000000076fc00000, 0x000000076fe00000, 0x000000076fe00000|100%| E|CS|TAMS 0x000000076fc00000| PB 0x000000076fc00000| Complete 
| 895|0x000000076fe00000, 0x0000000770000000, 0x0000000770000000|100%| E|CS|TAMS 0x000000076fe00000| PB 0x000000076fe00000| Complete 
| 896|0x0000000770000000, 0x0000000770200000, 0x0000000770200000|100%| E|CS|TAMS 0x0000000770000000| PB 0x0000000770000000| Complete 
| 897|0x0000000770200000, 0x0000000770400000, 0x0000000770400000|100%| E|CS|TAMS 0x0000000770200000| PB 0x0000000770200000| Complete 
| 898|0x0000000770400000, 0x0000000770600000, 0x0000000770600000|100%| E|CS|TAMS 0x0000000770400000| PB 0x0000000770400000| Complete 
| 899|0x0000000770600000, 0x0000000770800000, 0x0000000770800000|100%| E|CS|TAMS 0x0000000770600000| PB 0x0000000770600000| Complete 
| 900|0x0000000770800000, 0x0000000770a00000, 0x0000000770a00000|100%| E|CS|TAMS 0x0000000770800000| PB 0x0000000770800000| Complete 
| 901|0x0000000770a00000, 0x0000000770c00000, 0x0000000770c00000|100%| E|CS|TAMS 0x0000000770a00000| PB 0x0000000770a00000| Complete 
| 902|0x0000000770c00000, 0x0000000770e00000, 0x0000000770e00000|100%| E|CS|TAMS 0x0000000770c00000| PB 0x0000000770c00000| Complete 
| 903|0x0000000770e00000, 0x0000000771000000, 0x0000000771000000|100%| E|CS|TAMS 0x0000000770e00000| PB 0x0000000770e00000| Complete 
| 904|0x0000000771000000, 0x0000000771200000, 0x0000000771200000|100%| E|CS|TAMS 0x0000000771000000| PB 0x0000000771000000| Complete 
| 905|0x0000000771200000, 0x0000000771400000, 0x0000000771400000|100%| E|CS|TAMS 0x0000000771200000| PB 0x0000000771200000| Complete 
| 906|0x0000000771400000, 0x0000000771600000, 0x0000000771600000|100%| E|CS|TAMS 0x0000000771400000| PB 0x0000000771400000| Complete 
| 907|0x0000000771600000, 0x0000000771800000, 0x0000000771800000|100%| E|CS|TAMS 0x0000000771600000| PB 0x0000000771600000| Complete 
| 908|0x0000000771800000, 0x0000000771a00000, 0x0000000771a00000|100%| E|CS|TAMS 0x0000000771800000| PB 0x0000000771800000| Complete 
| 909|0x0000000771a00000, 0x0000000771c00000, 0x0000000771c00000|100%| E|CS|TAMS 0x0000000771a00000| PB 0x0000000771a00000| Complete 
| 910|0x0000000771c00000, 0x0000000771e00000, 0x0000000771e00000|100%| E|CS|TAMS 0x0000000771c00000| PB 0x0000000771c00000| Complete 
| 911|0x0000000771e00000, 0x0000000772000000, 0x0000000772000000|100%| E|CS|TAMS 0x0000000771e00000| PB 0x0000000771e00000| Complete 
| 912|0x0000000772000000, 0x0000000772200000, 0x0000000772200000|100%| E|CS|TAMS 0x0000000772000000| PB 0x0000000772000000| Complete 
| 913|0x0000000772200000, 0x0000000772400000, 0x0000000772400000|100%| E|CS|TAMS 0x0000000772200000| PB 0x0000000772200000| Complete 
| 914|0x0000000772400000, 0x0000000772600000, 0x0000000772600000|100%| E|CS|TAMS 0x0000000772400000| PB 0x0000000772400000| Complete 
| 915|0x0000000772600000, 0x0000000772800000, 0x0000000772800000|100%| E|CS|TAMS 0x0000000772600000| PB 0x0000000772600000| Complete 
| 916|0x0000000772800000, 0x0000000772a00000, 0x0000000772a00000|100%| E|CS|TAMS 0x0000000772800000| PB 0x0000000772800000| Complete 
| 917|0x0000000772a00000, 0x0000000772c00000, 0x0000000772c00000|100%| E|CS|TAMS 0x0000000772a00000| PB 0x0000000772a00000| Complete 
| 918|0x0000000772c00000, 0x0000000772e00000, 0x0000000772e00000|100%| E|CS|TAMS 0x0000000772c00000| PB 0x0000000772c00000| Complete 
| 919|0x0000000772e00000, 0x0000000773000000, 0x0000000773000000|100%| E|CS|TAMS 0x0000000772e00000| PB 0x0000000772e00000| Complete 
| 920|0x0000000773000000, 0x0000000773200000, 0x0000000773200000|100%| E|CS|TAMS 0x0000000773000000| PB 0x0000000773000000| Complete 
| 921|0x0000000773200000, 0x0000000773400000, 0x0000000773400000|100%| E|CS|TAMS 0x0000000773200000| PB 0x0000000773200000| Complete 
| 922|0x0000000773400000, 0x0000000773600000, 0x0000000773600000|100%| E|CS|TAMS 0x0000000773400000| PB 0x0000000773400000| Complete 
| 923|0x0000000773600000, 0x0000000773800000, 0x0000000773800000|100%| E|CS|TAMS 0x0000000773600000| PB 0x0000000773600000| Complete 
| 924|0x0000000773800000, 0x0000000773a00000, 0x0000000773a00000|100%| E|CS|TAMS 0x0000000773800000| PB 0x0000000773800000| Complete 
| 925|0x0000000773a00000, 0x0000000773c00000, 0x0000000773c00000|100%| E|CS|TAMS 0x0000000773a00000| PB 0x0000000773a00000| Complete 
| 926|0x0000000773c00000, 0x0000000773e00000, 0x0000000773e00000|100%| E|CS|TAMS 0x0000000773c00000| PB 0x0000000773c00000| Complete 
| 927|0x0000000773e00000, 0x0000000774000000, 0x0000000774000000|100%| E|CS|TAMS 0x0000000773e00000| PB 0x0000000773e00000| Complete 
| 928|0x0000000774000000, 0x0000000774200000, 0x0000000774200000|100%| E|CS|TAMS 0x0000000774000000| PB 0x0000000774000000| Complete 
| 929|0x0000000774200000, 0x0000000774400000, 0x0000000774400000|100%| E|CS|TAMS 0x0000000774200000| PB 0x0000000774200000| Complete 
| 930|0x0000000774400000, 0x0000000774600000, 0x0000000774600000|100%| E|CS|TAMS 0x0000000774400000| PB 0x0000000774400000| Complete 
| 931|0x0000000774600000, 0x0000000774800000, 0x0000000774800000|100%| E|CS|TAMS 0x0000000774600000| PB 0x0000000774600000| Complete 
| 932|0x0000000774800000, 0x0000000774a00000, 0x0000000774a00000|100%| E|CS|TAMS 0x0000000774800000| PB 0x0000000774800000| Complete 
| 933|0x0000000774a00000, 0x0000000774c00000, 0x0000000774c00000|100%| E|CS|TAMS 0x0000000774a00000| PB 0x0000000774a00000| Complete 
| 934|0x0000000774c00000, 0x0000000774e00000, 0x0000000774e00000|100%| E|CS|TAMS 0x0000000774c00000| PB 0x0000000774c00000| Complete 
| 935|0x0000000774e00000, 0x0000000775000000, 0x0000000775000000|100%| E|CS|TAMS 0x0000000774e00000| PB 0x0000000774e00000| Complete 
| 936|0x0000000775000000, 0x0000000775200000, 0x0000000775200000|100%| E|CS|TAMS 0x0000000775000000| PB 0x0000000775000000| Complete 
| 937|0x0000000775200000, 0x0000000775400000, 0x0000000775400000|100%| E|CS|TAMS 0x0000000775200000| PB 0x0000000775200000| Complete 
| 938|0x0000000775400000, 0x0000000775600000, 0x0000000775600000|100%| E|CS|TAMS 0x0000000775400000| PB 0x0000000775400000| Complete 
| 939|0x0000000775600000, 0x0000000775800000, 0x0000000775800000|100%| E|CS|TAMS 0x0000000775600000| PB 0x0000000775600000| Complete 
| 940|0x0000000775800000, 0x0000000775a00000, 0x0000000775a00000|100%| E|CS|TAMS 0x0000000775800000| PB 0x0000000775800000| Complete 
| 941|0x0000000775a00000, 0x0000000775c00000, 0x0000000775c00000|100%| E|CS|TAMS 0x0000000775a00000| PB 0x0000000775a00000| Complete 
| 942|0x0000000775c00000, 0x0000000775e00000, 0x0000000775e00000|100%| E|CS|TAMS 0x0000000775c00000| PB 0x0000000775c00000| Complete 
| 943|0x0000000775e00000, 0x0000000776000000, 0x0000000776000000|100%| E|CS|TAMS 0x0000000775e00000| PB 0x0000000775e00000| Complete 
| 944|0x0000000776000000, 0x0000000776200000, 0x0000000776200000|100%| E|CS|TAMS 0x0000000776000000| PB 0x0000000776000000| Complete 
| 945|0x0000000776200000, 0x0000000776400000, 0x0000000776400000|100%| E|CS|TAMS 0x0000000776200000| PB 0x0000000776200000| Complete 
| 946|0x0000000776400000, 0x0000000776600000, 0x0000000776600000|100%| E|CS|TAMS 0x0000000776400000| PB 0x0000000776400000| Complete 
| 947|0x0000000776600000, 0x0000000776800000, 0x0000000776800000|100%| E|CS|TAMS 0x0000000776600000| PB 0x0000000776600000| Complete 
| 948|0x0000000776800000, 0x0000000776a00000, 0x0000000776a00000|100%| E|CS|TAMS 0x0000000776800000| PB 0x0000000776800000| Complete 
| 949|0x0000000776a00000, 0x0000000776c00000, 0x0000000776c00000|100%| E|CS|TAMS 0x0000000776a00000| PB 0x0000000776a00000| Complete 
| 950|0x0000000776c00000, 0x0000000776e00000, 0x0000000776e00000|100%| E|CS|TAMS 0x0000000776c00000| PB 0x0000000776c00000| Complete 
| 951|0x0000000776e00000, 0x0000000777000000, 0x0000000777000000|100%| E|CS|TAMS 0x0000000776e00000| PB 0x0000000776e00000| Complete 
| 952|0x0000000777000000, 0x0000000777200000, 0x0000000777200000|100%| E|CS|TAMS 0x0000000777000000| PB 0x0000000777000000| Complete 
| 953|0x0000000777200000, 0x0000000777400000, 0x0000000777400000|100%| E|CS|TAMS 0x0000000777200000| PB 0x0000000777200000| Complete 
| 954|0x0000000777400000, 0x0000000777600000, 0x0000000777600000|100%| E|CS|TAMS 0x0000000777400000| PB 0x0000000777400000| Complete 
| 955|0x0000000777600000, 0x0000000777800000, 0x0000000777800000|100%| E|CS|TAMS 0x0000000777600000| PB 0x0000000777600000| Complete 
| 956|0x0000000777800000, 0x0000000777a00000, 0x0000000777a00000|100%| E|CS|TAMS 0x0000000777800000| PB 0x0000000777800000| Complete 
| 957|0x0000000777a00000, 0x0000000777c00000, 0x0000000777c00000|100%| E|CS|TAMS 0x0000000777a00000| PB 0x0000000777a00000| Complete 
| 958|0x0000000777c00000, 0x0000000777e00000, 0x0000000777e00000|100%| E|CS|TAMS 0x0000000777c00000| PB 0x0000000777c00000| Complete 
| 959|0x0000000777e00000, 0x0000000778000000, 0x0000000778000000|100%| E|CS|TAMS 0x0000000777e00000| PB 0x0000000777e00000| Complete 
| 960|0x0000000778000000, 0x0000000778200000, 0x0000000778200000|100%| E|CS|TAMS 0x0000000778000000| PB 0x0000000778000000| Complete 
| 961|0x0000000778200000, 0x0000000778400000, 0x0000000778400000|100%| E|CS|TAMS 0x0000000778200000| PB 0x0000000778200000| Complete 
| 962|0x0000000778400000, 0x0000000778600000, 0x0000000778600000|100%| E|CS|TAMS 0x0000000778400000| PB 0x0000000778400000| Complete 
| 963|0x0000000778600000, 0x0000000778800000, 0x0000000778800000|100%| E|CS|TAMS 0x0000000778600000| PB 0x0000000778600000| Complete 
| 964|0x0000000778800000, 0x0000000778a00000, 0x0000000778a00000|100%| E|CS|TAMS 0x0000000778800000| PB 0x0000000778800000| Complete 
| 965|0x0000000778a00000, 0x0000000778c00000, 0x0000000778c00000|100%| E|CS|TAMS 0x0000000778a00000| PB 0x0000000778a00000| Complete 
| 966|0x0000000778c00000, 0x0000000778e00000, 0x0000000778e00000|100%| E|CS|TAMS 0x0000000778c00000| PB 0x0000000778c00000| Complete 
| 967|0x0000000778e00000, 0x0000000779000000, 0x0000000779000000|100%| E|CS|TAMS 0x0000000778e00000| PB 0x0000000778e00000| Complete 
| 968|0x0000000779000000, 0x0000000779200000, 0x0000000779200000|100%| E|CS|TAMS 0x0000000779000000| PB 0x0000000779000000| Complete 
| 969|0x0000000779200000, 0x0000000779400000, 0x0000000779400000|100%| E|CS|TAMS 0x0000000779200000| PB 0x0000000779200000| Complete 
| 970|0x0000000779400000, 0x0000000779600000, 0x0000000779600000|100%| E|CS|TAMS 0x0000000779400000| PB 0x0000000779400000| Complete 
| 971|0x0000000779600000, 0x0000000779800000, 0x0000000779800000|100%| E|CS|TAMS 0x0000000779600000| PB 0x0000000779600000| Complete 
| 972|0x0000000779800000, 0x0000000779a00000, 0x0000000779a00000|100%| E|CS|TAMS 0x0000000779800000| PB 0x0000000779800000| Complete 
| 973|0x0000000779a00000, 0x0000000779c00000, 0x0000000779c00000|100%| E|CS|TAMS 0x0000000779a00000| PB 0x0000000779a00000| Complete 
| 974|0x0000000779c00000, 0x0000000779e00000, 0x0000000779e00000|100%| E|CS|TAMS 0x0000000779c00000| PB 0x0000000779c00000| Complete 
| 975|0x0000000779e00000, 0x000000077a000000, 0x000000077a000000|100%| E|CS|TAMS 0x0000000779e00000| PB 0x0000000779e00000| Complete 
| 976|0x000000077a000000, 0x000000077a200000, 0x000000077a200000|100%| E|CS|TAMS 0x000000077a000000| PB 0x000000077a000000| Complete 
| 977|0x000000077a200000, 0x000000077a400000, 0x000000077a400000|100%| E|CS|TAMS 0x000000077a200000| PB 0x000000077a200000| Complete 
| 978|0x000000077a400000, 0x000000077a600000, 0x000000077a600000|100%| E|CS|TAMS 0x000000077a400000| PB 0x000000077a400000| Complete 
| 979|0x000000077a600000, 0x000000077a800000, 0x000000077a800000|100%| E|CS|TAMS 0x000000077a600000| PB 0x000000077a600000| Complete 
| 980|0x000000077a800000, 0x000000077aa00000, 0x000000077aa00000|100%| E|CS|TAMS 0x000000077a800000| PB 0x000000077a800000| Complete 
| 981|0x000000077aa00000, 0x000000077ac00000, 0x000000077ac00000|100%| E|CS|TAMS 0x000000077aa00000| PB 0x000000077aa00000| Complete 
| 982|0x000000077ac00000, 0x000000077ae00000, 0x000000077ae00000|100%| E|CS|TAMS 0x000000077ac00000| PB 0x000000077ac00000| Complete 
| 983|0x000000077ae00000, 0x000000077b000000, 0x000000077b000000|100%| E|CS|TAMS 0x000000077ae00000| PB 0x000000077ae00000| Complete 
| 984|0x000000077b000000, 0x000000077b200000, 0x000000077b200000|100%| E|CS|TAMS 0x000000077b000000| PB 0x000000077b000000| Complete 
| 985|0x000000077b200000, 0x000000077b400000, 0x000000077b400000|100%| E|CS|TAMS 0x000000077b200000| PB 0x000000077b200000| Complete 
| 986|0x000000077b400000, 0x000000077b600000, 0x000000077b600000|100%| E|CS|TAMS 0x000000077b400000| PB 0x000000077b400000| Complete 
| 987|0x000000077b600000, 0x000000077b800000, 0x000000077b800000|100%| E|CS|TAMS 0x000000077b600000| PB 0x000000077b600000| Complete 
| 988|0x000000077b800000, 0x000000077ba00000, 0x000000077ba00000|100%| E|CS|TAMS 0x000000077b800000| PB 0x000000077b800000| Complete 
| 989|0x000000077ba00000, 0x000000077bc00000, 0x000000077bc00000|100%| E|CS|TAMS 0x000000077ba00000| PB 0x000000077ba00000| Complete 
| 990|0x000000077bc00000, 0x000000077be00000, 0x000000077be00000|100%| E|CS|TAMS 0x000000077bc00000| PB 0x000000077bc00000| Complete 
| 991|0x000000077be00000, 0x000000077c000000, 0x000000077c000000|100%| E|CS|TAMS 0x000000077be00000| PB 0x000000077be00000| Complete 
| 992|0x000000077c000000, 0x000000077c200000, 0x000000077c200000|100%| E|CS|TAMS 0x000000077c000000| PB 0x000000077c000000| Complete 
| 993|0x000000077c200000, 0x000000077c400000, 0x000000077c400000|100%| E|CS|TAMS 0x000000077c200000| PB 0x000000077c200000| Complete 
| 994|0x000000077c400000, 0x000000077c600000, 0x000000077c600000|100%| E|CS|TAMS 0x000000077c400000| PB 0x000000077c400000| Complete 
|2037|0x00000007fea00000, 0x00000007fec00000, 0x00000007fec00000|100%| E|CS|TAMS 0x00000007fea00000| PB 0x00000007fea00000| Complete 
|2038|0x00000007fec00000, 0x00000007fee00000, 0x00000007fee00000|100%| E|CS|TAMS 0x00000007fec00000| PB 0x00000007fec00000| Complete 
|2039|0x00000007fee00000, 0x00000007ff000000, 0x00000007ff000000|100%| E|CS|TAMS 0x00000007fee00000| PB 0x00000007fee00000| Complete 
|2040|0x00000007ff000000, 0x00000007ff200000, 0x00000007ff200000|100%| E|CS|TAMS 0x00000007ff000000| PB 0x00000007ff000000| Complete 
|2041|0x00000007ff200000, 0x00000007ff400000, 0x00000007ff400000|100%| E|CS|TAMS 0x00000007ff200000| PB 0x00000007ff200000| Complete 
|2042|0x00000007ff400000, 0x00000007ff600000, 0x00000007ff600000|100%| E|CS|TAMS 0x00000007ff400000| PB 0x00000007ff400000| Complete 
|2043|0x00000007ff600000, 0x00000007ff800000, 0x00000007ff800000|100%| E|CS|TAMS 0x00000007ff600000| PB 0x00000007ff600000| Complete 
|2044|0x00000007ff800000, 0x00000007ffa00000, 0x00000007ffa00000|100%| E|  |TAMS 0x00000007ff800000| PB 0x00000007ff800000| Complete 
|2045|0x00000007ffa00000, 0x00000007ffc00000, 0x00000007ffc00000|100%| E|CS|TAMS 0x00000007ffa00000| PB 0x00000007ffa00000| Complete 
|2046|0x00000007ffc00000, 0x00000007ffe00000, 0x00000007ffe00000|100%| E|CS|TAMS 0x00000007ffc00000| PB 0x00000007ffc00000| Complete 
|2047|0x00000007ffe00000, 0x0000000800000000, 0x0000000800000000|100%| E|CS|TAMS 0x00000007ffe00000| PB 0x00000007ffe00000| Complete 

Card table byte_map: [0x0000019eb3ed0000,0x0000019eb46d0000] _byte_map_base: 0x0000019eb06d0000

Marking Bits: (CMBitMap*) 0x0000019ea109cac0
 Bits: [0x0000019eb46d0000, 0x0000019eb86d0000)

Polling page: 0x0000019e9f0c0000

Metaspace:

Usage:
  Non-class:    255.64 MB used.
      Class:     36.99 MB used.
       Both:    292.63 MB used.

Virtual space:
  Non-class space:      320.00 MB reserved,     257.19 MB ( 80%) committed,  5 nodes.
      Class space:      832.00 MB reserved,      38.50 MB (  5%) committed,  1 nodes.
             Both:        1.12 GB reserved,     295.69 MB ( 26%) committed. 

Chunk freelists:
   Non-Class:  14.84 MB
       Class:  9.35 MB
        Both:  24.19 MB

MaxMetaspaceSize: 1.00 GB
CompressedClassSpaceSize: 832.00 MB
Initial GC threshold: 21.00 MB
Current GC threshold: 492.50 MB
CDS: off
 - commit_granule_bytes: 65536.
 - commit_granule_words: 8192.
 - virtual_space_node_default_size: 8388608.
 - enlarge_chunks_in_place: 1.
 - use_allocation_guard: 0.


Internal statistics:

num_allocs_failed_limit: 17.
num_arena_births: 6436.
num_arena_deaths: 72.
num_vsnodes_births: 6.
num_vsnodes_deaths: 0.
num_space_committed: 4725.
num_space_uncommitted: 0.
num_chunks_returned_to_freelist: 135.
num_chunks_taken_from_freelist: 18497.
num_chunk_merges: 46.
num_chunk_splits: 12984.
num_chunks_enlarged: 9230.
num_inconsistent_stats: 0.

CodeHeap 'non-profiled nmethods': size=120000Kb used=18700Kb max_used=26397Kb free=101300Kb
 bounds [0x0000019eabc50000, 0x0000019ead710000, 0x0000019eb3180000]
CodeHeap 'profiled nmethods': size=120000Kb used=10398Kb max_used=67349Kb free=109601Kb
 bounds [0x0000019ea4180000, 0x0000019ea8350000, 0x0000019eab6b0000]
CodeHeap 'non-nmethods': size=5760Kb used=3407Kb max_used=3535Kb free=2352Kb
 bounds [0x0000019eab6b0000, 0x0000019eaba40000, 0x0000019eabc50000]
CodeCache: size=245760Kb, used=32505Kb, max_used=97281Kb, free=213253Kb
 total_blobs=9668, nmethods=8285, adapters=1281, full_count=0
Compilation: enabled, stopped_count=0, restarted_count=0

Compilation events (20 events):
Event: 1041.570 Thread 0x0000019ebb4bad20 nmethod 68126 0x0000019ea5f40a90 code [0x0000019ea5f432e0, 0x0000019ea5f60038]
Event: 1041.570 Thread 0x0000019ebb4bad20 68127       3       com.android.tools.r8.internal.a74::a (208 bytes)
Event: 1041.573 Thread 0x0000019ebb4bad20 nmethod 68127 0x0000019ea41f3b10 code [0x0000019ea41f3f60, 0x0000019ea41f5b30]
Event: 1041.577 Thread 0x0000019ebb4bad20 68129       3       com.android.tools.r8.internal.xb1::a (143 bytes)
Event: 1041.578 Thread 0x0000019ebb4bad20 nmethod 68129 0x0000019ea438ea90 code [0x0000019ea438eca0, 0x0000019ea438f2d8]
Event: 1041.578 Thread 0x0000019ebb4bad20 68128       3       com.android.tools.r8.internal.sb1::next (26 bytes)
Event: 1041.578 Thread 0x0000019ebb4bad20 nmethod 68128 0x0000019ea4252510 code [0x0000019ea42526e0, 0x0000019ea4252a30]
Event: 1041.658 Thread 0x0000019ebb4bad20 68130       3       com.android.tools.r8.internal.rc::a (379 bytes)
Event: 1041.663 Thread 0x0000019ebb4bad20 nmethod 68130 0x0000019ea4e70390 code [0x0000019ea4e70880, 0x0000019ea4e73390]
Event: 1041.666 Thread 0x0000019ebb4bad20 68131       3       com.android.tools.r8.internal.b34::<init> (44 bytes)
Event: 1041.666 Thread 0x0000019ebb4bad20 nmethod 68131 0x0000019ea6019290 code [0x0000019ea6019480, 0x0000019ea6019a50]
Event: 1041.674 Thread 0x0000019ebb4bad20 68132       3       com.android.tools.r8.internal.lt::a (18 bytes)
Event: 1041.674 Thread 0x0000019ebb4bad20 nmethod 68132 0x0000019ea6018810 code [0x0000019ea60189e0, 0x0000019ea6018f28]
Event: 1041.695 Thread 0x0000019ebb4bad20 68138       3       com.google.common.io.ByteStreams::combineBuffers (92 bytes)
Event: 1041.697 Thread 0x0000019ebb4bad20 nmethod 68138 0x0000019ea4e80f90 code [0x0000019ea4e811c0, 0x0000019ea4e81ab8]
Event: 1041.697 Thread 0x0000019ebb4bad20 68139       3       com.google.common.io.ByteStreams::toByteArrayInternal (152 bytes)
Event: 1041.701 Thread 0x0000019ebb4bad20 nmethod 68139 0x0000019ea5631c10 code [0x0000019ea5631ea0, 0x0000019ea5632a78]
Event: 1041.789 Thread 0x0000019ebb4bad20 68147       2       com.android.tools.r8.graph.o6$i::a (42 bytes)
Event: 1041.790 Thread 0x0000019ebb4bad20 nmethod 68147 0x0000019ea62cb890 code [0x0000019ea62cbac0, 0x0000019ea62cbe48]
Event: 1041.803 Thread 0x0000019ebb4bad20 68150       2       com.android.tools.r8.graph.o6$j::hashCode (8 bytes)

GC Heap History (20 events):
Event: 1027.794 GC heap before
{Heap before GC invocations=178 (full 0):
 garbage-first heap   total 2060288K, used 1918056K [0x0000000700000000, 0x0000000800000000)
  region size 2048K, 569 young (1165312K), 18 survivors (36864K)
 Metaspace       used 299542K, committed 302592K, reserved 1179648K
  class space    used 37868K, committed 39360K, reserved 851968K
}
Event: 1027.830 GC heap after
{Heap after GC invocations=179 (full 0):
 garbage-first heap   total 2060288K, used 769344K [0x0000000700000000, 0x0000000800000000)
  region size 2048K, 18 young (36864K), 18 survivors (36864K)
 Metaspace       used 299542K, committed 302592K, reserved 1179648K
  class space    used 37868K, committed 39360K, reserved 851968K
}
Event: 1028.967 GC heap before
{Heap before GC invocations=179 (full 0):
 garbage-first heap   total 2060288K, used 1918272K [0x0000000700000000, 0x0000000800000000)
  region size 2048K, 579 young (1185792K), 18 survivors (36864K)
 Metaspace       used 299542K, committed 302592K, reserved 1179648K
  class space    used 37868K, committed 39360K, reserved 851968K
}
Event: 1028.996 GC heap after
{Heap after GC invocations=180 (full 0):
 garbage-first heap   total 2060288K, used 781913K [0x0000000700000000, 0x0000000800000000)
  region size 2048K, 24 young (49152K), 24 survivors (49152K)
 Metaspace       used 299542K, committed 302592K, reserved 1179648K
  class space    used 37868K, committed 39360K, reserved 851968K
}
Event: 1030.835 GC heap before
{Heap before GC invocations=181 (full 0):
 garbage-first heap   total 2060288K, used 1908313K [0x0000000700000000, 0x0000000800000000)
  region size 2048K, 573 young (1173504K), 24 survivors (49152K)
 Metaspace       used 299602K, committed 302720K, reserved 1179648K
  class space    used 37871K, committed 39424K, reserved 851968K
}
Event: 1030.891 GC heap after
{Heap after GC invocations=182 (full 0):
 garbage-first heap   total 2060288K, used 804441K [0x0000000700000000, 0x0000000800000000)
  region size 2048K, 35 young (71680K), 35 survivors (71680K)
 Metaspace       used 299602K, committed 302720K, reserved 1179648K
  class space    used 37871K, committed 39424K, reserved 851968K
}
Event: 1032.084 GC heap before
{Heap before GC invocations=182 (full 0):
 garbage-first heap   total 2060288K, used 1883737K [0x0000000700000000, 0x0000000800000000)
  region size 2048K, 562 young (1150976K), 35 survivors (71680K)
 Metaspace       used 299605K, committed 302720K, reserved 1179648K
  class space    used 37871K, committed 39424K, reserved 851968K
}
Event: 1032.148 GC heap after
{Heap after GC invocations=183 (full 0):
 garbage-first heap   total 2060288K, used 782025K [0x0000000700000000, 0x0000000800000000)
  region size 2048K, 32 young (65536K), 32 survivors (65536K)
 Metaspace       used 299605K, committed 302720K, reserved 1179648K
  class space    used 37871K, committed 39424K, reserved 851968K
}
Event: 1033.139 GC heap before
{Heap before GC invocations=183 (full 0):
 garbage-first heap   total 2060288K, used 1889993K [0x0000000700000000, 0x0000000800000000)
  region size 2048K, 573 young (1173504K), 32 survivors (65536K)
 Metaspace       used 299608K, committed 302720K, reserved 1179648K
  class space    used 37871K, committed 39424K, reserved 851968K
}
Event: 1033.185 GC heap after
{Heap after GC invocations=184 (full 0):
 garbage-first heap   total 2060288K, used 776773K [0x0000000700000000, 0x0000000800000000)
  region size 2048K, 29 young (59392K), 29 survivors (59392K)
 Metaspace       used 299608K, committed 302720K, reserved 1179648K
  class space    used 37871K, committed 39424K, reserved 851968K
}
Event: 1035.227 GC heap before
{Heap before GC invocations=184 (full 0):
 garbage-first heap   total 2060288K, used 1894981K [0x0000000700000000, 0x0000000800000000)
  region size 2048K, 575 young (1177600K), 29 survivors (59392K)
 Metaspace       used 299610K, committed 302720K, reserved 1179648K
  class space    used 37871K, committed 39424K, reserved 851968K
}
Event: 1035.248 GC heap after
{Heap after GC invocations=185 (full 0):
 garbage-first heap   total 2060288K, used 773562K [0x0000000700000000, 0x0000000800000000)
  region size 2048K, 26 young (53248K), 26 survivors (53248K)
 Metaspace       used 299610K, committed 302720K, reserved 1179648K
  class space    used 37871K, committed 39424K, reserved 851968K
}
Event: 1036.870 GC heap before
{Heap before GC invocations=186 (full 0):
 garbage-first heap   total 2060288K, used 1902010K [0x0000000700000000, 0x0000000800000000)
  region size 2048K, 577 young (1181696K), 26 survivors (53248K)
 Metaspace       used 299611K, committed 302720K, reserved 1179648K
  class space    used 37871K, committed 39424K, reserved 851968K
}
Event: 1036.895 GC heap after
{Heap after GC invocations=187 (full 0):
 garbage-first heap   total 2060288K, used 771933K [0x0000000700000000, 0x0000000800000000)
  region size 2048K, 25 young (51200K), 25 survivors (51200K)
 Metaspace       used 299611K, committed 302720K, reserved 1179648K
  class space    used 37871K, committed 39424K, reserved 851968K
}
Event: 1038.427 GC heap before
{Heap before GC invocations=187 (full 0):
 garbage-first heap   total 2060288K, used 1904477K [0x0000000700000000, 0x0000000800000000)
  region size 2048K, 577 young (1181696K), 25 survivors (51200K)
 Metaspace       used 299615K, committed 302720K, reserved 1179648K
  class space    used 37871K, committed 39424K, reserved 851968K
}
Event: 1038.457 GC heap after
{Heap after GC invocations=188 (full 0):
 garbage-first heap   total 2060288K, used 729117K [0x0000000700000000, 0x0000000800000000)
  region size 2048K, 12 young (24576K), 12 survivors (24576K)
 Metaspace       used 299615K, committed 302720K, reserved 1179648K
  class space    used 37871K, committed 39424K, reserved 851968K
}
Event: 1040.274 GC heap before
{Heap before GC invocations=188 (full 0):
 garbage-first heap   total 2060288K, used 1929245K [0x0000000700000000, 0x0000000800000000)
  region size 2048K, 598 young (1224704K), 12 survivors (24576K)
 Metaspace       used 299618K, committed 302720K, reserved 1179648K
  class space    used 37872K, committed 39424K, reserved 851968K
}
Event: 1040.286 GC heap after
{Heap after GC invocations=189 (full 0):
 garbage-first heap   total 2060288K, used 733791K [0x0000000700000000, 0x0000000800000000)
  region size 2048K, 13 young (26624K), 13 survivors (26624K)
 Metaspace       used 299618K, committed 302720K, reserved 1179648K
  class space    used 37872K, committed 39424K, reserved 851968K
}
Event: 1041.733 GC heap before
{Heap before GC invocations=190 (full 0):
 garbage-first heap   total 2060288K, used 1923679K [0x0000000700000000, 0x0000000800000000)
  region size 2048K, 595 young (1218560K), 13 survivors (26624K)
 Metaspace       used 299650K, committed 302784K, reserved 1179648K
  class space    used 37873K, committed 39424K, reserved 851968K
}
Event: 1041.785 GC heap after
{Heap after GC invocations=191 (full 0):
 garbage-first heap   total 2060288K, used 783768K [0x0000000700000000, 0x0000000800000000)
  region size 2048K, 36 young (73728K), 36 survivors (73728K)
 Metaspace       used 299650K, committed 302784K, reserved 1179648K
  class space    used 37873K, committed 39424K, reserved 851968K
}

Dll operation events (3 events):
Event: 0.015 Loaded shared library C:\Program Files\Android\Android Studio\jbr\bin\java.dll
Event: 0.024 Loaded shared library C:\Program Files\Android\Android Studio\jbr\bin\zip.dll
Event: 1.271 Loaded shared library C:\Program Files\Android\Android Studio\jbr\bin\verify.dll

Deoptimization events (20 events):
Event: 1041.692 Thread 0x0000019ede3b9040 DEOPT PACKING pc=0x0000019ea6e37906 sp=0x0000008fa64fa200
Event: 1041.692 Thread 0x0000019ede3b9040 DEOPT UNPACKING pc=0x0000019eab704e42 sp=0x0000008fa64f9a28 mode 0
Event: 1041.692 Thread 0x0000019ed83a3f50 Uncommon trap: trap_request=0xffffff45 fr.pc=0x0000019eacfba048 relative=0x0000000000001268
Event: 1041.693 Thread 0x0000019ed83a3f50 Uncommon trap: reason=unstable_if action=reinterpret pc=0x0000019eacfba048 method=com.google.common.io.ByteStreams.combineBuffers(Ljava/util/Queue;I)[B @ 26 c2
Event: 1041.693 Thread 0x0000019ed83a3f50 DEOPT PACKING pc=0x0000019eacfba048 sp=0x0000008fa5cfb680
Event: 1041.693 Thread 0x0000019ed83a3f50 DEOPT UNPACKING pc=0x0000019eab7046a2 sp=0x0000008fa5cfb5c8 mode 2
Event: 1041.701 Thread 0x0000019ed13e27d0 Uncommon trap: reason=bimorphic_or_optimized_type_check action=maybe_recompile pc=0x0000019ead04dd40 method=com.android.tools.r8.internal.l32.a(Lcom/android/tools/r8/internal/y51;Ljava/util/ArrayList;Lcom/android/tools/r8/internal/id3;Ljava/util/IdentityH
Event: 1041.701 Thread 0x0000019ed13e27d0 DEOPT PACKING pc=0x0000019ead04dd40 sp=0x0000008fa5ff9e40
Event: 1041.701 Thread 0x0000019ed13e27d0 DEOPT UNPACKING pc=0x0000019eab7046a2 sp=0x0000008fa5ff9e10 mode 2
Event: 1041.711 Thread 0x0000019ede3b68e0 DEOPT PACKING pc=0x0000019ea6e36d01 sp=0x0000008fa66fa1c0
Event: 1041.711 Thread 0x0000019ede3b9d60 Uncommon trap: trap_request=0xffffff45 fr.pc=0x0000019eac65b3d0 relative=0x0000000000001830
Event: 1041.711 Thread 0x0000019ede3b68e0 DEOPT UNPACKING pc=0x0000019eab704e42 sp=0x0000008fa66f99e0 mode 0
Event: 1041.711 Thread 0x0000019ede3b9d60 Uncommon trap: reason=unstable_if action=reinterpret pc=0x0000019eac65b3d0 method=com.android.tools.r8.internal.uq.a(Lcom/android/tools/r8/graph/hc;Lcom/android/tools/r8/shaking/x;)V @ 683 c2
Event: 1041.711 Thread 0x0000019ede3b9d60 DEOPT PACKING pc=0x0000019eac65b3d0 sp=0x0000008fa61fa9e0
Event: 1041.711 Thread 0x0000019ede3b9d60 DEOPT UNPACKING pc=0x0000019eab7046a2 sp=0x0000008fa61fa988 mode 2
Event: 1041.789 Thread 0x0000019ed839c2a0 DEOPT PACKING pc=0x0000019ea6e37446 sp=0x0000008fa0af70d0
Event: 1041.789 Thread 0x0000019ed839c2a0 DEOPT UNPACKING pc=0x0000019eab704e42 sp=0x0000008fa0af68f8 mode 0
Event: 1041.792 Thread 0x0000019ebb48d4d0 DEOPT PACKING pc=0x0000019ea7592281 sp=0x0000008f9b2ff490
Event: 1041.792 Thread 0x0000019ebb48d4d0 DEOPT UNPACKING pc=0x0000019eab704e42 sp=0x0000008f9b2fe930 mode 0
Event: 1041.842 Thread 0x0000019ed839c2a0 Uncommon trap: trap_request=0xffffff45 fr.pc=0x0000019eabf39d20 relative=0x0000000000000780

Classes loaded (20 events):
Event: 932.245 Loading class java/util/zip/ZipFile$EntrySpliterator
Event: 932.266 Loading class java/util/Spliterators$AbstractSpliterator
Event: 932.296 Loading class java/util/Spliterators$AbstractSpliterator done
Event: 932.296 Loading class java/util/zip/ZipFile$EntrySpliterator done
Event: 950.338 Loading class java/util/zip/ZipOutputStream$XEntry
Event: 950.347 Loading class java/util/zip/ZipOutputStream$XEntry done
Event: 958.007 Loading class java/util/IdentityHashMap$EntrySpliterator
Event: 958.008 Loading class java/util/IdentityHashMap$IdentityHashMapSpliterator
Event: 958.008 Loading class java/util/IdentityHashMap$IdentityHashMapSpliterator done
Event: 958.009 Loading class java/util/IdentityHashMap$EntrySpliterator done
Event: 958.050 Loading class java/util/SortedSet$1
Event: 958.053 Loading class java/util/SortedSet$1 done
Event: 958.088 Loading class java/util/PriorityQueue
Event: 958.090 Loading class java/util/PriorityQueue done
Event: 958.113 Loading class java/util/IdentityHashMap$ValueIterator
Event: 958.113 Loading class java/util/IdentityHashMap$ValueIterator done
Event: 959.670 Loading class java/nio/ByteBufferAsShortBufferL
Event: 959.672 Loading class java/nio/ByteBufferAsShortBufferL done
Event: 960.046 Loading class java/util/zip/Adler32
Event: 960.094 Loading class java/util/zip/Adler32 done

Classes unloaded (20 events):
Event: 973.370 Thread 0x0000019ebb373790 Unloading class 0x00000008025b8400 'java/lang/invoke/LambdaForm$DMH+0x00000008025b8400'
Event: 973.370 Thread 0x0000019ebb373790 Unloading class 0x00000008025b8800 'java/lang/invoke/LambdaForm$DMH+0x00000008025b8800'
Event: 973.370 Thread 0x0000019ebb373790 Unloading class 0x00000008025b8c00 'java/lang/invoke/LambdaForm$DMH+0x00000008025b8c00'
Event: 973.370 Thread 0x0000019ebb373790 Unloading class 0x0000000802575400 'java/lang/invoke/LambdaForm$DMH+0x0000000802575400'
Event: 973.371 Thread 0x0000019ebb373790 Unloading class 0x0000000802575000 'java/lang/invoke/LambdaForm$DMH+0x0000000802575000'
Event: 973.371 Thread 0x0000019ebb373790 Unloading class 0x0000000802574c00 'java/lang/invoke/LambdaForm$DMH+0x0000000802574c00'
Event: 973.371 Thread 0x0000019ebb373790 Unloading class 0x0000000802574800 'java/lang/invoke/LambdaForm$DMH+0x0000000802574800'
Event: 973.372 Thread 0x0000019ebb373790 Unloading class 0x0000000802574400 'java/lang/invoke/LambdaForm$DMH+0x0000000802574400'
Event: 973.372 Thread 0x0000019ebb373790 Unloading class 0x00000008024b2000 'java/lang/invoke/LambdaForm$DMH+0x00000008024b2000'
Event: 973.372 Thread 0x0000019ebb373790 Unloading class 0x00000008024b1800 'java/lang/invoke/LambdaForm$DMH+0x00000008024b1800'
Event: 973.372 Thread 0x0000019ebb373790 Unloading class 0x00000008024b1c00 'java/lang/invoke/LambdaForm$DMH+0x00000008024b1c00'
Event: 973.372 Thread 0x0000019ebb373790 Unloading class 0x00000008024b0800 'java/lang/invoke/LambdaForm$DMH+0x00000008024b0800'
Event: 973.372 Thread 0x0000019ebb373790 Unloading class 0x00000008024b0400 'java/lang/invoke/LambdaForm$DMH+0x00000008024b0400'
Event: 973.372 Thread 0x0000019ebb373790 Unloading class 0x00000008024b1000 'java/lang/invoke/LambdaForm$DMH+0x00000008024b1000'
Event: 973.372 Thread 0x0000019ebb373790 Unloading class 0x00000008024b0c00 'java/lang/invoke/LambdaForm$DMH+0x00000008024b0c00'
Event: 973.372 Thread 0x0000019ebb373790 Unloading class 0x00000008024b1400 'java/lang/invoke/LambdaForm$DMH+0x00000008024b1400'
Event: 973.372 Thread 0x0000019ebb373790 Unloading class 0x00000008023c1000 'java/lang/invoke/LambdaForm$DMH+0x00000008023c1000'
Event: 973.372 Thread 0x0000019ebb373790 Unloading class 0x00000008023c0c00 'java/lang/invoke/LambdaForm$DMH+0x00000008023c0c00'
Event: 973.372 Thread 0x0000019ebb373790 Unloading class 0x00000008023c0800 'java/lang/invoke/LambdaForm$DMH+0x00000008023c0800'
Event: 973.372 Thread 0x0000019ebb373790 Unloading class 0x00000008023c0000 'java/lang/invoke/LambdaForm$DMH+0x00000008023c0000'

Classes redefined (0 events):
No events

Internal exceptions (20 events):
Event: 1040.899 Thread 0x0000019ed83a3f50 Exception <a 'sun/nio/fs/WindowsException'{0x0000000767d9a9a8}> (0x0000000767d9a9a8) 
thrown [s\src\hotspot\share\prims\jni.cpp, line 537]
Event: 1040.931 Thread 0x0000019ede3b7600 Exception <a 'sun/nio/fs/WindowsException'{0x00000007655c17e8}> (0x00000007655c17e8) 
thrown [s\src\hotspot\share\prims\jni.cpp, line 537]
Event: 1040.993 Thread 0x0000019ed83a3f50 Exception <a 'sun/nio/fs/WindowsException'{0x00000007635d0970}> (0x00000007635d0970) 
thrown [s\src\hotspot\share\prims\jni.cpp, line 537]
Event: 1041.001 Thread 0x0000019ed13e2e60 Exception <a 'sun/nio/fs/WindowsException'{0x00000007639e4af0}> (0x00000007639e4af0) 
thrown [s\src\hotspot\share\prims\jni.cpp, line 537]
Event: 1041.045 Thread 0x0000019ede3b96d0 Exception <a 'sun/nio/fs/WindowsException'{0x0000000760eabc90}> (0x0000000760eabc90) 
thrown [s\src\hotspot\share\prims\jni.cpp, line 537]
Event: 1041.046 Thread 0x0000019ede3b8320 Exception <a 'sun/nio/fs/WindowsException'{0x0000000760ad98b8}> (0x0000000760ad98b8) 
thrown [s\src\hotspot\share\prims\jni.cpp, line 537]
Event: 1041.098 Thread 0x0000019ed13e27d0 Exception <a 'sun/nio/fs/WindowsException'{0x000000075bf63eb0}> (0x000000075bf63eb0) 
thrown [s\src\hotspot\share\prims\jni.cpp, line 537]
Event: 1041.110 Thread 0x0000019ed839c2a0 Exception <a 'sun/nio/fs/WindowsException'{0x000000075b1e9d78}> (0x000000075b1e9d78) 
thrown [s\src\hotspot\share\prims\jni.cpp, line 537]
Event: 1041.163 Thread 0x0000019ede3b8320 Exception <a 'sun/nio/fs/WindowsException'{0x0000000757476b30}> (0x0000000757476b30) 
thrown [s\src\hotspot\share\prims\jni.cpp, line 537]
Event: 1041.182 Thread 0x0000019ede3b7600 Exception <a 'sun/nio/fs/WindowsException'{0x0000000756a68568}> (0x0000000756a68568) 
thrown [s\src\hotspot\share\prims\jni.cpp, line 537]
Event: 1041.191 Thread 0x0000019ed13e27d0 Exception <a 'sun/nio/fs/WindowsException'{0x00000007560cfb48}> (0x00000007560cfb48) 
thrown [s\src\hotspot\share\prims\jni.cpp, line 537]
Event: 1041.201 Thread 0x0000019ed839c2a0 Exception <a 'sun/nio/fs/WindowsException'{0x0000000755832918}> (0x0000000755832918) 
thrown [s\src\hotspot\share\prims\jni.cpp, line 537]
Event: 1041.252 Thread 0x0000019ede3b8320 Exception <a 'sun/nio/fs/WindowsException'{0x00000007530ea5f0}> (0x00000007530ea5f0) 
thrown [s\src\hotspot\share\prims\jni.cpp, line 537]
Event: 1041.278 Thread 0x0000019ede3b7600 Exception <a 'sun/nio/fs/WindowsException'{0x00000007515ef080}> (0x00000007515ef080) 
thrown [s\src\hotspot\share\prims\jni.cpp, line 537]
Event: 1041.303 Thread 0x0000019ed839c2a0 Exception <a 'sun/nio/fs/WindowsException'{0x000000074f9ae530}> (0x000000074f9ae530) 
thrown [s\src\hotspot\share\prims\jni.cpp, line 537]
Event: 1041.358 Thread 0x0000019ed13e27d0 Exception <a 'sun/nio/fs/WindowsException'{0x000000074ceb05f0}> (0x000000074ceb05f0) 
thrown [s\src\hotspot\share\prims\jni.cpp, line 537]
Event: 1041.520 Thread 0x0000019ed13e27d0 Exception <a 'sun/nio/fs/WindowsException'{0x000000074310c148}> (0x000000074310c148) 
thrown [s\src\hotspot\share\prims\jni.cpp, line 537]
Event: 1041.532 Thread 0x0000019ed83a3f50 Exception <a 'sun/nio/fs/WindowsException'{0x0000000742916780}> (0x0000000742916780) 
thrown [s\src\hotspot\share\prims\jni.cpp, line 537]
Event: 1041.798 Thread 0x0000019ed13e27d0 Exception <a 'sun/nio/fs/WindowsException'{0x00000007ffb0c1c8}> (0x00000007ffb0c1c8) 
thrown [s\src\hotspot\share\prims\jni.cpp, line 537]
Event: 1041.812 Thread 0x0000019ede3b9040 Exception <a 'sun/nio/fs/WindowsException'{0x00000007fed5e1e8}> (0x00000007fed5e1e8) 
thrown [s\src\hotspot\share\prims\jni.cpp, line 537]

ZGC Phase Switch (0 events):
No events

VM Operations (20 events):
Event: 1035.227 Executing VM operation: G1CollectForAllocation (G1 Evacuation Pause)
Event: 1035.248 Executing VM operation: G1CollectForAllocation (G1 Evacuation Pause) done
Event: 1035.377 Executing VM operation: G1PauseCleanup
Event: 1035.386 Executing VM operation: G1PauseCleanup done
Event: 1036.870 Executing VM operation: G1CollectForAllocation (G1 Evacuation Pause)
Event: 1036.895 Executing VM operation: G1CollectForAllocation (G1 Evacuation Pause) done
Event: 1038.427 Executing VM operation: G1CollectForAllocation (G1 Evacuation Pause)
Event: 1038.457 Executing VM operation: G1CollectForAllocation (G1 Evacuation Pause) done
Event: 1039.458 Executing VM operation: Cleanup
Event: 1039.458 Executing VM operation: Cleanup done
Event: 1040.274 Executing VM operation: G1CollectForAllocation (G1 Evacuation Pause)
Event: 1040.286 Executing VM operation: G1CollectForAllocation (G1 Evacuation Pause) done
Event: 1040.624 Executing VM operation: G1PauseRemark
Event: 1040.661 Executing VM operation: G1PauseRemark done
Event: 1040.985 Executing VM operation: G1PauseCleanup
Event: 1040.986 Executing VM operation: G1PauseCleanup done
Event: 1041.729 Executing VM operation: G1CollectForAllocation (G1 Evacuation Pause)
Event: 1041.730 Executing VM operation: G1CollectForAllocation (G1 Evacuation Pause) done
Event: 1041.733 Executing VM operation: G1CollectForAllocation (GCLocker Initiated GC)
Event: 1041.785 Executing VM operation: G1CollectForAllocation (GCLocker Initiated GC) done

Memory protections (0 events):
No events

Nmethod flushes (20 events):
Event: 1040.655 Thread 0x0000019ebb373790 flushing  nmethod 0x0000019eac990b90
Event: 1040.656 Thread 0x0000019ebb373790 flushing osr nmethod 0x0000019eacb6b290
Event: 1040.656 Thread 0x0000019ebb373790 flushing  nmethod 0x0000019eacc08f10
Event: 1040.656 Thread 0x0000019ebb373790 flushing  nmethod 0x0000019eacc1e310
Event: 1040.657 Thread 0x0000019ebb373790 flushing  nmethod 0x0000019eacfff210
Event: 1040.657 Thread 0x0000019ebb373790 flushing  nmethod 0x0000019ead16bc90
Event: 1040.657 Thread 0x0000019ebb373790 flushing  nmethod 0x0000019ead17fe10
Event: 1040.657 Thread 0x0000019ebb373790 flushing  nmethod 0x0000019ead555510
Event: 1040.657 Thread 0x0000019ebb373790 flushing  nmethod 0x0000019ea438ea90
Event: 1040.657 Thread 0x0000019ebb373790 flushing  nmethod 0x0000019ea4397890
Event: 1040.658 Thread 0x0000019ebb373790 flushing  nmethod 0x0000019ea4f31a10
Event: 1040.658 Thread 0x0000019ebb373790 flushing  nmethod 0x0000019ea4f37d10
Event: 1040.658 Thread 0x0000019ebb373790 flushing  nmethod 0x0000019ea5343490
Event: 1040.658 Thread 0x0000019ebb373790 flushing  nmethod 0x0000019ea582e910
Event: 1040.658 Thread 0x0000019ebb373790 flushing  nmethod 0x0000019ea5b43a90
Event: 1040.658 Thread 0x0000019ebb373790 flushing  nmethod 0x0000019ea5b4a510
Event: 1040.658 Thread 0x0000019ebb373790 flushing  nmethod 0x0000019ea5b6f890
Event: 1040.658 Thread 0x0000019ebb373790 flushing  nmethod 0x0000019ea626b190
Event: 1040.658 Thread 0x0000019ebb373790 flushing  nmethod 0x0000019ea6bb7e90
Event: 1040.658 Thread 0x0000019ebb373790 flushing  nmethod 0x0000019ea8210b90

Events (20 events):
Event: 956.634 Thread 0x0000019ec9180670 Thread exited: 0x0000019ec9180670
Event: 956.905 Thread 0x0000019ebb4bad20 Thread added: 0x0000019ec47e7570
Event: 976.755 Thread 0x0000019ed7ed2590 Thread added: 0x0000019ede7586d0
Event: 984.984 Thread 0x0000019ed8a2fbe0 Thread exited: 0x0000019ed8a2fbe0
Event: 1008.353 Thread 0x0000019ec47e7570 Thread exited: 0x0000019ec47e7570
Event: 1008.731 Thread 0x0000019ebb4ba280 Thread added: 0x0000019ec627eda0
Event: 1010.036 Thread 0x0000019ec627eda0 Thread exited: 0x0000019ec627eda0
Event: 1010.604 Thread 0x0000019ec9181410 Thread added: 0x0000019ed8161b20
Event: 1012.101 Thread 0x0000019ed8161b20 Thread exited: 0x0000019ed8161b20
Event: 1012.352 Thread 0x0000019ec9181410 Thread exited: 0x0000019ec9181410
Event: 1013.504 Thread 0x0000019ebb4bad20 Thread added: 0x0000019ec8c6b1b0
Event: 1013.640 Thread 0x0000019ebb4bad20 Thread added: 0x0000019ec8c6b880
Event: 1020.716 Thread 0x0000019ec8c6b880 Thread exited: 0x0000019ec8c6b880
Event: 1023.296 Thread 0x0000019ec8c6b1b0 Thread exited: 0x0000019ec8c6b1b0
Event: 1034.865 Thread 0x0000019ebb4ba280 Thread added: 0x0000019ec4b53300
Event: 1035.621 Thread 0x0000019ebb4bad20 Thread added: 0x0000019ec5100ee0
Event: 1037.615 Thread 0x0000019ec5100ee0 Thread exited: 0x0000019ec5100ee0
Event: 1037.898 Thread 0x0000019ec4b53300 Thread exited: 0x0000019ec4b53300
Event: 1040.868 Thread 0x0000019ebb4bad20 Thread added: 0x0000019ec8c6ccf0
Event: 1041.007 Thread 0x0000019ec8c6ccf0 Thread added: 0x0000019ec0b59ef0


Dynamic libraries:
0x00007ff7caf60000 - 0x00007ff7caf6a000 	C:\Program Files\Android\Android Studio\jbr\bin\java.exe
0x00007ff824b40000 - 0x00007ff824da7000 	C:\WINDOWS\SYSTEM32\ntdll.dll
0x00007ff822a30000 - 0x00007ff822af9000 	C:\WINDOWS\System32\KERNEL32.DLL
0x00007ff822210000 - 0x00007ff822601000 	C:\WINDOWS\System32\KERNELBASE.dll
0x00007ff821630000 - 0x00007ff82177b000 	C:\WINDOWS\System32\ucrtbase.dll
0x00007ff80ecb0000 - 0x00007ff80ecc8000 	C:\Program Files\Android\Android Studio\jbr\bin\jli.dll
0x00007ff808870000 - 0x00007ff80888b000 	C:\Program Files\Android\Android Studio\jbr\bin\VCRUNTIME140.dll
0x00007ff823040000 - 0x00007ff823205000 	C:\WINDOWS\System32\USER32.dll
0x00007ff8221e0000 - 0x00007ff822207000 	C:\WINDOWS\System32\win32u.dll
0x00007ff80e310000 - 0x00007ff80e5a3000 	C:\WINDOWS\WinSxS\amd64_microsoft.windows.common-controls_6595b64144ccf1df_6.0.26100.7922_none_3e089e1ee3342171\COMCTL32.dll
0x00007ff823010000 - 0x00007ff82303b000 	C:\WINDOWS\System32\GDI32.dll
0x00007ff823d30000 - 0x00007ff823dd9000 	C:\WINDOWS\System32\msvcrt.dll
0x00007ff821840000 - 0x00007ff82196a000 	C:\WINDOWS\System32\gdi32full.dll
0x00007ff822830000 - 0x00007ff8228d3000 	C:\WINDOWS\System32\msvcp_win.dll
0x00007ff824930000 - 0x00007ff824961000 	C:\WINDOWS\System32\IMM32.DLL
0x00007ff81caa0000 - 0x00007ff81caac000 	C:\Program Files\Android\Android Studio\jbr\bin\vcruntime140_1.dll
0x00007ff804210000 - 0x00007ff80429d000 	C:\Program Files\Android\Android Studio\jbr\bin\msvcp140.dll
0x00007fffd6610000 - 0x00007fffd72a6000 	C:\Program Files\Android\Android Studio\jbr\bin\server\jvm.dll
0x00007ff823730000 - 0x00007ff8237eb000 	C:\WINDOWS\System32\ADVAPI32.dll
0x00007ff824970000 - 0x00007ff824a17000 	C:\WINDOWS\System32\sechost.dll
0x00007ff823990000 - 0x00007ff823aa8000 	C:\WINDOWS\System32\RPCRT4.dll
0x00007ff824740000 - 0x00007ff8247b4000 	C:\WINDOWS\System32\WS2_32.dll
0x00007ff821280000 - 0x00007ff8212de000 	C:\WINDOWS\SYSTEM32\POWRPROF.dll
0x00007ff819480000 - 0x00007ff81948b000 	C:\WINDOWS\SYSTEM32\VERSION.dll
0x00007ff815690000 - 0x00007ff8156c5000 	C:\WINDOWS\SYSTEM32\WINMM.dll
0x00007ff821260000 - 0x00007ff821274000 	C:\WINDOWS\SYSTEM32\UMPDC.dll
0x00007ff8201b0000 - 0x00007ff8201cb000 	C:\WINDOWS\SYSTEM32\kernel.appcore.dll
0x00007ff80ec90000 - 0x00007ff80ec9a000 	C:\Program Files\Android\Android Studio\jbr\bin\jimage.dll
0x00007ff8184d0000 - 0x00007ff818712000 	C:\WINDOWS\SYSTEM32\DBGHELP.DLL
0x00007ff8233a0000 - 0x00007ff823722000 	C:\WINDOWS\System32\combase.dll
0x00007ff823ab0000 - 0x00007ff823b87000 	C:\WINDOWS\System32\OLEAUT32.dll
0x00007fffe3cd0000 - 0x00007fffe3d0b000 	C:\WINDOWS\SYSTEM32\dbgcore.DLL
0x00007ff822780000 - 0x00007ff822825000 	C:\WINDOWS\System32\bcryptPrimitives.dll
0x00007ff80eca0000 - 0x00007ff80ecae000 	C:\Program Files\Android\Android Studio\jbr\bin\instrument.dll
0x00007ff804190000 - 0x00007ff8041b0000 	C:\Program Files\Android\Android Studio\jbr\bin\java.dll
0x00007ff804100000 - 0x00007ff804118000 	C:\Program Files\Android\Android Studio\jbr\bin\zip.dll
0x00007ff823df0000 - 0x00007ff82454f000 	C:\WINDOWS\System32\SHELL32.dll
0x00007ff822610000 - 0x00007ff82277a000 	C:\WINDOWS\System32\wintypes.dll
0x00007ff821970000 - 0x00007ff8221d4000 	C:\WINDOWS\System32\windows.storage.dll
0x00007ff8237f0000 - 0x00007ff8238e7000 	C:\WINDOWS\System32\SHCORE.dll
0x00007ff824a90000 - 0x00007ff824af7000 	C:\WINDOWS\System32\shlwapi.dll
0x00007ff821340000 - 0x00007ff821369000 	C:\WINDOWS\SYSTEM32\profapi.dll
0x00007ff80ec60000 - 0x00007ff80ec70000 	C:\Program Files\Android\Android Studio\jbr\bin\net.dll
0x00007ff81a300000 - 0x00007ff81a427000 	C:\WINDOWS\SYSTEM32\WINHTTP.dll
0x00007ff820720000 - 0x00007ff82078b000 	C:\WINDOWS\system32\mswsock.dll
0x00007ff803e80000 - 0x00007ff803e96000 	C:\Program Files\Android\Android Studio\jbr\bin\nio.dll
0x00007ff819420000 - 0x00007ff819430000 	C:\Program Files\Android\Android Studio\jbr\bin\verify.dll
0x00007ff81ccf0000 - 0x00007ff81cd17000 	C:\Users\Manush G R\.gradle\native\1def1411415f61bf3af743bc5b6707747c0891f09f0c88961ee8f79bc544acac\windows-amd64\native-platform.dll
0x00007ff81cc70000 - 0x00007ff81cce8000 	C:\Users\Manush G R\.gradle\native\0.2.7\x86_64-windows-gnu\gradle-fileevents.dll
0x00007ff8040f0000 - 0x00007ff8040f9000 	C:\Program Files\Android\Android Studio\jbr\bin\management.dll
0x00007ff803e70000 - 0x00007ff803e7b000 	C:\Program Files\Android\Android Studio\jbr\bin\management_ext.dll
0x00007ff823de0000 - 0x00007ff823de8000 	C:\WINDOWS\System32\PSAPI.DLL
0x00007ff81fbc0000 - 0x00007ff81fbf3000 	C:\WINDOWS\SYSTEM32\IPHLPAPI.DLL
0x00007ff824a20000 - 0x00007ff824a2a000 	C:\WINDOWS\System32\NSI.dll
0x00007ff804180000 - 0x00007ff804189000 	C:\Program Files\Android\Android Studio\jbr\bin\extnet.dll
0x00007ff820a10000 - 0x00007ff820a2b000 	C:\WINDOWS\SYSTEM32\CRYPTSP.dll
0x00007ff820110000 - 0x00007ff820149000 	C:\WINDOWS\system32\rsaenh.dll
0x00007ff8207d0000 - 0x00007ff820802000 	C:\WINDOWS\SYSTEM32\USERENV.dll
0x00007ff821310000 - 0x00007ff82133a000 	C:\WINDOWS\SYSTEM32\bcrypt.dll
0x00007ff820a00000 - 0x00007ff820a0c000 	C:\WINDOWS\SYSTEM32\CRYPTBASE.dll
0x00007ff81d010000 - 0x00007ff81d018000 	C:\WINDOWS\system32\wshunix.dll
0x00007ff81fc60000 - 0x00007ff81fd8a000 	C:\WINDOWS\SYSTEM32\DNSAPI.dll
0x00007ff81a060000 - 0x00007ff81a06b000 	C:\Windows\System32\rasadhlp.dll
0x00007ff81b870000 - 0x00007ff81b8f6000 	C:\WINDOWS\System32\fwpuclnt.dll
0x00007fffee770000 - 0x00007fffee788000 	C:\WINDOWS\system32\napinsp.dll
0x00007fffee6e0000 - 0x00007fffee6f2000 	C:\WINDOWS\System32\winrnr.dll
0x00007fffee6b0000 - 0x00007fffee6d2000 	C:\WINDOWS\system32\nlansp_c.dll
0x00007ff8199e0000 - 0x00007ff8199f6000 	C:\WINDOWS\system32\wshbth.dll
0x00007ff81a9e0000 - 0x00007ff81aa21000 	C:\Users\Manush G R\AppData\Local\Temp\jna-1107683497\jna17563540506980390042.dll
0x00007ff8202d0000 - 0x00007ff820306000 	C:\WINDOWS\SYSTEM32\ntmarta.dll
0x00007ff81ec40000 - 0x00007ff81ecdf000 	C:\WINDOWS\system32\apphelp.dll
0x00007ff81a010000 - 0x00007ff81a017000 	C:\Program Files\Android\Android Studio\jbr\bin\rmi.dll

JVMTI agents:
C:\Users\Manush G R\.gradle\wrapper\dists\gradle-8.13-bin\5xuhj0ry160q40clulazy9h7d\gradle-8.13\lib\agents\gradle-instrumentation-agent-8.13.jar path:C:\Program Files\Android\Android Studio\jbr\bin\instrument.dll, loaded, initialized, instrumentlib options:none

dbghelp: loaded successfully - version: 4.0.5 - missing functions: none
symbol engine: initialized successfully - sym options: 0x614 - pdb path: .;C:\Program Files\Android\Android Studio\jbr\bin;C:\WINDOWS\SYSTEM32;C:\WINDOWS\WinSxS\amd64_microsoft.windows.common-controls_6595b64144ccf1df_6.0.26100.7922_none_3e089e1ee3342171;C:\Program Files\Android\Android Studio\jbr\bin\server;C:\Users\Manush G R\.gradle\native\1def1411415f61bf3af743bc5b6707747c0891f09f0c88961ee8f79bc544acac\windows-amd64;C:\Users\Manush G R\.gradle\native\0.2.7\x86_64-windows-gnu;C:\Users\Manush G R\AppData\Local\Temp\jna-1107683497

VM Arguments:
jvm_args: --add-opens=java.base/java.lang=ALL-UNNAMED --add-opens=java.base/java.lang.invoke=ALL-UNNAMED --add-opens=java.base/java.util=ALL-UNNAMED --add-opens=java.prefs/java.util.prefs=ALL-UNNAMED --add-exports=jdk.compiler/com.sun.tools.javac.api=ALL-UNNAMED --add-exports=jdk.compiler/com.sun.tools.javac.util=ALL-UNNAMED --add-opens=java.base/java.util=ALL-UNNAMED --add-opens=java.prefs/java.util.prefs=ALL-UNNAMED --add-opens=java.base/java.nio.charset=ALL-UNNAMED --add-opens=java.base/java.net=ALL-UNNAMED --add-opens=java.base/java.util.concurrent.atomic=ALL-UNNAMED --add-opens=java.xml/javax.xml.namespace=ALL-UNNAMED -XX:MaxMetaspaceSize=1024m -XX:+HeapDumpOnOutOfMemoryError -Xms512m -Xmx4096m -Dfile.encoding=UTF-8 -Duser.country=IN -Duser.language=en -Duser.variant -javaagent:C:\Users\Manush G R\.gradle\wrapper\dists\gradle-8.13-bin\5xuhj0ry160q40clulazy9h7d\gradle-8.13\lib\agents\gradle-instrumentation-agent-8.13.jar 
java_command: org.gradle.launcher.daemon.bootstrap.GradleDaemon 8.13
java_class_path (initial): C:\Users\Manush G R\.gradle\wrapper\dists\gradle-8.13-bin\5xuhj0ry160q40clulazy9h7d\gradle-8.13\lib\gradle-daemon-main-8.13.jar
Launcher Type: SUN_STANDARD

[Global flags]
     intx CICompilerCount                          = 4                                         {product} {ergonomic}
   size_t CompressedClassSpaceSize                 = 872415232                                 {product} {ergonomic}
     uint ConcGCThreads                            = 3                                         {product} {ergonomic}
     uint G1ConcRefinementThreads                  = 10                                        {product} {ergonomic}
   size_t G1HeapRegionSize                         = 2097152                                   {product} {ergonomic}
    uintx GCDrainStackTargetSize                   = 64                                        {product} {ergonomic}
     bool HeapDumpOnOutOfMemoryError               = true                                   {manageable} {command line}
   size_t InitialHeapSize                          = 536870912                                 {product} {command line}
   size_t MarkStackSize                            = 4194304                                   {product} {ergonomic}
   size_t MaxHeapSize                              = 4294967296                                {product} {command line}
   size_t MaxMetaspaceSize                         = 1073741824                                {product} {command line}
   size_t MaxNewSize                               = 2575302656                                {product} {ergonomic}
   size_t MinHeapDeltaBytes                        = 2097152                                   {product} {ergonomic}
   size_t MinHeapSize                              = 536870912                                 {product} {command line}
    uintx NonNMethodCodeHeapSize                   = 5839372                                {pd product} {ergonomic}
    uintx NonProfiledCodeHeapSize                  = 122909434                              {pd product} {ergonomic}
    uintx ProfiledCodeHeapSize                     = 122909434                              {pd product} {ergonomic}
    uintx ReservedCodeCacheSize                    = 251658240                              {pd product} {ergonomic}
     bool SegmentedCodeCache                       = true                                      {product} {ergonomic}
   size_t SoftMaxHeapSize                          = 4294967296                             {manageable} {ergonomic}
     bool UseCompressedOops                        = true                           {product lp64_product} {ergonomic}
     bool UseG1GC                                  = true                                      {product} {ergonomic}
     bool UseLargePagesIndividualAllocation        = false                                  {pd product} {ergonomic}

Logging:
Log output configuration:
 #0: stdout all=warning uptime,level,tags foldmultilines=false
 #1: stderr all=off uptime,level,tags foldmultilines=false

Environment Variables:
JAVA_HOME=C:\Program Files\Java\jdk-21
PATH=C:\Program Files\Java\jdk1.8.0_144\bin;C:\Program Files\Java\jdk-21\bin;C:\sqlplus\dbhomeXE\bin;C:\ProgramData\Oracle\Java\javapath;C:\Program Files\Common Files\Oracle\Java\javapath;C:\Program Files (x86)\Common Files\Oracle\Java\javapath;C:\windows\system32;C:\windows;C:\windows\System32\Wbem;C:\windows\System32\WindowsPowerShell\v1.0\;C:\windows\System32\OpenSSH\;C:\Program Files (x86)\NVIDIA Corporation\PhysX\Common;C:\Program Files\NVIDIA Corporation\NVIDIA NvDLISR;C:\Users\Administrator\AppData\Local\Microsoft\WindowsApps;C:\Program Files\HP\OMEN-Broadcast\Common;C:\Program Files\Git\cmd;C:\Program Files\HP\HP One Agent;C:\Program Files\dotnet\;C:\Program Files\Microsoft SQL Server\150\Tools\Binn\;C:\Program Files\Microsoft SQL Server\Client SDK\ODBC\170\Tools\Binn\;C:\Program Files (x86)\Microsoft SQL Server\160\Tools\Binn\;C:\Program Files\Microsoft SQL Server\160\Tools\Binn\;C:\Program Files\Microsoft SQL Server\160\DTS\Binn\;C:\Program Files (x86)\Microsoft SQL Server\160\DTS\Binn\;C:\Program Files\nodejs\;C:\WINDOWS\system32;C:\WINDOWS;C:\WINDOWS\System32\Wbem;C:\WINDOWS\System32\WindowsPowerShell\v1.0\;C:\WINDOWS\System32\OpenSSH\;C:\xampp\php;C:\ProgramData\ComposerSetup\bin;C:\Program Files\MySQL\MySQL Shell 8.0\bin\;C:\Users\Manush G R\AppData\Local\Programs\Python\Python312\Scripts\;C:\Users\Manush G R\AppData\Local\Programs\Python\Python312\;C:\Users\Manush G R\AppData\Local\Microsoft\WindowsApps;C:\Program Files\JetBrains\IntelliJ IDEA Community Edition 2023.3.2\bin;;C:\Users\Manush G R\AppData\Local\GitHubDesktop\bin;C:\Users\Manush G R\.dotnet\tools;C:\Users\Manush G R\AppData\Roaming\npm;C:\Program Files\MySQL\MySQL Server 8.0\bin;C:\Users\Manush G R\AppData\Local\Programs\cursor\resources\app\bin;C:\Users\Manush G R\AppData\Local\Programs\Microsoft VS Code\bin;C:\Users\Manush G R\AppData\Roaming\Composer\vendor\bin
USERNAME=Manush G R
OS=Windows_NT
PROCESSOR_IDENTIFIER=AMD64 Family 25 Model 68 Stepping 1, AuthenticAMD
TMP=C:\Users\MANUSH~1\AppData\Local\Temp
TEMP=C:\Users\MANUSH~1\AppData\Local\Temp




Periodic native trim disabled

JNI global refs:
JNI global refs: 33, weak refs: 75

JNI global refs memory usage: 835, weak refs: 1465

Process memory usage:
Resident Set Size: 2208776K (29% of 7558520K total physical memory with 772992K free physical memory)

OOME stack traces (most recent first):
Classloader memory used:
Loader org.gradle.internal.classloader.VisitableURLClassLoader                         : 126M
Loader org.gradle.internal.classloader.VisitableURLClassLoader$InstrumentingVisitableURLClassLoader: 80397K
Loader bootstrap                                                                       : 43003K
Loader java.net.URLClassLoader                                                         : 20409K
Loader org.gradle.initialization.MixInLegacyTypesClassLoader                           : 14473K
Loader jdk.internal.loader.ClassLoaders$AppClassLoader                                 : 9284K
Loader jdk.internal.loader.ClassLoaders$PlatformClassLoader                            : 1198K
Loader jdk.internal.reflect.DelegatingClassLoader                                      : 915K
Loader jdk.internal.jrtfs.JrtFileSystemProvider$JrtFsLoader                            : 343K
Loader org.gradle.internal.classloader.VisitableURLClassLoader                         : 324K
Loader org.gradle.groovy.scripts.internal.DefaultScriptCompilationHandler$ScriptClassLoader: 173K
Loader org.codehaus.groovy.runtime.callsite.CallSiteClassLoader                        : 40968B
Loader sun.reflect.misc.MethodUtil                                                     : 2984B

Classes loaded by more than one classloader:
Class Program                                                                         : loaded 5 times (x 72B)
Class kotlin.collections.MapsKt__MapsJVMKt                                            : loaded 4 times (x 71B)
Class kotlin.collections.ArraysKt__ArraysKt                                           : loaded 4 times (x 71B)
Class kotlin.NotImplementedError                                                      : loaded 4 times (x 82B)
Class kotlin.text.StringsKt__StringsKt                                                : loaded 4 times (x 71B)
Class kotlin.collections.SetsKt__SetsJVMKt                                            : loaded 4 times (x 71B)
Class kotlin.Function                                                                 : loaded 4 times (x 70B)
Class kotlin.collections.CollectionsKt__MutableCollectionsKt                          : loaded 4 times (x 71B)
Class kotlin.io.CloseableKt                                                           : loaded 4 times (x 71B)
Class kotlin.Pair                                                                     : loaded 4 times (x 72B)
Class kotlin.text.StringsKt__StringsJVMKt                                             : loaded 4 times (x 71B)
Class kotlin.collections.SetsKt                                                       : loaded 4 times (x 71B)
Class kotlin.text.StringsKt__IndentKt                                                 : loaded 4 times (x 71B)
Class kotlin.UNINITIALIZED_VALUE                                                      : loaded 4 times (x 71B)
Class kotlin.sequences.SequencesKt__SequenceBuilderKt                                 : loaded 4 times (x 71B)
Class kotlin.collections.MapsKt__MapsKt                                               : loaded 4 times (x 71B)
Class kotlin.collections.CollectionsKt                                                : loaded 4 times (x 71B)
Class kotlin.jvm.internal.Lambda                                                      : loaded 4 times (x 75B)
Class kotlin.UninitializedPropertyAccessException                                     : loaded 4 times (x 82B)
Class kotlin.collections.CollectionsKt__ReversedViewsKt                               : loaded 4 times (x 71B)
Class kotlin.collections.CollectionsKt__IteratorsJVMKt                                : loaded 4 times (x 71B)
Class kotlin.collections.CollectionsKt__CollectionsJVMKt                              : loaded 4 times (x 71B)
Class kotlin.jvm.internal.FunctionBase                                                : loaded 4 times (x 70B)
Class kotlin.enums.EnumEntriesList                                                    : loaded 4 times (x 223B)
Class kotlin.sequences.SequencesKt                                                    : loaded 4 times (x 71B)
Class kotlin.collections.CollectionsKt__IteratorsKt                                   : loaded 4 times (x 71B)
Class kotlin.text.StringsKt                                                           : loaded 4 times (x 71B)
Class kotlin._Assertions                                                              : loaded 4 times (x 71B)
Class kotlin.LazyKt__LazyJVMKt                                                        : loaded 4 times (x 71B)
Class kotlin.text.StringsKt__StringNumberConversionsKt                                : loaded 4 times (x 71B)
Class kotlin.collections.CollectionsKt__CollectionsKt                                 : loaded 4 times (x 71B)
Class kotlin.collections.ArraysKt___ArraysJvmKt                                       : loaded 4 times (x 71B)
Class kotlin.text.StringsKt__RegexExtensionsJVMKt                                     : loaded 4 times (x 71B)
Class kotlin.enums.EnumEntries                                                        : loaded 4 times (x 70B)
Class kotlin.collections.EmptyIterator                                                : loaded 4 times (x 89B)
Class kotlin.text.StringsKt__RegexExtensionsKt                                        : loaded 4 times (x 71B)
Class kotlin.jvm.internal.markers.KMappedMarker                                       : loaded 4 times (x 70B)
Class kotlin.SynchronizedLazyImpl                                                     : loaded 4 times (x 76B)
Class kotlin.sequences.SequencesKt__SequencesJVMKt                                    : loaded 4 times (x 71B)
Class kotlin.collections.AbstractList                                                 : loaded 4 times (x 197B)
Class kotlin.collections.AbstractCollection                                           : loaded 4 times (x 117B)
Class kotlin.text.StringsKt__StringBuilderJVMKt                                       : loaded 4 times (x 71B)
Class kotlin.LazyKt__LazyKt                                                           : loaded 4 times (x 71B)
Class kotlin.collections.EmptyList                                                    : loaded 4 times (x 174B)
Class kotlin.sequences.SequencesKt__SequencesKt                                       : loaded 4 times (x 71B)
Class kotlin.collections.SetsKt___SetsKt                                              : loaded 4 times (x 71B)
Class kotlin.NoWhenBranchMatchedException                                             : loaded 4 times (x 82B)
Class kotlin.Lazy                                                                     : loaded 4 times (x 70B)
Class kotlin.ranges.RangesKt__RangesKt                                                : loaded 4 times (x 71B)
Class kotlin.collections.CollectionsKt___CollectionsJvmKt                             : loaded 4 times (x 71B)
Class kotlin.sequences.SequencesKt___SequencesJvmKt                                   : loaded 4 times (x 71B)
Class kotlin.Unit                                                                     : loaded 4 times (x 71B)
Class kotlin.TuplesKt                                                                 : loaded 4 times (x 71B)
Class kotlin.text.StringsKt__StringBuilderKt                                          : loaded 4 times (x 71B)
Class kotlin.ranges.RangesKt                                                          : loaded 4 times (x 71B)
Class kotlin.collections.ArraysUtilJVM                                                : loaded 4 times (x 71B)
Class kotlin.collections.ArraysKt__ArraysJVMKt                                        : loaded 4 times (x 71B)
Class kotlin.jvm.functions.Function0                                                  : loaded 4 times (x 70B)
Class kotlin.text.StringsKt__StringNumberConversionsJVMKt                             : loaded 4 times (x 71B)
Class kotlin.sequences.Sequence                                                       : loaded 4 times (x 70B)
Class kotlin.jvm.functions.Function1                                                  : loaded 4 times (x 70B)
Class kotlin.LazyKt                                                                   : loaded 4 times (x 71B)
Class kotlin.collections.MapsKt___MapsJvmKt                                           : loaded 4 times (x 71B)
Class kotlin.collections.EmptySet                                                     : loaded 4 times (x 122B)
Class kotlin.collections.SetsKt__SetsKt                                               : loaded 4 times (x 71B)
Class kotlin.collections.CollectionsKt___CollectionsKt                                : loaded 4 times (x 71B)
Class kotlin.text.StringsKt___StringsJvmKt                                            : loaded 4 times (x 71B)
Class kotlin.text.StringsKt__AppendableKt                                             : loaded 4 times (x 71B)
Class kotlin.collections.ArraysKt___ArraysKt                                          : loaded 4 times (x 71B)
Class kotlin.collections.MapsKt___MapsKt                                              : loaded 4 times (x 71B)
Class kotlin.collections.MapsKt__MapWithDefaultKt                                     : loaded 4 times (x 71B)
Class kotlin.collections.ArraysKt                                                     : loaded 4 times (x 71B)
Class kotlin.enums.EnumEntriesKt                                                      : loaded 4 times (x 71B)
Class kotlin.text.StringsKt___StringsKt                                               : loaded 4 times (x 71B)
Class kotlin.collections.CollectionsKt__MutableCollectionsJVMKt                       : loaded 4 times (x 71B)
Class kotlin.jvm.internal.Intrinsics                                                  : loaded 4 times (x 71B)
Class kotlin.collections.AbstractList$Companion                                       : loaded 4 times (x 71B)
Class kotlin.sequences.SequencesKt___SequencesKt                                      : loaded 4 times (x 71B)
Class kotlin.ranges.RangesKt___RangesKt                                               : loaded 4 times (x 71B)
Class kotlin.collections.MapsKt                                                       : loaded 4 times (x 71B)
Class kotlin.collections.CollectionsKt__IterablesKt                                   : loaded 4 times (x 71B)
Class kotlin.KotlinNullPointerException                                               : loaded 4 times (x 83B)
Class org.jetbrains.kotlin.name.FqNameUnsafe$1                                        : loaded 3 times (x 74B)
Class com.google.common.base.CharMatcher$Negated                                      : loaded 3 times (x 113B)
Class com.google.common.collect.ImmutableMultimap$2                                   : loaded 3 times (x 81B)
Class com.google.common.base.CharMatcher$Is                                           : loaded 3 times (x 111B)
Class com.google.common.collect.ImmutableMultimap$1                                   : loaded 3 times (x 82B)
Class kotlin.io.FileTreeWalk$FileTreeWalkIterator$TopDownDirectoryState               : loaded 3 times (x 74B)
Class com.google.common.collect.RegularImmutableBiMap                                 : loaded 3 times (x 149B)
Class com.google.common.base.Suppliers                                                : loaded 3 times (x 71B)
Class com.google.common.base.Suppliers$NonSerializableMemoizingSupplier               : loaded 3 times (x 79B)
Class com.google.common.collect.ReverseNaturalOrdering                                : loaded 3 times (x 114B)
Class com.google.common.base.PatternCompiler                                          : loaded 3 times (x 70B)
Class com.google.common.base.Platform$JdkPatternCompiler                              : loaded 3 times (x 75B)
Class com.google.common.collect.RegularImmutableMap$BucketOverflowException           : loaded 3 times (x 82B)
Class org.jetbrains.org.objectweb.asm.ClassVisitor                                    : loaded 3 times (x 87B)
Class org.jetbrains.org.objectweb.asm.Frame                                           : loaded 3 times (x 73B)
Class com.google.common.base.Equivalence$Equals                                       : loaded 3 times (x 82B)
Class kotlin.collections.EmptyMap                                                     : loaded 3 times (x 109B)
Class kotlin.reflect.KAnnotatedElement                                                : loaded 3 times (x 70B)
Class org.jetbrains.org.objectweb.asm.Label                                           : loaded 3 times (x 72B)
Class org.jetbrains.org.objectweb.asm.Attribute                                       : loaded 3 times (x 75B)
Class com.google.common.collect.ImmutableSet$RegularSetBuilderImpl                    : loaded 3 times (x 77B)
Class com.google.common.collect.ImmutableMapKeySet                                    : loaded 3 times (x 152B)
Class com.google.common.collect.Ordering                                              : loaded 3 times (x 114B)
Class com.google.common.collect.Hashing                                               : loaded 3 times (x 71B)
Class [Lcom.google.common.collect.ImmutableMapEntry;                                  : loaded 3 times (x 69B)
Class com.google.common.base.Preconditions                                            : loaded 3 times (x 71B)
Class kotlin.text.CharsKt__CharKt                                                     : loaded 3 times (x 71B)
Class kotlin.io.FileTreeWalk$FileTreeWalkIterator                                     : loaded 3 times (x 83B)
Class com.google.common.collect.NullsLastOrdering                                     : loaded 3 times (x 115B)
Class [Lorg.jetbrains.org.objectweb.asm.Symbol;                                       : loaded 3 times (x 69B)
Class org.jetbrains.org.objectweb.asm.Opcodes                                         : loaded 3 times (x 70B)
Class kotlin.io.FilesKt                                                               : loaded 3 times (x 71B)
Class org.jetbrains.org.objectweb.asm.ClassReader                                     : loaded 3 times (x 91B)
Class [Lorg.jetbrains.org.objectweb.asm.AnnotationVisitor;                            : loaded 3 times (x 69B)
Class com.google.common.collect.ByFunctionOrdering                                    : loaded 3 times (x 115B)
Class com.google.common.collect.ListMultimap                                          : loaded 3 times (x 70B)
Class com.google.common.collect.SortedMapDifference                                   : loaded 3 times (x 70B)
Class com.google.common.collect.ImmutableEnumMap                                      : loaded 3 times (x 126B)
Class org.jetbrains.org.objectweb.asm.SymbolTable$Entry                               : loaded 3 times (x 74B)
Class com.google.common.collect.ImmutableSetMultimap                                  : loaded 3 times (x 180B)
Class com.google.common.base.CharMatcher                                              : loaded 3 times (x 111B)
Class com.google.common.base.Suppliers$MemoizingSupplier                              : loaded 3 times (x 79B)
Class kotlin.reflect.KDeclarationContainer                                            : loaded 3 times (x 70B)
Class com.google.common.collect.CollectPreconditions                                  : loaded 3 times (x 71B)
Class kotlin.annotation.Retention                                                     : loaded 3 times (x 70B)
Class com.google.common.collect.ComparatorOrdering                                    : loaded 3 times (x 115B)
Class com.google.common.collect.Sets$1                                                : loaded 3 times (x 139B)
Class com.google.common.base.Joiner$1                                                 : loaded 3 times (x 80B)
Class com.google.common.collect.UnmodifiableListIterator                              : loaded 3 times (x 95B)
Class [Lkotlin.reflect.KCallable;                                                     : loaded 3 times (x 69B)
Class com.google.common.collect.ImmutableEntry                                        : loaded 3 times (x 82B)
Class kotlin.annotation.Target                                                        : loaded 3 times (x 70B)
Class [Lcom.google.common.collect.AbstractMapEntry;                                   : loaded 3 times (x 69B)
Class com.google.common.collect.ArrayListMultimap                                     : loaded 3 times (x 172B)
Class kotlin.io.FileTreeWalk$WalkState                                                : loaded 3 times (x 73B)
Class com.google.common.collect.PeekingIterator                                       : loaded 3 times (x 70B)
Class kotlin.jvm.functions.Function3                                                  : loaded 3 times (x 70B)
Class com.google.common.base.CharMatcher$NegatedFastMatcher                           : loaded 3 times (x 113B)
Class com.google.common.base.Predicate                                                : loaded 3 times (x 70B)
Class kotlin.jvm.functions.Function2                                                  : loaded 3 times (x 70B)
Class com.google.common.collect.ImmutableMap                                          : loaded 3 times (x 120B)
Class com.google.common.collect.NaturalOrdering                                       : loaded 3 times (x 115B)
Class com.google.common.collect.Maps$IteratorBasedAbstractMap                         : loaded 3 times (x 125B)
Class com.google.common.collect.Sets                                                  : loaded 3 times (x 71B)
Class com.google.common.base.CharMatcher$FastMatcher                                  : loaded 3 times (x 111B)
Class com.google.common.collect.Sets$2                                                : loaded 3 times (x 139B)
Class com.google.common.base.CharMatcher$NamedFastMatcher                             : loaded 3 times (x 112B)
Class com.google.common.base.CharMatcher$1                                            : loaded 3 times (x 113B)
Class com.google.common.base.Joiner$2                                                 : loaded 3 times (x 79B)
Class org.jetbrains.org.objectweb.asm.RecordComponentWriter                           : loaded 3 times (x 78B)
Class kotlin.io.FileTreeWalk$DirectoryState                                           : loaded 3 times (x 73B)
Class kotlin.jvm.internal.CallableReference$NoReceiver                                : loaded 3 times (x 71B)
Class com.google.common.base.Supplier                                                 : loaded 3 times (x 70B)
Class org.jetbrains.org.objectweb.asm.MethodWriter                                    : loaded 3 times (x 105B)
Class com.google.common.collect.ImmutableMap$MapViewOfValuesAsSingletonSets           : loaded 3 times (x 126B)
Class com.google.common.base.CharMatcher$Or                                           : loaded 3 times (x 112B)
Class com.google.common.collect.RegularImmutableMap                                   : loaded 3 times (x 121B)
Class com.google.common.collect.ImmutableMultisetGwtSerializationDependencies         : loaded 3 times (x 125B)
Class com.google.common.collect.ImmutableMapEntrySet$RegularEntrySet                  : loaded 3 times (x 152B)
Class com.google.common.collect.Sets$3                                                : loaded 3 times (x 139B)
Class com.google.common.collect.ImmutableSet                                          : loaded 3 times (x 145B)
Class com.google.common.collect.RegularImmutableMap$Values                            : loaded 3 times (x 207B)
Class com.google.common.base.CharMatcher$BitSetMatcher                                : loaded 3 times (x 112B)
Class kotlin.comparisons.ComparisonsKt___ComparisonsKt                                : loaded 3 times (x 71B)
Class kotlin.comparisons.ComparisonsKt                                                : loaded 3 times (x 71B)
Class kotlin.sequences.FilteringSequence                                              : loaded 3 times (x 75B)
Class kotlin.text.CharsKt__CharJVMKt                                                  : loaded 3 times (x 71B)
Class kotlin.comparisons.ComparisonsKt__ComparisonsKt                                 : loaded 3 times (x 71B)
Class com.google.common.collect.Maps$BiMapConverter                                   : loaded 3 times (x 90B)
Class com.google.common.math.IntMath$1                                                : loaded 3 times (x 71B)
Class com.google.common.base.CharMatcher$InRange                                      : loaded 3 times (x 111B)
Class com.google.common.collect.SetMultimap                                           : loaded 3 times (x 70B)
Class com.google.common.collect.ImmutableSet$Builder                                  : loaded 3 times (x 85B)
Class com.google.common.graph.SuccessorsFunction                                      : loaded 3 times (x 70B)
Class org.jetbrains.org.objectweb.asm.RecordComponentVisitor                          : loaded 3 times (x 77B)
Class com.google.common.collect.ReverseOrdering                                       : loaded 3 times (x 115B)
Class com.google.common.collect.Sets$SetView                                          : loaded 3 times (x 138B)
Class kotlin.collections.ArrayAsCollection                                            : loaded 3 times (x 105B)
Class kotlin.io.FilePathComponents                                                    : loaded 3 times (x 72B)
Class kotlin.sequences.ConstrainedOnceSequence                                        : loaded 3 times (x 75B)
Class com.google.common.collect.ImmutableList$1                                       : loaded 3 times (x 97B)
Class com.google.common.collect.Sets$4                                                : loaded 3 times (x 139B)
Class com.google.common.collect.Maps$8                                                : loaded 3 times (x 82B)
Class org.jetbrains.org.objectweb.asm.MethodTooLargeException                         : loaded 3 times (x 83B)
Class com.google.common.collect.CompoundOrdering                                      : loaded 3 times (x 115B)
Class Build_gradle$1                                                                  : loaded 3 times (x 75B)
Class [Lorg.jetbrains.org.objectweb.asm.Attribute;                                    : loaded 3 times (x 69B)
Class org.jetbrains.org.objectweb.asm.Context                                         : loaded 3 times (x 72B)
Class com.google.common.collect.ImmutableEnumSet                                      : loaded 3 times (x 146B)
Class org.jetbrains.org.objectweb.asm.CurrentFrame                                    : loaded 3 times (x 73B)
Class com.google.common.collect.CollectSpliterators                                   : loaded 3 times (x 71B)
Class com.google.common.base.Platform                                                 : loaded 3 times (x 71B)
Class org.jetbrains.org.objectweb.asm.Symbol                                          : loaded 3 times (x 73B)
Class org.jetbrains.kotlin.name.Name                                                  : loaded 3 times (x 75B)
Class [Lcom.google.common.collect.ImmutableEntry;                                     : loaded 3 times (x 69B)
Class org.jetbrains.org.objectweb.asm.ModuleVisitor                                   : loaded 3 times (x 80B)
Class kotlin.jvm.internal.DefaultConstructorMarker                                    : loaded 3 times (x 71B)
Class com.google.common.collect.Maps                                                  : loaded 3 times (x 71B)
Class kotlin.io.FileSystemException                                                   : loaded 3 times (x 82B)
Class org.jetbrains.kotlin.name.ClassId$Companion                                     : loaded 3 times (x 71B)
Class org.jetbrains.org.objectweb.asm.TypePath                                        : loaded 3 times (x 72B)
Class com.google.common.collect.RegularImmutableList                                  : loaded 3 times (x 213B)
Class com.google.common.collect.IndexedImmutableSet$1                                 : loaded 3 times (x 213B)
Class org.jetbrains.kotlin.name.FqName                                                : loaded 3 times (x 72B)
Class org.jetbrains.org.objectweb.asm.Type                                            : loaded 3 times (x 72B)
Class com.google.common.base.Function                                                 : loaded 3 times (x 70B)
Class com.google.common.base.Equivalence                                              : loaded 3 times (x 82B)
Class Build_gradle                                                                    : loaded 3 times (x 130B)
Class com.google.common.collect.ImmutableMapEntry$NonTerminalImmutableMapEntry        : loaded 3 times (x 85B)
Class com.google.common.collect.ImmutableMultimap                                     : loaded 3 times (x 147B)
Class com.google.common.collect.ImmutableMapEntry                                     : loaded 3 times (x 85B)
Class com.google.common.collect.AllEqualOrdering                                      : loaded 3 times (x 114B)
Class com.google.common.collect.TransformedIterator                                   : loaded 3 times (x 80B)
Class com.google.common.math.IntMath                                                  : loaded 3 times (x 71B)
Class com.google.common.collect.MapDifference                                         : loaded 3 times (x 70B)
Class kotlin.jvm.internal.CallableReference                                           : loaded 3 times (x 106B)
Class com.google.common.collect.ImmutableMultimap$Builder                             : loaded 3 times (x 83B)
Class com.google.common.collect.ImmutableSet$EmptySetBuilderImpl                      : loaded 3 times (x 76B)
Class com.google.common.collect.ImmutableList                                         : loaded 3 times (x 206B)
Class com.google.common.collect.RegularImmutableSortedSet                             : loaded 3 times (x 300B)
Class com.google.common.base.CharMatcher$IsNot                                        : loaded 3 times (x 111B)
Class com.google.common.base.CommonPattern                                            : loaded 3 times (x 74B)
Class com.google.common.collect.ImmutableSortedSet                                    : loaded 3 times (x 300B)
Class kotlin.io.FilesKt__FileReadWriteKt                                              : loaded 3 times (x 71B)
Class [Lkotlin.io.FileWalkDirection;                                                  : loaded 3 times (x 69B)
Class com.google.common.collect.Maps$EntryTransformer                                 : loaded 3 times (x 70B)
Class com.google.common.collect.UsingToStringOrdering                                 : loaded 3 times (x 114B)
Class com.google.common.collect.Maps$EntrySet                                         : loaded 3 times (x 136B)
Class com.google.common.collect.ImmutableMultiset                                     : loaded 3 times (x 163B)
Class com.google.common.collect.ImmutableMultimap$EntryCollection                     : loaded 3 times (x 128B)
Class com.google.common.collect.ImmutableSet$SetBuilderImpl                           : loaded 3 times (x 76B)
Class com.google.common.collect.ImmutableAsList                                       : loaded 3 times (x 209B)
Class com.google.common.collect.Iterators$9                                           : loaded 3 times (x 81B)
Class com.google.common.base.FunctionalEquivalence                                    : loaded 3 times (x 83B)
Class com.google.common.collect.AbstractMapBasedMultimap                              : loaded 3 times (x 139B)
Class org.jetbrains.org.objectweb.asm.AnnotationWriter                                : loaded 3 times (x 78B)
Class kotlin.io.FileTreeWalk                                                          : loaded 3 times (x 75B)
Class com.google.common.collect.ImmutableSet$CachingAsList                            : loaded 3 times (x 148B)
Class com.google.common.base.Converter                                                : loaded 3 times (x 90B)
Class kotlin.collections.IndexedValue                                                 : loaded 3 times (x 72B)
Class com.google.common.collect.Maps$IteratorBasedAbstractMap$1                       : loaded 3 times (x 138B)
Class com.google.common.collect.ImmutableListMultimap                                 : loaded 3 times (x 176B)
Class com.google.common.collect.Lists                                                 : loaded 3 times (x 71B)
Class org.jetbrains.org.objectweb.asm.SymbolTable                                     : loaded 3 times (x 72B)
Class org.jetbrains.org.objectweb.asm.TypeReference                                   : loaded 3 times (x 80B)
Class kotlin.jvm.internal.FunctionReference                                           : loaded 3 times (x 122B)
Class com.google.common.collect.Iterators$ArrayItr                                    : loaded 3 times (x 97B)
Class com.google.common.collect.ImmutableCollection$Builder                           : loaded 3 times (x 76B)
Class com.google.common.collect.ImmutableList$SubList                                 : loaded 3 times (x 209B)
Class kotlin.io.FilesKt__UtilsKt                                                      : loaded 3 times (x 71B)
Class kotlin.io.FilesKt__FileTreeWalkKt                                               : loaded 3 times (x 71B)
Class com.google.common.collect.ImmutableCollection                                   : loaded 3 times (x 125B)
Class [Lorg.jetbrains.org.objectweb.asm.SymbolTable$Entry;                            : loaded 3 times (x 69B)
Class com.google.common.base.CharMatcher$AnyOf                                        : loaded 3 times (x 112B)
Class org.jetbrains.kotlin.name.FqNameUnsafe                                          : loaded 3 times (x 72B)
Class [Lorg.jetbrains.org.objectweb.asm.Type;                                         : loaded 3 times (x 69B)
Class com.google.common.base.CharMatcher$ForPredicate                                 : loaded 3 times (x 112B)
Class com.google.common.collect.ImmutableMultimap$Values                              : loaded 3 times (x 126B)
Class org.jetbrains.org.objectweb.asm.AnnotationVisitor                               : loaded 3 times (x 77B)
Class com.google.common.collect.EmptyImmutableListMultimap                            : loaded 3 times (x 176B)
Class com.google.common.collect.ImmutableSet$JdkBackedSetBuilderImpl                  : loaded 3 times (x 76B)
Class com.google.common.collect.Iterators$5                                           : loaded 3 times (x 82B)
Class com.google.common.collect.BaseImmutableMultimap                                 : loaded 3 times (x 123B)
Class com.google.common.collect.Iterators$4                                           : loaded 3 times (x 82B)
Class com.google.common.base.Joiner                                                   : loaded 3 times (x 79B)
Class kotlin.sequences.FilteringSequence$iterator$1                                   : loaded 3 times (x 79B)
Class kotlin.comparisons.ComparisonsKt___ComparisonsJvmKt                             : loaded 3 times (x 71B)
Class com.google.common.collect.ImmutableBiMap                                        : loaded 3 times (x 143B)
Class com.google.common.collect.AbstractListMultimap                                  : loaded 3 times (x 172B)
Class com.google.common.collect.SortedIterable                                        : loaded 3 times (x 70B)
Class kotlin.jvm.internal.CollectionToArray                                           : loaded 3 times (x 71B)
Class com.google.common.collect.SingletonImmutableSet                                 : loaded 3 times (x 146B)
Class com.google.common.collect.ImmutableMap$IteratorBasedImmutableMap                : loaded 3 times (x 126B)
Class kotlin.Metadata                                                                 : loaded 3 times (x 70B)
Class org.jetbrains.org.objectweb.asm.ClassWriter                                     : loaded 3 times (x 104B)
Class com.google.common.collect.Iterators$1                                           : loaded 3 times (x 81B)
Class org.jetbrains.org.objectweb.asm.ModuleWriter                                    : loaded 3 times (x 81B)
Class com.google.common.collect.Platform                                              : loaded 3 times (x 71B)
Class com.google.common.collect.UnmodifiableIterator                                  : loaded 3 times (x 80B)
Class com.google.common.base.CharMatcher$IsEither                                     : loaded 3 times (x 111B)
Class com.google.common.collect.ImmutableList$ReverseImmutableList                    : loaded 3 times (x 209B)
Class kotlin.reflect.KFunction                                                        : loaded 3 times (x 70B)
Class com.google.common.base.JdkPattern                                               : loaded 3 times (x 75B)
Class com.google.common.collect.SortedSetMultimap                                     : loaded 3 times (x 70B)
Class [Lorg.jetbrains.org.objectweb.asm.AnnotationWriter;                             : loaded 3 times (x 69B)
Class kotlin.io.NoSuchFileException                                                   : loaded 3 times (x 82B)
Class com.google.common.collect.SingletonImmutableList                                : loaded 3 times (x 207B)
Class [Lorg.jetbrains.org.objectweb.asm.Label;                                        : loaded 3 times (x 69B)
Class org.jetbrains.org.objectweb.asm.ByteVector                                      : loaded 3 times (x 78B)
Class com.google.common.collect.Iterators$MergingIterator                             : loaded 3 times (x 81B)
Class com.google.common.base.ExtraObjectsMethodsForWeb                                : loaded 3 times (x 71B)
Class com.google.common.collect.Multimap                                              : loaded 3 times (x 70B)
Class com.google.common.collect.SingletonImmutableBiMap                               : loaded 3 times (x 143B)
Class com.google.common.collect.AbstractMapEntry                                      : loaded 3 times (x 81B)
Class com.google.common.collect.ImmutableMultimap$Keys                                : loaded 3 times (x 166B)
Class com.google.common.primitives.IntsMethodsForWeb                                  : loaded 3 times (x 71B)
Class com.google.common.collect.RegularImmutableSet                                   : loaded 3 times (x 149B)
Class com.google.common.base.Ascii                                                    : loaded 3 times (x 71B)
Class org.jetbrains.org.objectweb.asm.MethodVisitor                                   : loaded 3 times (x 104B)
Class org.jetbrains.org.objectweb.asm.FieldWriter                                     : loaded 3 times (x 77B)
Class [Lkotlin.reflect.KAnnotatedElement;                                             : loaded 3 times (x 69B)
Class com.google.common.base.Present                                                  : loaded 3 times (x 81B)
Class com.google.common.collect.ImmutableMap$Builder                                  : loaded 3 times (x 82B)
Class kotlin.collections.IndexingIterator                                             : loaded 3 times (x 79B)
Class com.google.common.base.NullnessCasts                                            : loaded 3 times (x 71B)
Class com.google.common.collect.AbstractSetMultimap                                   : loaded 3 times (x 174B)
Class com.google.common.collect.Sets$ImprovedAbstractSet                              : loaded 3 times (x 135B)
Class com.google.common.collect.AbstractMultimap                                      : loaded 3 times (x 123B)
Class com.google.common.collect.ImmutableList$Builder                                 : loaded 3 times (x 77B)
Class com.google.common.collect.LexicographicalOrdering                               : loaded 3 times (x 115B)
Class kotlin.collections.CollectionsKt___CollectionsKt$withIndex$1                    : loaded 3 times (x 79B)
Class kotlin.io.FileAlreadyExistsException                                            : loaded 3 times (x 82B)
Class com.google.common.collect.Iterables                                             : loaded 3 times (x 71B)
Class kotlin.internal.ProgressionUtilKt                                               : loaded 3 times (x 71B)
Class kotlin.jvm.KotlinReflectionNotSupportedError                                    : loaded 3 times (x 82B)
Class kotlin.io.FileWalkDirection                                                     : loaded 3 times (x 79B)
Class com.google.common.collect.ImmutableMapEntrySet                                  : loaded 3 times (x 152B)
Class org.jetbrains.org.objectweb.asm.FieldVisitor                                    : loaded 3 times (x 76B)
Class com.google.common.base.Equivalence$Identity                                     : loaded 3 times (x 82B)
Class com.google.common.math.MathPreconditions                                        : loaded 3 times (x 71B)
Class com.google.common.collect.AbstractIndexedListIterator                           : loaded 3 times (x 96B)
Class com.google.common.collect.ObjectArrays                                          : loaded 3 times (x 71B)
Class kotlin.reflect.KCallable                                                        : loaded 3 times (x 70B)
Class com.google.common.collect.RegularImmutableAsList                                : loaded 3 times (x 217B)
Class kotlin.io.TerminateException                                                    : loaded 3 times (x 82B)
Class kotlin.io.FilesKt__FilePathComponentsKt                                         : loaded 3 times (x 71B)
Class kotlin.collections.IndexingIterable                                             : loaded 3 times (x 79B)
Class com.google.common.collect.ArrayListMultimapGwtSerializationDependencies         : loaded 3 times (x 172B)
Class com.google.common.collect.Multiset                                              : loaded 3 times (x 70B)
Class org.jetbrains.kotlin.name.ClassId                                               : loaded 3 times (x 72B)
Class com.google.common.base.Optional                                                 : loaded 3 times (x 80B)
Class com.google.common.collect.Iterators                                             : loaded 3 times (x 71B)
Class kotlin.text.CharsKt                                                             : loaded 3 times (x 71B)
Class com.google.common.collect.AbstractIterator                                      : loaded 3 times (x 82B)
Class kotlin.collections.AbstractIterator                                             : loaded 3 times (x 83B)
Class com.google.common.base.Absent                                                   : loaded 3 times (x 80B)
Class com.google.common.primitives.Ints                                               : loaded 3 times (x 71B)
Class com.google.common.collect.NullsFirstOrdering                                    : loaded 3 times (x 115B)
Class com.google.common.collect.BiMap                                                 : loaded 3 times (x 70B)
Class com.google.common.collect.ImmutableMap$1                                        : loaded 3 times (x 81B)
Class com.google.common.collect.IndexedImmutableSet                                   : loaded 3 times (x 152B)
Class com.google.common.base.Objects                                                  : loaded 3 times (x 71B)
Class com.google.common.collect.ExplicitOrdering                                      : loaded 3 times (x 115B)
Class com.google.common.collect.Lists$StringAsImmutableList                           : loaded 3 times (x 207B)
Class com.google.common.base.PairwiseEquivalence                                      : loaded 3 times (x 83B)
Class com.google.common.collect.RegularImmutableMap$KeySet                            : loaded 3 times (x 152B)
Class com.google.common.base.CharMatcher$And                                          : loaded 3 times (x 112B)
Class com.google.common.collect.ImmutableBiMap$Builder                                : loaded 3 times (x 82B)
Class org.jetbrains.org.objectweb.asm.ClassTooLargeException                          : loaded 3 times (x 83B)
Class kotlin.io.FileTreeWalk$FileTreeWalkIterator$WhenMappings                        : loaded 3 times (x 71B)
Class org.jetbrains.kotlin.load.kotlin.KotlinJvmBinaryClass                           : loaded 2 times (x 70B)
Class [Lorg.jetbrains.kotlin.build.report.metrics.BuildTime;                          : loaded 2 times (x 69B)
Class com.google.common.io.ByteSink$AsCharSink                                        : loaded 2 times (x 80B)
Class org.apache.commons.compress.archivers.zip.GeneralPurposeBit                     : loaded 2 times (x 71B)
Class com.google.common.util.concurrent.UncheckedExecutionException                   : loaded 2 times (x 82B)
Class org.gradle.kotlin.dsl.VersionCatalogAccessorsKt                                 : loaded 2 times (x 71B)
Class jdk.internal.jimage.ImageLocation                                               : loaded 2 times (x 90B)
Class jdk.internal.jrtfs.JrtDirectoryStream$1                                         : loaded 2 times (x 83B)
Class org.jetbrains.org.objectweb.asm.tree.MethodNode                                 : loaded 2 times (x 109B)
Class [Lorg.jetbrains.kotlin.metadata.ProtoBuf$VersionRequirement$Level;              : loaded 2 times (x 69B)
Class org.jetbrains.kotlin.protobuf.WireFormat$JavaType                               : loaded 2 times (x 79B)
Class org.jetbrains.org.objectweb.asm.tree.MethodInsnNode                             : loaded 2 times (x 79B)
Class org.jetbrains.kotlin.metadata.jvm.deserialization.JvmMemberSignature$Method     : loaded 2 times (x 75B)
Class org.apache.commons.compress.archivers.zip.X7875_NewUnix                         : loaded 2 times (x 92B)
Class org.gradle.internal.InternalTransformer                                         : loaded 2 times (x 70B)
Class org.jetbrains.kotlin.protobuf.Parser                                            : loaded 2 times (x 70B)
Class org.jetbrains.kotlin.descriptors.Visibilities$Inherited                         : loaded 2 times (x 79B)
Class kotlin.DeprecationLevel                                                         : loaded 2 times (x 79B)
Class kotlin.reflect.jvm.internal.ReflectionFactoryImpl                               : loaded 2 times (x 91B)
Class org.jetbrains.kotlin.descriptors.Visibilities$Unknown                           : loaded 2 times (x 79B)
Class kotlin.reflect.jvm.internal.KMutableProperty1Impl                               : loaded 2 times (x 135B)
Class org.jetbrains.kotlin.metadata.ProtoBuf$Property$Builder                         : loaded 2 times (x 173B)
Class org.jetbrains.kotlin.descriptors.Visibilities$PrivateToThis                     : loaded 2 times (x 79B)
Class org.jetbrains.kotlin.protobuf.SmallSortedMap$1                                  : loaded 2 times (x 130B)
Class org.jetbrains.org.objectweb.asm.tree.IntInsnNode                                : loaded 2 times (x 78B)
Class org.apache.commons.compress.archivers.zip.JarMarker                             : loaded 2 times (x 80B)
Class com.google.common.collect.HashMultimapGwtSerializationDependencies              : loaded 2 times (x 174B)
Class com.google.common.collect.AbstractMapBasedMultimap$KeySet$1                     : loaded 2 times (x 82B)
Class org.objectweb.asm.ClassWriter                                                   : loaded 2 times (x 106B)
Class com.google.common.cache.CacheLoader$UnsupportedLoadingOperationException        : loaded 2 times (x 82B)
Class jdk.internal.jimage.ImageBufferCache$1                                          : loaded 2 times (x 83B)
Class org.gradle.internal.classloader.ClasspathUtil$1                                 : loaded 2 times (x 76B)
Class com.google.common.util.concurrent.AbstractFuture$Trusted                        : loaded 2 times (x 70B)
Class kotlin.collections.builders.ListBuilderKt                                       : loaded 2 times (x 71B)
Class com.google.common.collect.Range                                                 : loaded 2 times (x 87B)
Class kotlin.reflect.jvm.internal.impl.builtins.StandardNames$FqNames                 : loaded 2 times (x 71B)
Class org.jetbrains.kotlin.cli.common.messages.MessageCollector$Companion             : loaded 2 times (x 71B)
Class org.jetbrains.org.objectweb.asm.tree.InsnList                                   : loaded 2 times (x 103B)
Class org.jetbrains.kotlin.metadata.ProtoBuf$Effect$EffectType$1                      : loaded 2 times (x 74B)
Class org.jetbrains.kotlin.metadata.ProtoBuf$EffectOrBuilder                          : loaded 2 times (x 70B)
Class org.jetbrains.kotlin.protobuf.BoundedByteString                                 : loaded 2 times (x 112B)
Class com.google.common.collect.FluentIterable$1                                      : loaded 2 times (x 81B)
Class org.apache.commons.compress.archivers.zip.ZipEncodingHelper                     : loaded 2 times (x 71B)
Class kotlinx.coroutines.JobSupport                                                   : loaded 2 times (x 132B)
Class org.objectweb.asm.FieldVisitor                                                  : loaded 2 times (x 77B)
Class jdk.internal.jimage.ImageBufferCache$2                                          : loaded 2 times (x 91B)
Class org.gradle.api.internal.classpath.DefaultModuleRegistry$DefaultModule           : loaded 2 times (x 86B)
Class org.jetbrains.kotlin.protobuf.GeneratedMessageLite                              : loaded 2 times (x 101B)
Class org.jetbrains.kotlin.protobuf.Internal$EnumLiteMap                              : loaded 2 times (x 70B)
Class kotlin.ResultKt                                                                 : loaded 2 times (x 71B)
Class org.jetbrains.kotlin.protobuf.AbstractMessageLite$Builder                       : loaded 2 times (x 122B)
Class kotlin.io.LinesSequence$iterator$1                                              : loaded 2 times (x 79B)
Class org.jetbrains.org.objectweb.asm.tree.TryCatchBlockNode                          : loaded 2 times (x 74B)
Class org.jetbrains.kotlin.metadata.ProtoBuf$Annotation$Argument$Value$1              : loaded 2 times (x 144B)
Class org.jetbrains.kotlin.descriptors.Visibilities$InvisibleFake                     : loaded 2 times (x 79B)
Class org.jetbrains.kotlin.protobuf.UninitializedMessageException                     : loaded 2 times (x 84B)
Class org.jetbrains.kotlin.metadata.jvm.deserialization.JvmNameResolverKt             : loaded 2 times (x 71B)
Class org.jetbrains.kotlin.metadata.ProtoBuf$TypeParameter$Variance                   : loaded 2 times (x 82B)
Class com.google.common.util.concurrent.AbstractFuture$UnsafeAtomicHelper$1           : loaded 2 times (x 76B)
Class com.google.common.reflect.Reflection                                            : loaded 2 times (x 71B)
Class com.google.common.collect.FluentIterable$2                                      : loaded 2 times (x 81B)
Class ijJvmDebugger1_ckepr6s4nov30zjmoumww5h9s$_run_closure1                          : loaded 2 times (x 139B)
Class com.google.common.collect.ImmutableRangeSet$1                                   : loaded 2 times (x 210B)
Class com.google.common.hash.AbstractHashFunction                                     : loaded 2 times (x 95B)
Class kotlin.Result$Failure                                                           : loaded 2 times (x 72B)
Class org.jetbrains.kotlin.metadata.deserialization.ProtoBufUtilKt                    : loaded 2 times (x 71B)
Class kotlin.reflect.jvm.internal.impl.utils.CollectionsKt                            : loaded 2 times (x 71B)
Class kotlin.streams.jdk8.StreamsKt                                                   : loaded 2 times (x 71B)
Class com.google.common.collect.SortedIterables                                       : loaded 2 times (x 71B)
Class com.google.common.cache.LocalCache$2                                            : loaded 2 times (x 142B)
Class [Lorg.jetbrains.kotlin.metadata.ProtoBuf$Effect$InvocationKind;                 : loaded 2 times (x 69B)
Class org.jetbrains.kotlin.metadata.ProtoBuf$VersionRequirement$VersionKind           : loaded 2 times (x 82B)
Class org.jetbrains.kotlin.descriptors.Named                                          : loaded 2 times (x 70B)
Class org.jetbrains.kotlin.serialization.deserialization.ProtoEnumFlagsUtilsKt        : loaded 2 times (x 71B)
Class org.jetbrains.kotlin.metadata.ProtoBuf$Visibility$1                             : loaded 2 times (x 74B)
Class org.jetbrains.kotlin.metadata.jvm.JvmProtoBuf$StringTableTypes$Record$Operation$1: loaded 2 times (x 74B)
Class org.jetbrains.kotlin.metadata.deserialization.NameResolver                      : loaded 2 times (x 70B)
Class org.jetbrains.kotlin.protobuf.GeneratedMessageLite$ExtensionDescriptor          : loaded 2 times (x 84B)
Class org.jetbrains.kotlin.protobuf.InvalidProtocolBufferException                    : loaded 2 times (x 84B)
Class org.jetbrains.org.objectweb.asm.tree.JumpInsnNode                               : loaded 2 times (x 78B)
Class kotlinx.coroutines.scheduling.GlobalQueue                                       : loaded 2 times (x 72B)
Class com.google.common.collect.FluentIterable$3                                      : loaded 2 times (x 81B)
Class kotlinx.coroutines.ExecutorCoroutineDispatcher                                  : loaded 2 times (x 108B)
Class com.google.common.collect.ImmutableSetMultimap$Builder                          : loaded 2 times (x 83B)
Class org.apache.commons.compress.archivers.ArchiveOutputStream                       : loaded 2 times (x 96B)
Class kotlin.reflect.jvm.internal.impl.builtins.jvm.JavaToKotlinClassMap              : loaded 2 times (x 71B)
Class kotlin.reflect.jvm.internal.KotlinReflectionInternalError                       : loaded 2 times (x 82B)
Class com.google.common.collect.MapMakerInternalMap$AbstractStrongKeyEntry            : loaded 2 times (x 80B)
Class dagger.hilt.processor.internal.optionvalues.GradleProjectType                   : loaded 2 times (x 79B)
Class com.google.common.reflect.TypeToken$SimpleTypeToken                             : loaded 2 times (x 73B)
Class org.jetbrains.kotlin.protobuf.ByteString$ByteIterator                           : loaded 2 times (x 70B)
Class org.apache.commons.compress.archivers.EntryStreamOffsets                        : loaded 2 times (x 70B)
Class kotlinx.coroutines.Job                                                          : loaded 2 times (x 70B)
Class org.gradle.api.internal.classpath.Module                                        : loaded 2 times (x 70B)
Class [Lcom.google.common.collect.LinkedHashMultimap$ValueSetLink;                    : loaded 2 times (x 69B)
Class kotlin.reflect.jvm.internal.KClassifierImpl                                     : loaded 2 times (x 70B)
Class kotlin.reflect.KMutableProperty                                                 : loaded 2 times (x 70B)
Class [Lorg.jetbrains.org.objectweb.asm.tree.AbstractInsnNode;                        : loaded 2 times (x 69B)
Class kotlin.reflect.KProperty2                                                       : loaded 2 times (x 70B)
Class org.jetbrains.kotlin.metadata.deserialization.Flags$FlagField                   : loaded 2 times (x 73B)
Class org.apache.commons.compress.archivers.zip.X0014_X509Certificates                : loaded 2 times (x 90B)
Class kotlinx.coroutines.internal.DispatchedContinuationKt                            : loaded 2 times (x 71B)
Class com.google.common.cache.Weigher                                                 : loaded 2 times (x 70B)
Class org.gradle.api.internal.classpath.UnknownModuleException                        : loaded 2 times (x 82B)
Class kotlin.jvm.internal.PropertyReference                                           : loaded 2 times (x 115B)
Class org.jetbrains.kotlin.metadata.ProtoBuf$TypeAliasOrBuilder                       : loaded 2 times (x 70B)
Class [Lorg.jetbrains.kotlin.metadata.ProtoBuf$Class$Kind;                            : loaded 2 times (x 69B)
Class org.jetbrains.kotlin.cli.common.arguments.K2JVMCompilerArguments$Companion      : loaded 2 times (x 71B)
Class org.jetbrains.kotlin.config.ApiVersion                                          : loaded 2 times (x 86B)
Class org.apache.commons.compress.archivers.ArchiveEntry                              : loaded 2 times (x 70B)
Class com.google.common.collect.AbstractMapBasedMultimap$WrappedNavigableSet          : loaded 2 times (x 280B)
Class kotlinx.coroutines.internal.LockFreeTaskQueueCore                               : loaded 2 times (x 72B)
Class com.google.common.base.Stopwatch                                                : loaded 2 times (x 72B)
Class com.google.common.cache.LocalCache$Strength                                     : loaded 2 times (x 81B)
Class com.google.common.cache.Cache                                                   : loaded 2 times (x 70B)
Class com.google.gson.stream.JsonReader$1                                             : loaded 2 times (x 72B)
Class jdk.internal.jimage.ImageHeader                                                 : loaded 2 times (x 71B)
Class jdk.internal.jrtfs.JrtFileSystemProvider                                        : loaded 2 times (x 101B)
Class com.google.common.cache.LocalCache$1                                            : loaded 2 times (x 89B)
Class com.google.common.collect.HashBiMap$BiEntry                                     : loaded 2 times (x 83B)
Class org.jetbrains.kotlin.protobuf.LiteralByteString                                 : loaded 2 times (x 112B)
Class org.jetbrains.kotlin.protobuf.LazyFieldLite                                     : loaded 2 times (x 82B)
Class org.jetbrains.kotlin.build.report.metrics.BuildMetricsReporter                  : loaded 2 times (x 70B)
Class com.google.common.io.Files$2                                                    : loaded 2 times (x 76B)
Class org.apache.commons.compress.archivers.zip.UnicodePathExtraField                 : loaded 2 times (x 93B)
Class com.google.common.io.AppendableWriter                                           : loaded 2 times (x 100B)
Class com.google.common.util.concurrent.AbstractFuture$Cancellation                   : loaded 2 times (x 72B)
Class com.google.common.collect.LinkedHashMultimap                                    : loaded 2 times (x 175B)
Class com.google.common.collect.Maps$TransformedEntriesMap                            : loaded 2 times (x 127B)
Class com.google.common.collect.ImmutableMap$IteratorBasedImmutableMap$1EntrySetImpl  : loaded 2 times (x 154B)
Class org.jetbrains.kotlin.load.kotlin.header.ReadKotlinClassHeaderAnnotationVisitor$CollectStringArrayAnnotationVisitor: loaded 2 times (x 85B)
Class kotlin.reflect.jvm.internal.impl.builtins.StandardNames                         : loaded 2 times (x 71B)
Class [Lkotlin.reflect.jvm.internal.impl.builtins.PrimitiveType;                      : loaded 2 times (x 69B)
Class kotlin.reflect.jvm.internal.ReflectProperties$LazySoftVal                       : loaded 2 times (x 78B)
Class [Lkotlin.Function;                                                              : loaded 2 times (x 69B)
Class kotlin.sequences.TransformingSequence$iterator$1                                : loaded 2 times (x 79B)
Class org.jetbrains.org.objectweb.asm.tree.VarInsnNode                                : loaded 2 times (x 78B)
Class com.google.common.collect.Iterators$SingletonIterator                           : loaded 2 times (x 81B)
Class kotlin.io.ByteStreamsKt                                                         : loaded 2 times (x 71B)
Class org.jetbrains.kotlin.cli.common.arguments.CommonToolArguments$Companion         : loaded 2 times (x 71B)
Class org.apache.commons.compress.archivers.zip.ZipLong                               : loaded 2 times (x 71B)
Class com.google.common.collect.AbstractMapBasedMultimap$WrappedCollection$WrappedIterator: loaded 2 times (x 84B)
Class com.google.common.cache.RemovalListener                                         : loaded 2 times (x 70B)
Class org.gradle.api.internal.DefaultClassPathRegistry                                : loaded 2 times (x 76B)
Class kotlin.reflect.KProperty1                                                       : loaded 2 times (x 70B)
Class kotlin.reflect.KClass                                                           : loaded 2 times (x 70B)
Class kotlin.annotation.AnnotationTarget                                              : loaded 2 times (x 79B)
Class kotlin.reflect.jvm.internal.KPropertyImpl                                       : loaded 2 times (x 115B)
Class kotlin.jvm.JvmClassMappingKt                                                    : loaded 2 times (x 71B)
Class kotlin.reflect.KProperty                                                        : loaded 2 times (x 70B)
Class kotlin.jvm.internal.Reflection                                                  : loaded 2 times (x 71B)
Class org.gradle.internal.service.ServiceLocator                                      : loaded 2 times (x 70B)
Class kotlin.ranges.ClosedRange                                                       : loaded 2 times (x 70B)
Class org.jetbrains.kotlin.metadata.ProtoBuf$Type$Argument$Projection$1               : loaded 2 times (x 74B)
Class org.jetbrains.kotlin.protobuf.SmallSortedMap$EmptySet$1                         : loaded 2 times (x 78B)
Class org.jetbrains.kotlin.protobuf.AbstractMessageLite$Builder$LimitedInputStream    : loaded 2 times (x 92B)
Class com.google.common.reflect.Invokable$ConstructorInvokable                        : loaded 2 times (x 107B)
Class org.jetbrains.kotlin.load.java.JvmAbi                                           : loaded 2 times (x 71B)
Class [Lorg.jetbrains.kotlin.config.JvmDefaultMode;                                   : loaded 2 times (x 69B)
Class org.jetbrains.kotlin.cli.common.messages.MessageCollector                       : loaded 2 times (x 70B)
Class org.gradle.api.internal.ClassPathRegistry                                       : loaded 2 times (x 70B)
Class org.gradle.internal.classpath.DefaultClassPath$ImmutableUniqueList              : loaded 2 times (x 199B)
Class [Lorg.objectweb.asm.Type;                                                       : loaded 2 times (x 69B)
Class kotlin.collections.IntIterator                                                  : loaded 2 times (x 82B)
Class kotlin.reflect.jvm.internal.impl.resolve.jvm.JvmPrimitiveType                   : loaded 2 times (x 79B)
Class kotlinx.coroutines.BuildersKt__BuildersKt                                       : loaded 2 times (x 71B)
Class org.jetbrains.kotlin.descriptors.Visibilities$Protected                         : loaded 2 times (x 79B)
Class org.jetbrains.kotlin.metadata.ProtoBuf$PackageOrBuilder                         : loaded 2 times (x 70B)
Class org.jetbrains.kotlin.metadata.jvm.JvmProtoBuf$JvmPropertySignature              : loaded 2 times (x 114B)
Class org.jetbrains.kotlin.metadata.ProtoBuf$ValueParameterOrBuilder                  : loaded 2 times (x 70B)
Class org.jetbrains.kotlin.protobuf.SmallSortedMap$EmptySet$2                         : loaded 2 times (x 78B)
Class kotlinx.coroutines.scheduling.NanoTimeSource                                    : loaded 2 times (x 72B)
Class com.google.common.reflect.TypeToken                                             : loaded 2 times (x 73B)
Class com.google.common.collect.NullnessCasts                                         : loaded 2 times (x 71B)
Class com.google.common.collect.MapMakerInternalMap$Segment                           : loaded 2 times (x 142B)
Class org.apache.commons.compress.archivers.zip.ZipShort                              : loaded 2 times (x 71B)
Class kotlinx.coroutines.DispatchedTaskKt                                             : loaded 2 times (x 71B)
Class kotlinx.coroutines.internal.SystemPropsKt__SystemProps_commonKt                 : loaded 2 times (x 71B)
Class kotlinx.coroutines.ThreadContextElement                                         : loaded 2 times (x 70B)
Class jdk.internal.jimage.decompressor.ResourceDecompressor                           : loaded 2 times (x 70B)
Class org.jetbrains.kotlin.config.LanguageOrApiVersion                                : loaded 2 times (x 70B)
Class com.google.common.base.Splitter$5                                               : loaded 2 times (x 80B)
Class [Lorg.objectweb.asm.Attribute;                                                  : loaded 2 times (x 69B)
Class org.jetbrains.kotlin.descriptors.DeclarationDescriptor                          : loaded 2 times (x 70B)
Class org.jetbrains.kotlin.descriptors.DescriptorVisibilities                         : loaded 2 times (x 71B)
Class org.jetbrains.kotlin.build.report.metrics.GradleBuildTime                       : loaded 2 times (x 86B)
Class org.jetbrains.org.objectweb.asm.tree.LookupSwitchInsnNode                       : loaded 2 times (x 78B)
Class org.jetbrains.kotlin.load.kotlin.KotlinJvmBinaryClass$AnnotationArrayArgumentVisitor: loaded 2 times (x 70B)
Class org.jetbrains.org.objectweb.asm.tree.LabelNode                                  : loaded 2 times (x 80B)
Class com.google.common.cache.RemovalCause                                            : loaded 2 times (x 80B)
Class org.jetbrains.kotlin.cli.common.messages.CompilerMessageSourceLocation          : loaded 2 times (x 70B)
Class org.jetbrains.kotlin.config.JvmDefaultMode$Companion                            : loaded 2 times (x 71B)
Class com.google.common.io.ByteSink                                                   : loaded 2 times (x 76B)
Class com.google.common.cache.CacheBuilder                                            : loaded 2 times (x 72B)
Class Settings_gradle$1                                                               : loaded 2 times (x 74B)
Class org.gradle.internal.classpath.ClassPath                                         : loaded 2 times (x 70B)
Class org.gradle.api.UncheckedIOException                                             : loaded 2 times (x 82B)
Class com.google.common.base.Equivalence$Wrapper                                      : loaded 2 times (x 72B)
Class org.jetbrains.kotlin.metadata.ProtoBuf$Constructor$1                            : loaded 2 times (x 144B)
Class kotlin.reflect.jvm.internal.KPackageImpl                                        : loaded 2 times (x 85B)
Class [Lkotlin.reflect.jvm.internal.impl.name.FqName;                                 : loaded 2 times (x 69B)
Class org.jetbrains.kotlin.metadata.ProtoBuf$PropertyOrBuilder                        : loaded 2 times (x 70B)
Class org.jetbrains.kotlin.metadata.jvm.JvmProtoBuf$StringTableTypes$1                : loaded 2 times (x 144B)
Class org.jetbrains.kotlin.metadata.deserialization.TypeTable                         : loaded 2 times (x 72B)
Class org.jetbrains.kotlin.load.kotlin.FileBasedKotlinClass$1                         : loaded 2 times (x 87B)
Class kotlin.sequences.SequencesKt__SequencesKt$asSequence$$inlined$Sequence$1        : loaded 2 times (x 75B)
Class [Lcom.google.common.reflect.Types$JavaVersion;                                  : loaded 2 times (x 69B)
Class com.google.common.collect.Interners$InternerBuilder                             : loaded 2 times (x 76B)
Class com.google.common.io.Files$FileByteSource                                       : loaded 2 times (x 85B)
Class org.apache.commons.compress.archivers.zip.UnsupportedZipFeatureException        : loaded 2 times (x 84B)
Class [Lorg.apache.http.HeaderElement;                                                : loaded 2 times (x 69B)
Class com.google.common.collect.AbstractMapBasedMultimap$WrappedSortedSet             : loaded 2 times (x 228B)
Class ijJvmDebugger1_ckepr6s4nov30zjmoumww5h9s$_run_closure1$_closure2                : loaded 2 times (x 140B)
Class com.google.common.collect.Sets$1$1                                              : loaded 2 times (x 82B)
Class [Lkotlin.reflect.KDeclarationContainer;                                         : loaded 2 times (x 69B)
Class org.jetbrains.kotlin.utils.CollectionsKt                                        : loaded 2 times (x 71B)
Class kotlin.reflect.KProperty0                                                       : loaded 2 times (x 70B)
Class org.jetbrains.kotlin.metadata.ProtoBuf$Type$ArgumentOrBuilder                   : loaded 2 times (x 70B)
Class org.jetbrains.kotlin.protobuf.GeneratedMessageLite$GeneratedExtension           : loaded 2 times (x 79B)
Class org.jetbrains.kotlin.load.kotlin.FileBasedKotlinClass$2                         : loaded 2 times (x 87B)
Class com.google.common.io.CharStreams$NullWriter                                     : loaded 2 times (x 99B)
Class [Lkotlinx.coroutines.CoroutineStart;                                            : loaded 2 times (x 69B)
Class kotlinx.coroutines.CoroutineDispatcher$Key                                      : loaded 2 times (x 72B)
Class org.jetbrains.kotlin.cli.common.arguments.Freezable                             : loaded 2 times (x 72B)
Class org.objectweb.asm.SymbolTable$Entry                                             : loaded 2 times (x 74B)
Class com.google.common.util.concurrent.AbstractFuture$AtomicHelper                   : loaded 2 times (x 78B)
Class com.google.gson.internal.JsonReaderInternalAccess                               : loaded 2 times (x 72B)
Class org.gradle.internal.Factory                                                     : loaded 2 times (x 70B)
Class [Lcom.google.common.base.CaseFormat;                                            : loaded 2 times (x 69B)
Class kotlin.Result                                                                   : loaded 2 times (x 72B)
Class org.jetbrains.kotlin.metadata.ProtoBuf$Class                                    : loaded 2 times (x 180B)
Class org.jetbrains.kotlin.metadata.ProtoBuf$Property$1                               : loaded 2 times (x 144B)
Class org.jetbrains.kotlin.metadata.ProtoBuf$Type                                     : loaded 2 times (x 145B)
Class jdk.internal.jrtfs.SystemImage$2                                                : loaded 2 times (x 76B)
Class org.jetbrains.kotlin.load.kotlin.FileBasedKotlinClass$3                         : loaded 2 times (x 77B)
Class org.objectweb.asm.Edge                                                          : loaded 2 times (x 72B)
Class com.google.common.base.Suppliers$SupplierOfInstance                             : loaded 2 times (x 79B)
Class jdk.internal.jimage.ImageStringsReader                                          : loaded 2 times (x 80B)
Class com.google.common.base.MoreObjects                                              : loaded 2 times (x 71B)
Class kotlinx.coroutines.scheduling.CoroutineScheduler$Companion                      : loaded 2 times (x 71B)
Class org.jetbrains.kotlin.config.LanguageFeature                                     : loaded 2 times (x 80B)
Class com.google.common.reflect.TypeResolver$TypeVariableKey                          : loaded 2 times (x 72B)
Class org.jetbrains.kotlin.load.kotlin.FileBasedKotlinClass$4                         : loaded 2 times (x 87B)
Class com.google.common.reflect.TypeToken$1                                           : loaded 2 times (x 110B)
Class org.apache.commons.compress.utils.ByteUtils                                     : loaded 2 times (x 71B)
Class com.google.common.cache.LocalCache$ComputingValueReference                      : loaded 2 times (x 96B)
Class com.google.common.collect.MultimapBuilder                                       : loaded 2 times (x 73B)
Class kotlin.reflect.KProperty$Getter                                                 : loaded 2 times (x 70B)
Class org.jetbrains.kotlin.metadata.ProtoBuf$Annotation$Argument                      : loaded 2 times (x 108B)
Class org.jetbrains.org.objectweb.asm.tree.LocalVariableNode                          : loaded 2 times (x 73B)
Class org.jetbrains.kotlin.metadata.ProtoBuf$Class$Kind                               : loaded 2 times (x 82B)
Class org.jetbrains.kotlin.protobuf.GeneratedMessageLite$Builder                      : loaded 2 times (x 128B)
Class org.jetbrains.kotlin.protobuf.WireFormat$FieldType$1                            : loaded 2 times (x 83B)
Class org.jetbrains.kotlin.metadata.jvm.JvmProtoBuf$JvmMethodSignatureOrBuilder       : loaded 2 times (x 70B)
Class org.jetbrains.kotlin.protobuf.ByteString                                        : loaded 2 times (x 108B)
Class com.google.common.reflect.TypeToken$2                                           : loaded 2 times (x 110B)
Class [Lorg.jetbrains.kotlin.cli.common.messages.CompilerMessageSeverity;             : loaded 2 times (x 69B)
Class com.google.common.cache.LocalCache$Segment                                      : loaded 2 times (x 154B)
Class jdk.internal.jimage.ImageReader                                                 : loaded 2 times (x 75B)
Class org.jetbrains.kotlin.metadata.jvm.JvmProtoBuf$StringTableTypes                  : loaded 2 times (x 110B)
Class org.jetbrains.kotlin.descriptors.DescriptorVisibilities$9                       : loaded 2 times (x 79B)
Class org.jetbrains.kotlin.protobuf.GeneratedMessageLite$ExtendableBuilder            : loaded 2 times (x 138B)
Class kotlin.SafePublicationLazyImpl                                                  : loaded 2 times (x 76B)
Class kotlin.reflect.jvm.internal.ReflectProperties                                   : loaded 2 times (x 71B)
Class kotlin.reflect.jvm.internal.impl.name.FqNamesUtilKt                             : loaded 2 times (x 71B)
Class org.jetbrains.kotlin.metadata.ProtoBuf$TypeParameter                            : loaded 2 times (x 130B)
Class org.jetbrains.kotlin.metadata.ProtoBuf$ValueParameter$1                         : loaded 2 times (x 144B)
Class [Lorg.jetbrains.kotlin.protobuf.WireFormat$FieldType;                           : loaded 2 times (x 69B)
Class org.jetbrains.kotlin.protobuf.WireFormat$FieldType$2                            : loaded 2 times (x 83B)
Class org.jetbrains.kotlin.utils.DescriptionAware                                     : loaded 2 times (x 70B)
Class [Lorg.objectweb.asm.SymbolTable$Entry;                                          : loaded 2 times (x 69B)
Class com.google.common.cache.CacheLoader                                             : loaded 2 times (x 74B)
Class jdk.internal.jimage.ImageReader$SharedImageReader                               : loaded 2 times (x 95B)
Class org.gradle.internal.installation.GradleInstallation$1                           : loaded 2 times (x 75B)
Class org.gradle.api.internal.classpath.ModuleRegistry                                : loaded 2 times (x 70B)
Class kotlin.collections.builders.ListBuilder                                         : loaded 2 times (x 207B)
Class kotlin.collections.builders.ListBuilder$Companion                               : loaded 2 times (x 71B)
Class org.jetbrains.kotlin.protobuf.WireFormat$FieldType$3                            : loaded 2 times (x 83B)
Class jdk.internal.jrtfs.SystemImage$1                                                : loaded 2 times (x 78B)
Class com.google.common.base.Splitter$SplittingIterator                               : loaded 2 times (x 84B)
Class com.google.common.util.concurrent.internal.InternalFutureFailureAccess          : loaded 2 times (x 72B)
Class jdk.internal.jimage.decompressor.ResourceDecompressorFactory                    : loaded 2 times (x 74B)
Class com.google.common.collect.MultimapBuilder$ArrayListSupplier                     : loaded 2 times (x 77B)
Class com.google.common.collect.ImmutableSortedAsList                                 : loaded 2 times (x 221B)
Class com.google.common.collect.Iterators$6                                           : loaded 2 times (x 81B)
Class com.google.common.cache.CacheLoader$FunctionToCacheLoader                       : loaded 2 times (x 75B)
Class kotlin.coroutines.intrinsics.IntrinsicsKt__IntrinsicsKt                         : loaded 2 times (x 71B)
Class com.google.common.collect.ImmutableRangeSet$AsSet                               : loaded 2 times (x 300B)
Class kotlin.reflect.jvm.internal.KDeclarationContainerImpl                           : loaded 2 times (x 84B)
Class [Lorg.jetbrains.kotlin.metadata.ProtoBuf$Annotation$Argument$Value$Type;        : loaded 2 times (x 69B)
Class org.jetbrains.kotlin.metadata.ProtoBuf$VersionRequirement$Level                 : loaded 2 times (x 82B)
Class org.jetbrains.kotlin.metadata.ProtoBuf$VersionRequirementOrBuilder              : loaded 2 times (x 70B)
Class org.jetbrains.kotlin.descriptors.Visibilities$Internal                          : loaded 2 times (x 79B)
Class org.jetbrains.kotlin.metadata.ProtoBuf$Contract$1                               : loaded 2 times (x 144B)
Class org.jetbrains.kotlin.metadata.ProtoBuf$Type$1                                   : loaded 2 times (x 144B)
Class org.jetbrains.kotlin.protobuf.WireFormat$FieldType$4                            : loaded 2 times (x 83B)
Class org.jetbrains.kotlin.metadata.jvm.JvmProtoBuf$JvmMethodSignature$1              : loaded 2 times (x 144B)
Class kotlinx.coroutines.DisposableHandle                                             : loaded 2 times (x 70B)
Class org.jetbrains.kotlin.load.kotlin.FileBasedKotlinClass$3$1                       : loaded 2 times (x 77B)
Class com.google.common.reflect.Types$ParameterizedTypeImpl                           : loaded 2 times (x 81B)
Class org.apache.commons.compress.archivers.zip.X0017_StrongEncryptionHeader          : loaded 2 times (x 96B)
Class com.google.common.collect.HashBiMap$Inverse                                     : loaded 2 times (x 142B)
Class kotlinx.coroutines.Job$Key                                                      : loaded 2 times (x 71B)
Class com.google.common.util.concurrent.AbstractFuture$UnsafeAtomicHelper             : loaded 2 times (x 78B)
Class com.google.common.cache.LocalCache$LocalManualCache$1                           : loaded 2 times (x 75B)
Class com.google.common.collect.Multimaps$CustomListMultimap                          : loaded 2 times (x 174B)
Class org.jetbrains.kotlin.resolve.jvm.JvmClassName                                   : loaded 2 times (x 76B)
Class org.jetbrains.kotlin.metadata.jvm.JvmProtoBuf$StringTableTypes$RecordOrBuilder  : loaded 2 times (x 70B)
Class org.jetbrains.kotlin.metadata.ProtoBuf$MemberKind$1                             : loaded 2 times (x 74B)
Class org.jetbrains.kotlin.descriptors.DescriptorVisibilities$8                       : loaded 2 times (x 79B)
Class org.jetbrains.kotlin.metadata.ProtoBuf$Expression                               : loaded 2 times (x 120B)
Class org.jetbrains.kotlin.config.AnalysisFlag                                        : loaded 2 times (x 72B)
Class org.apache.commons.compress.archivers.zip.ZipArchiveEntry                       : loaded 2 times (x 158B)
Class jdk.internal.jimage.ImageReader$Node                                            : loaded 2 times (x 84B)
Class org.gradle.api.internal.classpath.DefaultModuleRegistry                         : loaded 2 times (x 86B)
Class com.google.common.collect.LinkedHashMultimap$ValueSetLink                       : loaded 2 times (x 70B)
Class com.google.common.collect.ImmutableSetMultimap$EntrySet                         : loaded 2 times (x 146B)
Class [Lkotlin.annotation.AnnotationTarget;                                           : loaded 2 times (x 69B)
Class [Lkotlin.coroutines.intrinsics.CoroutineSingletons;                             : loaded 2 times (x 69B)
Class kotlin.reflect.jvm.internal.impl.name.SpecialNames                              : loaded 2 times (x 71B)
Class com.google.common.collect.LinkedHashMultimap$ValueSet                           : loaded 2 times (x 142B)
Class org.gradle.internal.classloader.InstrumentingClassLoader                        : loaded 2 times (x 70B)
Class org.gradle.internal.classpath.TransformedClassPath                              : loaded 2 times (x 96B)
Class jdk.internal.jimage.ImageReader$LinkNode                                        : loaded 2 times (x 84B)
Class org.jetbrains.kotlin.metadata.ProtoBuf$Annotation$Argument$1                    : loaded 2 times (x 144B)
Class org.jetbrains.kotlin.metadata.deserialization.Flags$BooleanFlagField            : loaded 2 times (x 76B)
Class org.jetbrains.kotlin.metadata.ProtoBuf$Function$1                               : loaded 2 times (x 144B)
Class com.google.common.cache.CacheBuilder$NullListener                               : loaded 2 times (x 82B)
Class org.jetbrains.kotlin.metadata.jvm.deserialization.JvmProtoBufUtil               : loaded 2 times (x 71B)
Class org.jetbrains.kotlin.load.kotlin.KotlinJvmBinaryClass$AnnotationVisitor         : loaded 2 times (x 70B)
Class org.jetbrains.kotlin.build.report.metrics.GradleBuildTime$Companion             : loaded 2 times (x 71B)
Class kotlinx.coroutines.EventLoop                                                    : loaded 2 times (x 106B)
Class com.google.common.util.concurrent.ListenableFuture                              : loaded 2 times (x 70B)
Class com.google.common.cache.ReferenceEntry                                          : loaded 2 times (x 70B)
Class jdk.internal.jimage.BasicImageReader$1                                          : loaded 2 times (x 77B)
Class com.google.common.collect.ImmutableMapValues                                    : loaded 2 times (x 126B)
Class org.objectweb.asm.FieldWriter                                                   : loaded 2 times (x 78B)
Class com.google.common.collect.MapMaker$Dummy                                        : loaded 2 times (x 79B)
Class com.google.common.reflect.Invokable                                             : loaded 2 times (x 103B)
Class org.jetbrains.kotlin.descriptors.DescriptorVisibilities$7                       : loaded 2 times (x 79B)
Class kotlin.text.Regex$Companion                                                     : loaded 2 times (x 71B)
Class org.apache.http.HeaderElement                                                   : loaded 2 times (x 70B)
Class com.google.common.hash.HashFunction                                             : loaded 2 times (x 70B)
Class com.google.common.util.concurrent.AbstractFuture                                : loaded 2 times (x 106B)
Class com.google.common.cache.LocalCache$Strength$3                                   : loaded 2 times (x 81B)
Class kotlin.coroutines.jvm.internal.RestrictedContinuationImpl                       : loaded 2 times (x 87B)
Class com.google.common.base.CaseFormat$StringConverter                               : loaded 2 times (x 90B)
Class kotlinx.coroutines.DispatchedTask                                               : loaded 2 times (x 80B)
Class kotlin.io.FileTreeWalk$FileTreeWalkIterator$SingleFileState                     : loaded 2 times (x 74B)
Class org.jetbrains.kotlin.descriptors.Visibilities$Private                           : loaded 2 times (x 79B)
Class com.google.common.reflect.TypeResolver$TypeTable                                : loaded 2 times (x 73B)
Class org.jetbrains.kotlin.config.ExplicitApiMode                                     : loaded 2 times (x 79B)
Class org.apache.commons.compress.archivers.zip.UnixStat                              : loaded 2 times (x 70B)
Class com.google.common.io.CharStreams                                                : loaded 2 times (x 71B)
Class com.google.common.hash.HashCode                                                 : loaded 2 times (x 80B)
Class org.objectweb.asm.RecordComponentVisitor                                        : loaded 2 times (x 77B)
Class com.google.common.cache.CacheLoader$SupplierToCacheLoader                       : loaded 2 times (x 75B)
Class ijKotlinCoroutineJvmDebugInit1_3cncoyxzej6hi9z01ko4fguf9                        : loaded 2 times (x 179B)
Class com.google.common.collect.ComparisonChain$1                                     : loaded 2 times (x 81B)
Class kotlin.jvm.internal.markers.KMutableList                                        : loaded 2 times (x 70B)
Class com.google.common.io.ByteStreams                                                : loaded 2 times (x 71B)
Class com.google.common.base.Splitter$1                                               : loaded 2 times (x 77B)
Class com.google.common.collect.Interner                                              : loaded 2 times (x 70B)
Class [Lkotlin.Pair;                                                                  : loaded 2 times (x 69B)
Class org.jetbrains.kotlin.metadata.ProtoBuf$VersionRequirement$VersionKind$1         : loaded 2 times (x 74B)
Class org.jetbrains.kotlin.metadata.ProtoBuf$Annotation$1                             : loaded 2 times (x 144B)
Class org.jetbrains.kotlin.protobuf.AbstractParser                                    : loaded 2 times (x 144B)
Class com.google.common.reflect.TypeResolver$TypeTable$1                              : loaded 2 times (x 73B)
Class org.jetbrains.kotlin.cli.common.CompilerSystemProperties$value$1                : loaded 2 times (x 125B)
Class kotlinx.coroutines.scheduling.TasksKt                                           : loaded 2 times (x 71B)
Class kotlinx.coroutines.internal.SystemPropsKt__SystemPropsKt                        : loaded 2 times (x 71B)
Class kotlinx.coroutines.ChildJob                                                     : loaded 2 times (x 70B)
Class jdk.internal.jimage.decompressor.Decompressor                                   : loaded 2 times (x 72B)
Class jdk.internal.jimage.ImageReader$Resource                                        : loaded 2 times (x 84B)
Class org.gradle.internal.service.ServiceLookupException                              : loaded 2 times (x 82B)
Class com.google.common.collect.Interners$InternerImpl                                : loaded 2 times (x 75B)
Class kotlin.jvm.internal.MutablePropertyReference1Impl                               : loaded 2 times (x 137B)
Class org.jetbrains.kotlin.metadata.ProtoBuf$Expression$ConstantValue                 : loaded 2 times (x 82B)
Class [Lorg.jetbrains.kotlin.protobuf.Internal$EnumLite;                              : loaded 2 times (x 69B)
Class com.google.common.base.CharMatcher$JavaLetter                                   : loaded 2 times (x 111B)
Class kotlinx.coroutines.ChildHandleNode                                              : loaded 2 times (x 90B)
Class com.google.common.hash.AbstractByteHasher                                       : loaded 2 times (x 147B)
Class kotlinx.coroutines.scheduling.SchedulerCoroutineDispatcher                      : loaded 2 times (x 109B)
Class [Lcom.google.common.cache.LocalCache$EntryFactory;                              : loaded 2 times (x 69B)
Class jdk.internal.jrtfs.JrtFileAttributes                                            : loaded 2 times (x 83B)
Class org.gradle.internal.classloader.ClassLoaderFactory                              : loaded 2 times (x 70B)
Class org.jetbrains.kotlin.protobuf.CodedOutputStream$OutOfSpaceException             : loaded 2 times (x 82B)
Class org.jetbrains.kotlin.descriptors.DescriptorVisibilities$6                       : loaded 2 times (x 79B)
Class kotlin.reflect.jvm.internal.impl.builtins.PrimitiveType                         : loaded 2 times (x 79B)
Class org.jetbrains.kotlin.com.intellij.util.lang.JavaVersion                         : loaded 2 times (x 74B)
Class com.google.common.collect.ImmutableMap$SerializedForm                           : loaded 2 times (x 73B)
Class com.google.common.collect.AbstractSortedKeySortedSetMultimap                    : loaded 2 times (x 219B)
Class com.google.common.cache.LocalCache$LocalManualCache                             : loaded 2 times (x 99B)
Class org.gradle.internal.service.CachingServiceLocator                               : loaded 2 times (x 82B)
Class com.google.common.collect.LinkedHashMultimap$ValueEntry                         : loaded 2 times (x 89B)
Class org.jetbrains.kotlin.metadata.ProtoBuf$Annotation$Argument$Value                : loaded 2 times (x 127B)
Class kotlin.collections.AbstractList$IteratorImpl                                    : loaded 2 times (x 82B)
Class kotlin.reflect.KTypeParameter                                                   : loaded 2 times (x 70B)
Class com.google.common.base.CaseFormat$5                                             : loaded 2 times (x 83B)
Class org.jetbrains.kotlin.descriptors.Visibilities$Public                            : loaded 2 times (x 79B)
Class org.jetbrains.kotlin.protobuf.ExtensionRegistryLite$ObjectIntPair               : loaded 2 times (x 72B)
Class org.jetbrains.kotlin.metadata.ProtoBuf$Class$1                                  : loaded 2 times (x 144B)
Class org.jetbrains.kotlin.load.kotlin.header.ReadKotlinClassHeaderAnnotationVisitor$KotlinMetadataArgumentVisitor$1: loaded 2 times (x 85B)
Class org.apache.commons.compress.archivers.zip.ExtraFieldParsingBehavior             : loaded 2 times (x 70B)
Class org.apache.http.NameValuePair                                                   : loaded 2 times (x 70B)
Class com.google.common.collect.AbstractMapBasedMultimap$KeySet                       : loaded 2 times (x 137B)
Class kotlin.jvm.internal.markers.KMutableMap                                         : loaded 2 times (x 70B)
Class kotlin.reflect.jvm.internal.impl.descriptors.runtime.structure.ReflectClassUtilKt: loaded 2 times (x 71B)
Class com.google.common.cache.LocalCache$Strength$2                                   : loaded 2 times (x 81B)
Class kotlin.ranges.IntRange                                                          : loaded 2 times (x 93B)
Class org.jetbrains.kotlin.metadata.ProtoBuf$VersionRequirement$1                     : loaded 2 times (x 144B)
Class org.jetbrains.kotlin.metadata.jvm.JvmProtoBuf$StringTableTypes$Record$1         : loaded 2 times (x 144B)
Class org.jetbrains.kotlin.load.kotlin.header.ReadKotlinClassHeaderAnnotationVisitor$KotlinMetadataArgumentVisitor$2: loaded 2 times (x 85B)
Class org.jetbrains.org.objectweb.asm.tree.AnnotationNode                             : loaded 2 times (x 79B)
Class org.jetbrains.kotlin.build.report.metrics.BuildTime                             : loaded 2 times (x 70B)
Class com.google.common.reflect.Types$TypeVariableInvocationHandler                   : loaded 2 times (x 75B)
Class com.google.common.collect.MapMakerInternalMap$InternalEntry                     : loaded 2 times (x 70B)
Class [Lorg.apache.commons.compress.archivers.zip.ZipExtraField;                      : loaded 2 times (x 69B)
Class [Lcom.google.common.collect.HashBiMap$BiEntry;                                  : loaded 2 times (x 69B)
Class kotlinx.coroutines.BlockingEventLoop                                            : loaded 2 times (x 118B)
Class kotlinx.coroutines.ThreadLocalEventLoop                                         : loaded 2 times (x 71B)
Class org.objectweb.asm.commons.InstructionAdapter                                    : loaded 2 times (x 188B)
Class com.google.common.util.concurrent.SettableFuture                                : loaded 2 times (x 114B)
Class kotlinx.coroutines.internal.SystemPropsKt                                       : loaded 2 times (x 71B)
Class [Lorg.apache.commons.compress.archivers.zip.ZipArchiveEntry$NameSource;         : loaded 2 times (x 69B)
Class org.jetbrains.kotlin.cli.common.messages.CompilerMessageSeverity                : loaded 2 times (x 79B)
Class com.google.common.reflect.Types$ClassOwnership$3                                : loaded 2 times (x 71B)
Class org.jetbrains.kotlin.descriptors.CallableMemberDescriptor$Kind                  : loaded 2 times (x 79B)
Class org.jetbrains.kotlin.metadata.ProtoBuf$TypeParameterOrBuilder                   : loaded 2 times (x 70B)
Class org.jetbrains.kotlin.metadata.ProtoBuf$Property                                 : loaded 2 times (x 148B)
Class org.jetbrains.kotlin.protobuf.GeneratedMessageLite$ExtendableMessage            : loaded 2 times (x 113B)
Class org.jetbrains.kotlin.metadata.jvm.JvmProtoBuf$JvmPropertySignatureOrBuilder     : loaded 2 times (x 70B)
Class org.jetbrains.kotlin.build.report.metrics.DoNothingBuildMetricsReporter         : loaded 2 times (x 86B)
Class org.jetbrains.kotlin.cli.common.arguments.CommonCompilerArguments$Companion     : loaded 2 times (x 71B)
Class org.apache.commons.compress.archivers.zip.X0019_EncryptionRecipientCertificateList: loaded 2 times (x 90B)
Class com.google.common.base.Predicates                                               : loaded 2 times (x 71B)
Class kotlinx.coroutines.CompletionStateKt                                            : loaded 2 times (x 71B)
Class kotlin.jvm.internal.markers.KMutableListIterator                                : loaded 2 times (x 70B)
Class org.jetbrains.kotlin.descriptors.DescriptorVisibilities$5                       : loaded 2 times (x 79B)
Class kotlin.collections.MapWithDefault                                               : loaded 2 times (x 70B)
Class org.jetbrains.kotlin.metadata.jvm.deserialization.UtfEncodingKt                 : loaded 2 times (x 71B)
Class org.jetbrains.kotlin.metadata.jvm.JvmProtoBuf$JvmFieldSignature$1               : loaded 2 times (x 144B)
Class kotlin.annotation.AnnotationRetention                                           : loaded 2 times (x 79B)
Class org.jetbrains.kotlin.metadata.ProtoBuf$TypeTable                                : loaded 2 times (x 109B)
Class org.jetbrains.kotlin.metadata.jvm.JvmProtoBuf$JvmMethodSignature                : loaded 2 times (x 108B)
Class org.jetbrains.kotlin.protobuf.MessageLiteOrBuilder                              : loaded 2 times (x 70B)
Class org.jetbrains.kotlin.load.kotlin.header.ReadKotlinClassHeaderAnnotationVisitor$KotlinMetadataArgumentVisitor: loaded 2 times (x 86B)
Class kotlin.jvm.functions.Function22                                                 : loaded 2 times (x 70B)
Class [Lorg.jetbrains.kotlin.cli.common.CompilerSystemProperties;                     : loaded 2 times (x 69B)
Class com.google.common.hash.Hashing                                                  : loaded 2 times (x 71B)
Class kotlinx.coroutines.CoroutineDispatcher                                          : loaded 2 times (x 100B)
Class com.google.common.cache.CacheBuilder$OneWeigher                                 : loaded 2 times (x 82B)
Class kotlin.reflect.jvm.internal.KDeclarationContainerImpl$Companion                 : loaded 2 times (x 71B)
Class org.jetbrains.kotlin.metadata.ProtoBuf$AnnotationOrBuilder                      : loaded 2 times (x 70B)
Class org.jetbrains.kotlin.protobuf.WireFormat$FieldType                              : loaded 2 times (x 83B)
Class org.jetbrains.kotlin.load.kotlin.FileBasedKotlinClass                           : loaded 2 times (x 88B)
Class com.google.common.reflect.Types$ClassOwnership$1LocalClass                      : loaded 2 times (x 71B)
Class com.google.common.collect.TreeMultimap                                          : loaded 2 times (x 228B)
Class jdk.internal.jimage.ImageBufferCache                                            : loaded 2 times (x 71B)
Class jdk.internal.jrtfs.JrtPath                                                      : loaded 2 times (x 118B)
Class org.gradle.internal.classloader.ClasspathUtil                                   : loaded 2 times (x 71B)
Class kotlin.jvm.internal.PropertyReference0                                          : loaded 2 times (x 127B)
Class com.google.common.base.CaseFormat$4                                             : loaded 2 times (x 83B)
Class org.jetbrains.kotlin.metadata.ProtoBuf$TypeAlias                                : loaded 2 times (x 137B)
Class [Lorg.jetbrains.kotlin.metadata.ProtoBuf$TypeParameter$Variance;                : loaded 2 times (x 69B)
Class org.jetbrains.kotlin.metadata.ProtoBuf$Constructor                              : loaded 2 times (x 124B)
Class org.jetbrains.kotlin.metadata.jvm.deserialization.JvmMemberSignature            : loaded 2 times (x 74B)
Class org.jetbrains.kotlin.load.kotlin.header.KotlinClassHeader$Kind                  : loaded 2 times (x 79B)
Class org.jetbrains.kotlin.load.kotlin.KotlinJvmBinaryClass$AnnotationArgumentVisitor : loaded 2 times (x 70B)
Class org.apache.commons.compress.archivers.zip.PKWareExtraHeader                     : loaded 2 times (x 90B)
Class org.apache.commons.compress.archivers.zip.ZipArchiveEntry$NameSource            : loaded 2 times (x 79B)
Class com.google.common.collect.ComparisonChain                                       : loaded 2 times (x 80B)
Class kotlinx.coroutines.NonDisposableHandle                                          : loaded 2 times (x 78B)
Class com.google.common.base.Charsets                                                 : loaded 2 times (x 71B)
Class com.google.common.util.concurrent.Uninterruptibles                              : loaded 2 times (x 71B)
Class com.google.common.collect.EmptyImmutableSetMultimap                             : loaded 2 times (x 180B)
Class kotlin.reflect.full.IllegalCallableAccessException                              : loaded 2 times (x 82B)
Class com.google.common.cache.LocalCache$Strength$1                                   : loaded 2 times (x 81B)
Class kotlin.jvm.internal.PropertyReference1                                          : loaded 2 times (x 127B)
Class org.jetbrains.kotlin.resolve.scopes.receivers.ReceiverValue                     : loaded 2 times (x 70B)
Class org.jetbrains.kotlin.metadata.jvm.JvmProtoBuf$JvmMethodSignature$Builder        : loaded 2 times (x 134B)
Class org.jetbrains.kotlin.metadata.ProtoBuf$VersionRequirementTableOrBuilder         : loaded 2 times (x 70B)
Class org.jetbrains.kotlin.metadata.jvm.JvmProtoBuf$JvmFieldSignatureOrBuilder        : loaded 2 times (x 70B)
Class org.objectweb.asm.ModuleVisitor                                                 : loaded 2 times (x 81B)
Class org.gradle.api.specs.Spec                                                       : loaded 2 times (x 70B)
Class com.google.common.collect.MultimapBuilder$ListMultimapBuilder                   : loaded 2 times (x 75B)
Class com.google.common.hash.Hasher                                                   : loaded 2 times (x 70B)
Class kotlin.LazyKt__LazyJVMKt$WhenMappings                                           : loaded 2 times (x 71B)
Class kotlin.jvm.internal.PropertyReference2                                          : loaded 2 times (x 127B)
Class kotlin.jvm.internal.MutablePropertyReference                                    : loaded 2 times (x 119B)
Class org.jetbrains.kotlin.descriptors.DelegatedDescriptorVisibility                  : loaded 2 times (x 79B)
Class org.jetbrains.kotlin.serialization.deserialization.ProtoEnumFlagsUtilsKt$WhenMappings: loaded 2 times (x 71B)
Class org.jetbrains.kotlin.load.kotlin.header.KotlinClassHeader                       : loaded 2 times (x 72B)
Class kotlinx.coroutines.IncompleteStateBox                                           : loaded 2 times (x 72B)
Class com.google.common.reflect.Types$JavaVersion                                     : loaded 2 times (x 83B)
Class com.google.common.collect.MapMaker                                              : loaded 2 times (x 72B)
Class com.google.common.collect.AbstractSortedSetMultimap                             : loaded 2 times (x 214B)
Class jdk.internal.jimage.ImageReader$SharedImageReader$LocationVisitor               : loaded 2 times (x 70B)
Class com.google.common.collect.Sets$3$1                                              : loaded 2 times (x 82B)
Class [Lkotlin.reflect.jvm.internal.impl.builtins.jvm.JavaToKotlinClassMap$PlatformMutabilityMapping;: loaded 2 times (x 69B)
Class kotlin.LazyThreadSafetyMode                                                     : loaded 2 times (x 79B)
Class kotlin.reflect.full.IllegalPropertyDelegateAccessException                      : loaded 2 times (x 82B)
Class org.jetbrains.kotlin.metadata.deserialization.Flags                             : loaded 2 times (x 71B)
Class org.jetbrains.kotlin.metadata.ProtoBuf$TypeTable$1                              : loaded 2 times (x 144B)
Class org.apache.http.message.BasicHeader                                             : loaded 2 times (x 82B)
Class kotlinx.coroutines.CoroutineContextKt                                           : loaded 2 times (x 71B)
Class com.google.common.cache.LocalCache$LoadingValueReference                        : loaded 2 times (x 96B)
Class com.google.common.io.ByteArrayDataInput                                         : loaded 2 times (x 70B)
Class com.google.common.collect.MapMakerInternalMap$StrongValueEntry                  : loaded 2 times (x 70B)
Class kotlin.jvm.internal.SpreadBuilder                                               : loaded 2 times (x 76B)
Class org.jetbrains.kotlin.config.JvmDefaultMode                                      : loaded 2 times (x 79B)
Class com.google.common.reflect.TypeResolver                                          : loaded 2 times (x 72B)
Class com.google.common.reflect.Types$ClassOwnership$2                                : loaded 2 times (x 80B)
Class org.jetbrains.kotlin.metadata.ProtoBuf$Function                                 : loaded 2 times (x 149B)
Class org.jetbrains.org.objectweb.asm.tree.TableSwitchInsnNode                        : loaded 2 times (x 79B)
Class com.google.common.reflect.Invokable$MethodInvokable                             : loaded 2 times (x 107B)
Class com.google.common.collect.AbstractMapBasedMultimap$AsMap                        : loaded 2 times (x 128B)
Class com.google.common.collect.MapMakerInternalMap$StrongKeyDummyValueEntry          : loaded 2 times (x 82B)
Class com.google.common.io.LineReader$1                                               : loaded 2 times (x 75B)
Class kotlinx.coroutines.internal.DispatchedContinuation                              : loaded 2 times (x 89B)
Class kotlinx.coroutines.internal.Symbol                                              : loaded 2 times (x 72B)
Class jdk.internal.jimage.decompressor.ResourceDecompressorRepository                 : loaded 2 times (x 71B)
Class [Lorg.jetbrains.kotlin.protobuf.WireFormat$JavaType;                            : loaded 2 times (x 69B)
Class org.jetbrains.kotlin.descriptors.DescriptorVisibilities$4                       : loaded 2 times (x 79B)
Class kotlin.coroutines.jvm.internal.RestrictedSuspendLambda                          : loaded 2 times (x 91B)
Class kotlin.reflect.jvm.internal.impl.name.ClassId                                   : loaded 2 times (x 72B)
Class kotlin.jvm.functions.Function21                                                 : loaded 2 times (x 70B)
Class com.google.common.base.CaseFormat$3                                             : loaded 2 times (x 83B)
Class [Lcom.google.common.collect.LinkedHashMultimap$ValueEntry;                      : loaded 2 times (x 69B)
Class org.jetbrains.kotlin.metadata.ProtoBuf$Effect$InvocationKind                    : loaded 2 times (x 82B)
Class org.jetbrains.kotlin.metadata.ProtoBuf$VersionRequirementTable                  : loaded 2 times (x 107B)
Class org.jetbrains.kotlin.protobuf.LazyField                                         : loaded 2 times (x 83B)
Class org.jetbrains.kotlin.load.kotlin.header.ReadKotlinClassHeaderAnnotationVisitor  : loaded 2 times (x 80B)
Class com.google.common.collect.AbstractMapBasedMultimap$WrappedList                  : loaded 2 times (x 205B)
Class [Lorg.apache.commons.compress.archivers.zip.ZipMethod;                          : loaded 2 times (x 69B)
Class [Lorg.objectweb.asm.AnnotationWriter;                                           : loaded 2 times (x 69B)
Class jdk.internal.jimage.ImageReader$Directory                                       : loaded 2 times (x 84B)
Class ijJvmDebugger1_ckepr6s4nov30zjmoumww5h9s                                        : loaded 2 times (x 179B)
Class com.google.common.collect.Maps$9                                                : loaded 2 times (x 76B)
Class kotlin.sequences.SequencesKt__SequenceBuilderKt$sequence$$inlined$Sequence$1    : loaded 2 times (x 75B)
Class org.gradle.internal.service.UnknownServiceException                             : loaded 2 times (x 83B)
Class ijKotlinCoroutineJvmDebugInit1_3cncoyxzej6hi9z01ko4fguf9$_run_closure1$_closure2: loaded 2 times (x 139B)
Class kotlin.text.Regex                                                               : loaded 2 times (x 72B)
Class jdk.internal.jrtfs.SystemImage                                                  : loaded 2 times (x 74B)
Class com.google.common.cache.LocalCache$LocalLoadingCache                            : loaded 2 times (x 134B)
Class org.jetbrains.kotlin.metadata.ProtoBuf$Expression$ConstantValue$1               : loaded 2 times (x 74B)
Class org.jetbrains.kotlin.descriptors.DescriptorVisibilities$10                      : loaded 2 times (x 76B)
Class org.jetbrains.kotlin.metadata.ProtoBuf$TypeParameter$1                          : loaded 2 times (x 144B)
Class org.jetbrains.org.objectweb.asm.tree.LineNumberNode                             : loaded 2 times (x 79B)
Class org.jetbrains.kotlin.utils.StringsKt                                            : loaded 2 times (x 71B)
Class [Lcom.google.common.collect.Iterators$EmptyModifiableIterator;                  : loaded 2 times (x 69B)
Class kotlinx.coroutines.EventLoopKt                                                  : loaded 2 times (x 71B)
Class com.google.common.collect.ImmutableRangeSet$Builder                             : loaded 2 times (x 77B)
Class com.google.common.cache.LocalCache$StrongValueReference                         : loaded 2 times (x 90B)
Class com.google.common.util.concurrent.AbstractFuture$SynchronizedHelper             : loaded 2 times (x 78B)
Class com.google.common.util.concurrent.AbstractFuture$SafeAtomicHelper               : loaded 2 times (x 79B)
Class kotlin.jvm.internal.ReflectionFactory                                           : loaded 2 times (x 91B)
Class [Lorg.objectweb.asm.AnnotationVisitor;                                          : loaded 2 times (x 69B)
Class org.jetbrains.kotlin.descriptors.DescriptorVisibilities$11                      : loaded 2 times (x 76B)
Class org.jetbrains.kotlin.metadata.deserialization.BinaryVersion$Companion           : loaded 2 times (x 71B)
Class [Lorg.jetbrains.kotlin.config.JVMAssertionsMode;                                : loaded 2 times (x 69B)
Class org.jetbrains.kotlin.config.JVMAssertionsMode                                   : loaded 2 times (x 79B)
Class org.apache.commons.compress.archivers.zip.UnicodeCommentExtraField              : loaded 2 times (x 93B)
Class [Lcom.google.gson.stream.JsonToken;                                             : loaded 2 times (x 69B)
Class org.objectweb.asm.Type                                                          : loaded 2 times (x 72B)
Class org.gradle.internal.classloader.VisitableURLClassLoader$InstrumentingVisitableURLClassLoader: loaded 2 times (x 123B)
Class kotlinx.coroutines.ParentJob                                                    : loaded 2 times (x 70B)
Class kotlin.coroutines.Continuation                                                  : loaded 2 times (x 70B)
Class [Lkotlin.reflect.jvm.internal.impl.resolve.jvm.JvmPrimitiveType;                : loaded 2 times (x 69B)
Class kotlin.jvm.internal.ClassBasedDeclarationContainer                              : loaded 2 times (x 70B)
Class kotlinx.coroutines.Delay                                                        : loaded 2 times (x 70B)
Class kotlinx.coroutines.JobNode                                                      : loaded 2 times (x 86B)
Class com.google.common.base.AbstractIterator$State                                   : loaded 2 times (x 79B)
Class com.google.common.collect.MapMakerInternalMap$Strength$2                        : loaded 2 times (x 80B)
Class org.jetbrains.kotlin.descriptors.DescriptorVisibilities$12                      : loaded 2 times (x 76B)
Class org.jetbrains.kotlin.metadata.ProtoBuf$ClassOrBuilder                           : loaded 2 times (x 70B)
Class org.jetbrains.kotlin.metadata.ProtoBuf$ValueParameter                           : loaded 2 times (x 128B)
Class com.google.common.collect.MapMakerInternalMap$StrongKeyDummyValueEntry$Helper   : loaded 2 times (x 79B)
Class com.google.common.io.Files$FileByteSink                                         : loaded 2 times (x 77B)
Class org.apache.commons.compress.archivers.zip.X0016_CertificateIdForCentralDirectory: loaded 2 times (x 93B)
Class kotlinx.coroutines.Job$DefaultImpls                                             : loaded 2 times (x 71B)
Class org.objectweb.asm.ByteVector                                                    : loaded 2 times (x 79B)
Class [Lcom.google.common.cache.CacheBuilder$NullListener;                            : loaded 2 times (x 69B)
Class ijKotlinCoroutineJvmDebugInit1_3cncoyxzej6hi9z01ko4fguf9$_run_closure1          : loaded 2 times (x 139B)
Class org.gradle.internal.classloader.VisitableURLClassLoader$Spec                    : loaded 2 times (x 74B)
Class org.gradle.internal.classpath.DefaultClassPath                                  : loaded 2 times (x 90B)
Class kotlin.Result$Companion                                                         : loaded 2 times (x 71B)
Class kotlin.coroutines.jvm.internal.BaseContinuationImpl                             : loaded 2 times (x 87B)
Class org.jetbrains.kotlin.cli.common.CompilerSystemProperties                        : loaded 2 times (x 80B)
Class com.google.common.reflect.Types$ClassOwnership$1                                : loaded 2 times (x 80B)
Class org.jetbrains.kotlin.load.java.JvmAnnotationNames                               : loaded 2 times (x 71B)
Class org.jetbrains.kotlin.metadata.jvm.deserialization.JvmNameResolverBase$Companion : loaded 2 times (x 71B)
Class org.jetbrains.kotlin.metadata.ProtoBuf$TypeAlias$1                              : loaded 2 times (x 144B)
Class org.jetbrains.kotlin.metadata.ProtoBuf$Annotation$Argument$ValueOrBuilder       : loaded 2 times (x 70B)
Class org.jetbrains.org.objectweb.asm.Handler                                         : loaded 2 times (x 72B)
Class [Lorg.jetbrains.kotlin.build.report.metrics.GradleBuildTime;                    : loaded 2 times (x 69B)
Class com.google.common.reflect.Types$ClassOwnership                                  : loaded 2 times (x 80B)
Class com.google.common.base.AbstractIterator                                         : loaded 2 times (x 80B)
Class org.objectweb.asm.Symbol                                                        : loaded 2 times (x 73B)
Class jdk.internal.jimage.decompressor.ZipDecompressorFactory                         : loaded 2 times (x 74B)
Class org.jetbrains.kotlin.metadata.ProtoBuf$MemberKind                               : loaded 2 times (x 82B)
Class org.jetbrains.kotlin.descriptors.DescriptorVisibilities$3                       : loaded 2 times (x 79B)
Class kotlin.reflect.KType                                                            : loaded 2 times (x 70B)
Class org.jetbrains.kotlin.metadata.jvm.deserialization.ClassMapperLite               : loaded 2 times (x 71B)
Class org.jetbrains.kotlin.metadata.ProtoBuf$Effect$1                                 : loaded 2 times (x 144B)
Class org.jetbrains.kotlin.metadata.ProtoBuf$Visibility                               : loaded 2 times (x 82B)
Class org.jetbrains.kotlin.metadata.ProtoBuf$ConstructorOrBuilder                     : loaded 2 times (x 70B)
Class org.jetbrains.kotlin.metadata.jvm.JvmProtoBuf                                   : loaded 2 times (x 71B)
Class com.google.common.io.Closer                                                     : loaded 2 times (x 78B)
Class [Lorg.apache.commons.compress.archivers.ArchiveEntry;                           : loaded 2 times (x 69B)
Class com.google.common.io.Java8Compatibility                                         : loaded 2 times (x 71B)
Class com.google.common.base.CharMatcher$Ascii                                        : loaded 2 times (x 112B)
Class org.gradle.internal.classloader.ClassLoaderSpec                                 : loaded 2 times (x 71B)
Class kotlin.reflect.jvm.internal.ReflectProperties$Val$1                             : loaded 2 times (x 71B)
Class kotlin.jvm.functions.Function20                                                 : loaded 2 times (x 70B)
Class org.jetbrains.kotlin.descriptors.DeclarationDescriptorWithVisibility            : loaded 2 times (x 70B)
Class org.jetbrains.kotlin.protobuf.SmallSortedMap                                    : loaded 2 times (x 130B)
Class org.jetbrains.org.objectweb.asm.tree.AbstractInsnNode                           : loaded 2 times (x 78B)
Class org.apache.commons.compress.archivers.zip.ZipEncoding                           : loaded 2 times (x 70B)
Class org.objectweb.asm.AnnotationWriter                                              : loaded 2 times (x 79B)
Class com.google.common.cache.CacheStats                                              : loaded 2 times (x 71B)
Class kotlin.jvm.internal.markers.KMutableIterable                                    : loaded 2 times (x 70B)
Class com.google.common.base.CaseFormat$2                                             : loaded 2 times (x 83B)
Class org.gradle.api.internal.ClassPathProvider                                       : loaded 2 times (x 70B)
Class [Lorg.gradle.api.internal.ClassPathProvider;                                    : loaded 2 times (x 69B)
Class com.google.common.hash.HashCode$BytesHashCode                                   : loaded 2 times (x 81B)
Class com.google.common.collect.Maps$ViewCachingAbstractMap                           : loaded 2 times (x 125B)
Class org.jetbrains.kotlin.protobuf.SmallSortedMap$EmptySet                           : loaded 2 times (x 71B)
Class org.jetbrains.kotlin.protobuf.MessageLite                                       : loaded 2 times (x 70B)
Class org.jetbrains.kotlin.load.kotlin.header.KotlinClassHeader$Kind$Companion        : loaded 2 times (x 71B)
Class com.google.common.collect.Interners                                             : loaded 2 times (x 71B)
Class com.google.common.io.LineProcessor                                              : loaded 2 times (x 70B)
Class com.google.common.io.Closer$Suppressor                                          : loaded 2 times (x 70B)
Class [Lorg.apache.commons.compress.archivers.zip.ZipArchiveEntry$CommentSource;      : loaded 2 times (x 69B)
Class org.apache.http.util.Args                                                       : loaded 2 times (x 71B)
Class kotlinx.coroutines.CoroutineStart$WhenMappings                                  : loaded 2 times (x 71B)
Class org.objectweb.asm.RecordComponentWriter                                         : loaded 2 times (x 78B)
Class com.google.common.util.concurrent.AbstractFuture$Listener                       : loaded 2 times (x 72B)
Class Settings_gradle$1$1                                                             : loaded 2 times (x 74B)
Class com.google.common.collect.MultimapBuilder$SortedSetMultimapBuilder              : loaded 2 times (x 77B)
Class com.google.common.collect.MapMakerInternalMap$Strength$1                        : loaded 2 times (x 80B)
Class org.jetbrains.kotlin.protobuf.ExtensionRegistryLite                             : loaded 2 times (x 74B)
Class org.jetbrains.kotlin.metadata.jvm.JvmProtoBuf$JvmFieldSignature                 : loaded 2 times (x 108B)
Class org.jetbrains.kotlin.cli.common.ModuleVisibilityHelperImpl                      : loaded 2 times (x 74B)
Class [Lorg.objectweb.asm.Label;                                                      : loaded 2 times (x 69B)
Class com.google.common.collect.ForwardingSet                                         : loaded 2 times (x 151B)
Class org.objectweb.asm.Attribute                                                     : loaded 2 times (x 77B)
Class org.gradle.internal.classloader.VisitableURLClassLoader                         : loaded 2 times (x 117B)
Class com.google.common.base.Verify                                                   : loaded 2 times (x 71B)
Class [Lkotlin.DeprecationLevel;                                                      : loaded 2 times (x 69B)
Class kotlin.reflect.jvm.internal.KClassImpl                                          : loaded 2 times (x 115B)
Class org.jetbrains.kotlin.metadata.ProtoBuf$Modality                                 : loaded 2 times (x 82B)
Class org.jetbrains.kotlin.descriptors.DescriptorVisibilities$2                       : loaded 2 times (x 79B)
Class com.google.common.collect.ImmutableList$SerializedForm                          : loaded 2 times (x 73B)
Class org.apache.commons.compress.archivers.zip.ExtraFieldUtils                       : loaded 2 times (x 71B)
Class com.google.common.util.concurrent.AbstractFuture$Waiter                         : loaded 2 times (x 72B)
Class Settings_gradle                                                                 : loaded 2 times (x 128B)
Class org.gradle.internal.Cast                                                        : loaded 2 times (x 71B)
Class org.gradle.api.Action                                                           : loaded 2 times (x 70B)
Class kotlin.collections.AbstractMutableList                                          : loaded 2 times (x 206B)
Class kotlin.reflect.jvm.internal.impl.builtins.jvm.JavaToKotlinClassMap$PlatformMutabilityMapping: loaded 2 times (x 72B)
Class com.google.common.base.CaseFormat$1                                             : loaded 2 times (x 83B)
Class kotlin.sequences.SequenceScope                                                  : loaded 2 times (x 73B)
Class [Lorg.jetbrains.kotlin.metadata.ProtoBuf$VersionRequirement$VersionKind;        : loaded 2 times (x 69B)
Class org.jetbrains.kotlin.protobuf.CodedOutputStream                                 : loaded 2 times (x 72B)
Class org.jetbrains.kotlin.metadata.ProtoBuf$Annotation                               : loaded 2 times (x 109B)
Class org.jetbrains.org.objectweb.asm.tree.TypeInsnNode                               : loaded 2 times (x 78B)
Class com.google.common.collect.MapMakerInternalMap                                   : loaded 2 times (x 161B)
Class com.google.common.collect.HashBiMap                                             : loaded 2 times (x 143B)
Class kotlinx.coroutines.CompletedExceptionally                                       : loaded 2 times (x 72B)
Class com.google.common.base.Strings                                                  : loaded 2 times (x 71B)
Class org.objectweb.asm.Handler                                                       : loaded 2 times (x 72B)
Class com.google.common.base.Ticker                                                   : loaded 2 times (x 72B)
Class jdk.internal.jimage.decompressor.ZipDecompressor                                : loaded 2 times (x 75B)
Class com.google.common.collect.MultimapBuilder$SetMultimapBuilder                    : loaded 2 times (x 75B)
Class kotlin.jvm.internal.markers.KMutableIterator                                    : loaded 2 times (x 70B)
Class com.google.common.collect.ImmutableSortedSet$Builder                            : loaded 2 times (x 86B)
Class com.google.common.collect.LinkedHashMultimapGwtSerializationDependencies        : loaded 2 times (x 174B)
Class org.gradle.api.internal.DefaultClassPathProvider                                : loaded 2 times (x 76B)
Class org.objectweb.asm.AnnotationVisitor                                             : loaded 2 times (x 78B)
Class [Lorg.jetbrains.kotlin.metadata.jvm.JvmProtoBuf$StringTableTypes$Record$Operation;: loaded 2 times (x 69B)
Class [Lorg.jetbrains.kotlin.load.kotlin.header.KotlinClassHeader$Kind;               : loaded 2 times (x 69B)
Class com.google.common.cache.RemovalCause$1                                          : loaded 2 times (x 80B)
Class [Lcom.google.common.cache.LocalCache$Segment;                                   : loaded 2 times (x 69B)
Class [Lcom.google.common.cache.LocalCache$Strength;                                  : loaded 2 times (x 69B)
Class com.google.common.cache.CacheBuilder$1                                          : loaded 2 times (x 85B)
Class org.gradle.internal.classpath.DefaultClassPath$ImmutableUniqueList$Builder      : loaded 2 times (x 75B)
Class kotlinx.coroutines.EventLoop_commonKt                                           : loaded 2 times (x 71B)
Class org.apache.commons.compress.archivers.zip.X000A_NTFS                            : loaded 2 times (x 100B)
Class kotlin.reflect.jvm.internal.KDeclarationContainerImpl$Data                      : loaded 2 times (x 72B)
Class com.google.common.base.Splitter                                                 : loaded 2 times (x 72B)
Class com.google.common.collect.Iterators$EmptyModifiableIterator                     : loaded 2 times (x 86B)
Class org.jetbrains.kotlin.serialization.deserialization.ProtoEnumFlags               : loaded 2 times (x 71B)
Class org.jetbrains.kotlin.protobuf.Internal$EnumLite                                 : loaded 2 times (x 70B)
Class com.google.common.cache.RemovalCause$2                                          : loaded 2 times (x 80B)
Class com.google.common.collect.MapMakerInternalMap$WeakValueReference                : loaded 2 times (x 70B)
Class kotlinx.coroutines.CoroutineStart                                               : loaded 2 times (x 79B)
Class com.google.gson.stream.JsonToken                                                : loaded 2 times (x 79B)
Class com.google.common.collect.AbstractRangeSet                                      : loaded 2 times (x 114B)
Class com.google.common.cache.LocalCache                                              : loaded 2 times (x 187B)
Class com.google.common.cache.CacheBuilder$2                                          : loaded 2 times (x 79B)
Class com.google.common.collect.ImmutableSet$SerializedForm                           : loaded 2 times (x 73B)
Class org.jetbrains.kotlin.protobuf.CodedOutputStream$ByteBufferOutputStream          : loaded 2 times (x 86B)
Class kotlin.jvm.functions.Function4                                                  : loaded 2 times (x 70B)
Class org.jetbrains.kotlin.descriptors.DescriptorVisibilities$1                       : loaded 2 times (x 79B)
Class org.jetbrains.kotlin.util.ModuleVisibilityHelper                                : loaded 2 times (x 70B)
Class kotlin.reflect.jvm.internal.impl.builtins.PrimitiveType$Companion               : loaded 2 times (x 71B)
Class kotlin.reflect.jvm.internal.KClassImpl$Data                                     : loaded 2 times (x 72B)
Class kotlin.reflect.KProperty$Accessor                                               : loaded 2 times (x 70B)
Class kotlin.reflect.jvm.internal.KCallableImpl                                       : loaded 2 times (x 105B)
Class org.jetbrains.kotlin.protobuf.RopeByteString                                    : loaded 2 times (x 110B)
Class org.jetbrains.kotlin.metadata.jvm.deserialization.JvmNameResolverBase           : loaded 2 times (x 80B)
Class org.jetbrains.org.objectweb.asm.tree.IincInsnNode                               : loaded 2 times (x 78B)
Class org.jetbrains.org.objectweb.asm.tree.MultiANewArrayInsnNode                     : loaded 2 times (x 79B)
Class com.google.common.cache.RemovalCause$3                                          : loaded 2 times (x 80B)
Class org.jetbrains.kotlin.config.LanguageVersion                                     : loaded 2 times (x 91B)
Class org.apache.commons.compress.archivers.zip.CharsetAccessor                       : loaded 2 times (x 70B)
Class kotlinx.coroutines.EventLoopImplBase                                            : loaded 2 times (x 118B)
Class kotlinx.coroutines.CoroutineId                                                  : loaded 2 times (x 93B)
Class org.jetbrains.kotlin.cli.common.arguments.K2JVMCompilerArguments                : loaded 2 times (x 81B)
Class com.google.common.cache.CacheBuilder$3                                          : loaded 2 times (x 72B)
Class org.gradle.api.GradleException                                                  : loaded 2 times (x 82B)
Class kotlin.jvm.functions.Function5                                                  : loaded 2 times (x 70B)
Class com.google.common.collect.ImmutableRangeSet                                     : loaded 2 times (x 115B)
Class kotlinx.coroutines.DebugKt                                                      : loaded 2 times (x 71B)
Class org.jetbrains.kotlin.metadata.jvm.deserialization.JvmMetadataVersion            : loaded 2 times (x 74B)
Class [Lorg.jetbrains.kotlin.descriptors.CallableMemberDescriptor$Kind;               : loaded 2 times (x 69B)
Class org.jetbrains.kotlin.metadata.ProtoBuf$EnumEntry                                : loaded 2 times (x 118B)
Class kotlin.reflect.jvm.internal.impl.name.FqNameUnsafe$1                            : loaded 2 times (x 74B)
Class org.jetbrains.org.objectweb.asm.tree.LocalVariableAnnotationNode                : loaded 2 times (x 81B)
Class org.jetbrains.kotlin.metadata.deserialization.BinaryVersion                     : loaded 2 times (x 74B)
Class com.google.common.cache.RemovalCause$4                                          : loaded 2 times (x 80B)
Class org.apache.commons.compress.archivers.zip.NioZipEncoding                        : loaded 2 times (x 84B)
Class jdk.internal.jimage.ImageStrings                                                : loaded 2 times (x 70B)
Class kotlin.jvm.functions.Function6                                                  : loaded 2 times (x 70B)
Class com.google.common.collect.CollectSpliterators$1WithCharacteristics              : loaded 2 times (x 90B)
Class kotlin.reflect.jvm.internal.KTypeParameterOwnerImpl                             : loaded 2 times (x 70B)
Class org.gradle.api.internal.classpath.EffectiveClassPath                            : loaded 2 times (x 90B)
Class org.apache.commons.compress.archivers.zip.ZipUtil                               : loaded 2 times (x 71B)
Class org.jetbrains.org.objectweb.asm.tree.FrameNode                                  : loaded 2 times (x 79B)
Class org.jetbrains.kotlin.metadata.ProtoBuf$EnumEntry$1                              : loaded 2 times (x 144B)
Class org.jetbrains.kotlin.metadata.ProtoBuf$Type$Argument$Projection                 : loaded 2 times (x 82B)
Class org.jetbrains.org.objectweb.asm.tree.InvokeDynamicInsnNode                      : loaded 2 times (x 78B)
Class com.google.common.cache.RemovalCause$5                                          : loaded 2 times (x 80B)
Class [Lcom.google.common.collect.MapMakerInternalMap$Strength;                       : loaded 2 times (x 69B)
Class [Lcom.google.common.io.FileWriteMode;                                           : loaded 2 times (x 69B)
Class kotlinx.coroutines.Unconfined                                                   : loaded 2 times (x 100B)
Class kotlinx.coroutines.GlobalScope                                                  : loaded 2 times (x 74B)
Class kotlin.jvm.functions.Function7                                                  : loaded 2 times (x 70B)
Class kotlin.reflect.jvm.internal.impl.name.Name                                      : loaded 2 times (x 75B)
Class kotlin.reflect.jvm.internal.KPropertyImpl$Companion                             : loaded 2 times (x 71B)
Class org.jetbrains.kotlin.metadata.jvm.JvmProtoBuf$StringTableTypesOrBuilder         : loaded 2 times (x 70B)
Class org.jetbrains.kotlin.metadata.jvm.JvmProtoBuf$JvmPropertySignature$Builder      : loaded 2 times (x 141B)
Class org.jetbrains.kotlin.metadata.deserialization.Flags$EnumLiteFlagField           : loaded 2 times (x 76B)
Class com.google.common.collect.Iterables$4                                           : loaded 2 times (x 81B)
Class com.google.common.collect.MapMakerInternalMap$StrongKeyDummyValueSegment        : loaded 2 times (x 142B)
Class com.google.common.io.Files                                                      : loaded 2 times (x 71B)
Class com.google.common.cache.LocalCache$WriteThroughEntry                            : loaded 2 times (x 79B)
Class com.google.common.cache.LocalCache$HashIterator                                 : loaded 2 times (x 86B)
Class com.google.common.hash.HashCode$IntHashCode                                     : loaded 2 times (x 80B)
Class kotlinx.coroutines.AbstractCoroutine                                            : loaded 2 times (x 143B)
Class org.jetbrains.kotlin.cli.common.arguments.CommonCompilerArguments               : loaded 2 times (x 80B)
Class com.google.common.cache.LocalCache$EntryFactory                                 : loaded 2 times (x 83B)
Class org.jetbrains.kotlin.metadata.ProtoBuf$Type$Argument$1                          : loaded 2 times (x 144B)
Class com.google.common.collect.Maps$12                                               : loaded 2 times (x 82B)
Class kotlin.collections.builders.MapBuilder$Companion                                : loaded 2 times (x 71B)
Class kotlin.jvm.functions.Function8                                                  : loaded 2 times (x 70B)
Class [Lkotlin.annotation.AnnotationRetention;                                        : loaded 2 times (x 69B)
Class kotlin.reflect.jvm.internal.impl.name.FqNameUnsafe                              : loaded 2 times (x 72B)
Class [Ldagger.hilt.processor.internal.optionvalues.GradleProjectType;                : loaded 2 times (x 69B)
Class kotlin.reflect.jvm.internal.KProperty1Impl                                      : loaded 2 times (x 128B)
Class com.google.common.base.Enums$StringConverter                                    : loaded 2 times (x 90B)
Class org.jetbrains.kotlin.metadata.ProtoBuf$VersionRequirementTable$1                : loaded 2 times (x 144B)
Class org.jetbrains.kotlin.metadata.ProtoBuf$Contract                                 : loaded 2 times (x 107B)
Class com.google.common.reflect.Types$NativeTypeVariableEquals                        : loaded 2 times (x 71B)
Class com.google.common.reflect.TypeParameter                                         : loaded 2 times (x 72B)
Class [Lcom.google.common.collect.MapMaker$Dummy;                                     : loaded 2 times (x 69B)
Class com.google.common.base.CharMatcher$Whitespace                                   : loaded 2 times (x 112B)
Class com.google.common.base.Splitter$1$1                                             : loaded 2 times (x 86B)
Class [Lorg.apache.commons.compress.archivers.zip.ZipArchiveEntry;                    : loaded 2 times (x 69B)
Class com.google.common.cache.LocalCache$AbstractReferenceEntry                       : loaded 2 times (x 107B)
Class org.gradle.internal.IoActions                                                   : loaded 2 times (x 71B)
Class com.google.common.collect.MultimapBuilder$MultimapBuilderWithKeys$1             : loaded 2 times (x 76B)
Class com.google.common.collect.Maps$13                                               : loaded 2 times (x 85B)
Class org.gradle.internal.classloader.ClassLoaderVisitor                              : loaded 2 times (x 76B)
Class com.google.common.base.VerifyException                                          : loaded 2 times (x 82B)
Class com.google.common.base.Enums                                                    : loaded 2 times (x 71B)
Class kotlin.jvm.functions.Function10                                                 : loaded 2 times (x 70B)
Class kotlin.jvm.functions.Function9                                                  : loaded 2 times (x 70B)
Class kotlin.annotation.MustBeDocumented                                              : loaded 2 times (x 70B)
Class [Lkotlin.LazyThreadSafetyMode;                                                  : loaded 2 times (x 69B)
Class [Lkotlin.reflect.KClassifier;                                                   : loaded 2 times (x 69B)
Class kotlin.reflect.jvm.internal.EmptyContainerForLocal                              : loaded 2 times (x 84B)
Class kotlinx.coroutines.CopyableThreadContextElement                                 : loaded 2 times (x 70B)
Class org.jetbrains.kotlin.metadata.jvm.deserialization.JvmNameResolverBase$WhenMappings: loaded 2 times (x 71B)
Class org.jetbrains.kotlin.descriptors.Visibilities$Local                             : loaded 2 times (x 79B)
Class org.jetbrains.kotlin.protobuf.WireFormat                                        : loaded 2 times (x 71B)
Class org.jetbrains.kotlin.metadata.jvm.deserialization.BitEncoding                   : loaded 2 times (x 71B)
Class com.google.common.hash.AbstractHasher                                           : loaded 2 times (x 142B)
Class org.apache.commons.compress.archivers.zip.ZipArchiveOutputStream                : loaded 2 times (x 116B)
Class com.google.common.collect.ImmutableRangeSet$ComplementRanges                    : loaded 2 times (x 207B)
Class org.objectweb.asm.SymbolTable                                                   : loaded 2 times (x 72B)
Class com.google.common.cache.CacheLoader$InvalidCacheLoadException                   : loaded 2 times (x 82B)
Class org.gradle.internal.classloader.SystemClassLoaderSpec                           : loaded 2 times (x 71B)
Class com.google.common.collect.MultimapBuilder$MultimapBuilderWithKeys$2             : loaded 2 times (x 76B)
Class kotlin.jvm.internal.markers.KMutableCollection                                  : loaded 2 times (x 70B)
Class kotlin.coroutines.intrinsics.IntrinsicsKt                                       : loaded 2 times (x 71B)
Class com.google.common.base.CaseFormat                                               : loaded 2 times (x 83B)
Class kotlin.jvm.functions.Function11                                                 : loaded 2 times (x 70B)
Class org.apache.commons.compress.archivers.zip.X0015_CertificateIdForFile            : loaded 2 times (x 93B)
Class org.jetbrains.kotlin.config.LanguageVersionSettings                             : loaded 2 times (x 70B)
Class kotlin.ranges.IntRange$Companion                                                : loaded 2 times (x 71B)
Class com.google.common.base.CharMatcher$None                                         : loaded 2 times (x 112B)
Class [Lorg.jetbrains.kotlin.metadata.ProtoBuf$Effect$EffectType;                     : loaded 2 times (x 69B)
Class [Lcom.google.common.collect.AbstractIterator$State;                             : loaded 2 times (x 69B)
Class com.google.common.collect.FluentIterable                                        : loaded 2 times (x 81B)
Class [Lorg.apache.commons.compress.archivers.EntryStreamOffsets;                     : loaded 2 times (x 69B)
Class kotlinx.coroutines.internal.LockFreeLinkedListNode                              : loaded 2 times (x 74B)
Class com.google.common.cache.LocalCache$StrongEntry                                  : loaded 2 times (x 108B)
Class com.google.common.util.concurrent.AbstractFuture$TrustedFuture                  : loaded 2 times (x 114B)
Class com.google.common.cache.LoadingCache                                            : loaded 2 times (x 70B)
Class com.google.common.collect.MultimapBuilder$MultimapBuilderWithKeys$3             : loaded 2 times (x 76B)
Class kotlin.coroutines.intrinsics.CoroutineSingletons                                : loaded 2 times (x 79B)
Class org.jetbrains.kotlin.metadata.jvm.deserialization.JvmNameResolver               : loaded 2 times (x 80B)
Class kotlin.jvm.functions.Function12                                                 : loaded 2 times (x 70B)
Class org.gradle.internal.classloader.DefaultClassLoaderFactory                       : loaded 2 times (x 82B)
Class [Lcom.google.common.cache.CacheBuilder$OneWeigher;                              : loaded 2 times (x 69B)
Class org.objectweb.asm.MethodTooLargeException                                       : loaded 2 times (x 83B)
Class kotlinx.coroutines.EventLoopImplPlatform                                        : loaded 2 times (x 108B)
Class org.jetbrains.kotlin.metadata.ProtoBuf$Type$Argument                            : loaded 2 times (x 110B)
Class org.jetbrains.kotlin.load.kotlin.FileBasedKotlinClass$InnerClassesInfo          : loaded 2 times (x 74B)
Class com.google.common.io.ByteStreams$LimitedInputStream                             : loaded 2 times (x 92B)
Class org.apache.commons.compress.archivers.zip.Zip64ExtendedInformationExtraField    : loaded 2 times (x 97B)
Class org.objectweb.asm.MethodWriter                                                  : loaded 2 times (x 106B)
Class [Lcom.google.common.cache.Weigher;                                              : loaded 2 times (x 69B)
Class jdk.internal.jrtfs.JrtFileSystem                                                : loaded 2 times (x 102B)
Class com.google.common.collect.MultimapBuilder$MultimapBuilderWithKeys$4             : loaded 2 times (x 76B)
Class kotlinx.coroutines.scheduling.SchedulerTimeSource                               : loaded 2 times (x 72B)
Class kotlin.sequences.SequenceBuilderIterator                                        : loaded 2 times (x 85B)
Class kotlin.jvm.functions.Function13                                                 : loaded 2 times (x 70B)
Class kotlin.ranges.OpenEndRange                                                      : loaded 2 times (x 70B)
Class kotlinx.coroutines.scheduling.CoroutineScheduler                                : loaded 2 times (x 81B)
Class kotlin.text.Charsets                                                            : loaded 2 times (x 71B)
Class org.jetbrains.kotlin.resolve.scopes.receivers.Receiver                          : loaded 2 times (x 70B)
Class org.jetbrains.kotlin.metadata.ProtoBuf$Modality$1                               : loaded 2 times (x 74B)
Class org.jetbrains.org.objectweb.asm.tree.TypeAnnotationNode                         : loaded 2 times (x 80B)
Class org.jetbrains.kotlin.cli.common.CompilerSystemProperties$Companion              : loaded 2 times (x 71B)
Class com.google.common.collect.AbstractMapBasedMultimap$RandomAccessWrappedList      : loaded 2 times (x 205B)
Class kotlinx.coroutines.internal.LockFreeTaskQueueCore$Companion                     : loaded 2 times (x 71B)
Class jdk.internal.jimage.decompressor.CompressedResourceHeader                       : loaded 2 times (x 71B)
Class com.google.common.collect.MultimapBuilder$MultimapBuilderWithKeys$5             : loaded 2 times (x 78B)
Class com.google.common.collect.MapMakerInternalMap$Strength                          : loaded 2 times (x 80B)
Class com.google.common.collect.MapMakerInternalMap$StrongKeyDummyValueEntry$LinkedStrongKeyDummyValueEntry: loaded 2 times (x 82B)
Class org.jetbrains.kotlin.metadata.ProtoBuf$Effect$EffectType                        : loaded 2 times (x 82B)
Class kotlin.jvm.functions.Function14                                                 : loaded 2 times (x 70B)
Class kotlin.io.LinesSequence                                                         : loaded 2 times (x 75B)
Class [Lkotlin.reflect.KClass;                                                        : loaded 2 times (x 69B)
Class org.jetbrains.kotlin.metadata.jvm.JvmProtoBuf$1                                 : loaded 2 times (x 71B)
Class org.jetbrains.kotlin.metadata.ProtoBuf$VersionRequirement                       : loaded 2 times (x 116B)
Class com.google.common.reflect.Types$JavaVersion$1                                   : loaded 2 times (x 83B)
Class [Lorg.jetbrains.kotlin.config.ExplicitApiMode;                                  : loaded 2 times (x 69B)
Class com.google.common.collect.AbstractIterator$State                                : loaded 2 times (x 79B)
Class [Lorg.apache.http.NameValuePair;                                                : loaded 2 times (x 69B)
Class com.google.common.cache.LocalCache$ValueReference                               : loaded 2 times (x 70B)
Class com.google.common.collect.MultimapBuilder$MultimapBuilderWithKeys$6             : loaded 2 times (x 76B)
Class kotlin.reflect.jvm.internal.impl.name.FqName                                    : loaded 2 times (x 72B)
Class kotlin.jvm.functions.Function15                                                 : loaded 2 times (x 70B)
Class jdk.internal.jimage.decompressor.StringSharingDecompressorFactory               : loaded 2 times (x 74B)
Class org.objectweb.asm.ClassVisitor                                                  : loaded 2 times (x 88B)
Class [Lorg.objectweb.asm.Symbol;                                                     : loaded 2 times (x 69B)
Class kotlinx.coroutines.ChildHandle                                                  : loaded 2 times (x 70B)
Class kotlinx.coroutines.CoroutineScope                                               : loaded 2 times (x 70B)
Class com.google.common.collect.TransformedListIterator                               : loaded 2 times (x 93B)
Class org.jetbrains.kotlin.descriptors.annotations.Annotated                          : loaded 2 times (x 70B)
Class com.google.common.cache.LocalCache$Values                                       : loaded 2 times (x 118B)
Class org.jetbrains.kotlin.descriptors.SourceElement$1                                : loaded 2 times (x 74B)
Class com.google.common.reflect.Types$JavaVersion$2                                   : loaded 2 times (x 83B)
Class com.google.common.reflect.Types                                                 : loaded 2 times (x 71B)
Class org.apache.commons.compress.archivers.zip.AsiExtraField                         : loaded 2 times (x 100B)
Class [Lorg.apache.http.Header;                                                       : loaded 2 times (x 69B)
Class com.google.common.hash.PrimitiveSink                                            : loaded 2 times (x 70B)
Class org.jetbrains.kotlin.cli.common.arguments.CommonToolArguments                   : loaded 2 times (x 73B)
Class com.google.common.util.concurrent.AbstractFuture$Failure                        : loaded 2 times (x 72B)
Class org.jetbrains.kotlin.config.ExplicitApiMode$Companion                           : loaded 2 times (x 71B)
Class com.google.common.reflect.TypeCapture                                           : loaded 2 times (x 71B)
Class kotlin.coroutines.EmptyCoroutineContext                                         : loaded 2 times (x 77B)
Class org.jetbrains.org.objectweb.asm.tree.FieldInsnNode                              : loaded 2 times (x 79B)
Class kotlin.jvm.functions.Function16                                                 : loaded 2 times (x 70B)
Class org.jetbrains.kotlin.protobuf.ByteString$Output                                 : loaded 2 times (x 86B)
Class kotlin.sequences.TransformingSequence                                           : loaded 2 times (x 75B)
Class kotlin.collections.builders.ListBuilder$Itr                                     : loaded 2 times (x 94B)
Class com.google.gson.stream.MalformedJsonException                                   : loaded 2 times (x 82B)
Class org.jetbrains.kotlin.metadata.ProtoBuf$Expression$1                             : loaded 2 times (x 144B)
Class org.jetbrains.kotlin.descriptors.DescriptorVisibility                           : loaded 2 times (x 78B)
Class com.google.common.reflect.Types$JavaVersion$3                                   : loaded 2 times (x 83B)
Class com.google.common.io.CharSink                                                   : loaded 2 times (x 79B)
Class org.objectweb.asm.Label                                                         : loaded 2 times (x 73B)
Class org.objectweb.asm.CurrentFrame                                                  : loaded 2 times (x 73B)
Class org.objectweb.asm.ClassTooLargeException                                        : loaded 2 times (x 83B)
Class com.google.gson.stream.JsonReader                                               : loaded 2 times (x 97B)
Class org.apache.commons.compress.archivers.zip.ResourceAlignmentExtraField           : loaded 2 times (x 89B)
Class com.google.common.io.ByteArrayDataOutput                                        : loaded 2 times (x 70B)
Class org.jetbrains.kotlin.protobuf.GeneratedMessageLite$ExtendableMessageOrBuilder   : loaded 2 times (x 70B)
Class kotlin.jvm.functions.Function17                                                 : loaded 2 times (x 70B)
Class org.jetbrains.kotlin.metadata.ProtoBuf$FunctionOrBuilder                        : loaded 2 times (x 70B)
Class org.jetbrains.kotlin.protobuf.GeneratedMessageLite$1                            : loaded 2 times (x 71B)
Class org.jetbrains.kotlin.metadata.ProtoBuf$ExpressionOrBuilder                      : loaded 2 times (x 70B)
Class [Lorg.jetbrains.kotlin.metadata.ProtoBuf$Type$Argument$Projection;              : loaded 2 times (x 69B)
Class org.jetbrains.kotlin.metadata.ProtoBuf$Effect$InvocationKind$1                  : loaded 2 times (x 74B)
Class com.google.common.reflect.Types$JavaVersion$4                                   : loaded 2 times (x 83B)
Class org.jetbrains.kotlin.cli.common.messages.MessageCollector$Companion$NONE$1      : loaded 2 times (x 76B)
Class com.google.common.collect.MapMakerInternalMap$InternalEntryHelper               : loaded 2 times (x 70B)
Class com.google.common.collect.Table                                                 : loaded 2 times (x 70B)
Class org.apache.commons.compress.archivers.zip.ZipExtraField                         : loaded 2 times (x 70B)
Class com.google.common.hash.HashCode$LongHashCode                                    : loaded 2 times (x 80B)
Class com.google.common.collect.RangeGwtSerializationDependencies                     : loaded 2 times (x 71B)
Class org.objectweb.asm.Frame                                                         : loaded 2 times (x 73B)
Class org.objectweb.asm.MethodVisitor                                                 : loaded 2 times (x 105B)
Class com.google.common.cache.LocalCache$EntryFactory$1                               : loaded 2 times (x 83B)
Class [Lcom.google.common.cache.RemovalListener;                                      : loaded 2 times (x 69B)
Class kotlin.jvm.functions.Function18                                                 : loaded 2 times (x 70B)
Class kotlin.ranges.IntProgression$Companion                                          : loaded 2 times (x 71B)
Class kotlin.jvm.internal.MutablePropertyReference2                                   : loaded 2 times (x 137B)
Class org.jetbrains.kotlin.metadata.ProtoBuf$EnumEntryOrBuilder                       : loaded 2 times (x 70B)
Class org.jetbrains.kotlin.descriptors.ValidateableDescriptor                         : loaded 2 times (x 70B)
Class org.jetbrains.kotlin.metadata.jvm.JvmProtoBuf$JvmPropertySignature$1            : loaded 2 times (x 144B)
Class kotlin.reflect.jvm.internal.ReflectProperties$Val                               : loaded 2 times (x 74B)
Class org.jetbrains.kotlin.metadata.jvm.deserialization.JvmMetadataVersion$Companion  : loaded 2 times (x 71B)
Class com.google.common.reflect.Types$JavaVersion$5                                   : loaded 2 times (x 71B)
Class [Lcom.google.common.reflect.Types$ClassOwnership;                               : loaded 2 times (x 69B)
Class com.google.common.collect.RangeSet                                              : loaded 2 times (x 70B)
Class com.google.common.cache.LocalCache$EntryFactory$2                               : loaded 2 times (x 83B)
Class org.gradle.api.internal.classpath.GlobalCacheRootsProvider                      : loaded 2 times (x 70B)
Class com.google.common.collect.Multimaps                                             : loaded 2 times (x 71B)
Class kotlin.collections.builders.MapBuilder                                          : loaded 2 times (x 112B)
Class kotlin.jvm.functions.Function19                                                 : loaded 2 times (x 70B)
Class kotlin.reflect.KMutableProperty$Setter                                          : loaded 2 times (x 70B)
Class com.google.common.collect.ImmutableListMultimap$Builder                         : loaded 2 times (x 83B)
Class org.gradle.api.internal.classpath.ManifestUtil                                  : loaded 2 times (x 71B)
Class com.google.common.util.concurrent.ExecutionError                                : loaded 2 times (x 82B)
Class com.google.common.collect.CollectCollectors                                     : loaded 2 times (x 71B)
Class org.objectweb.asm.ModuleWriter                                                  : loaded 2 times (x 82B)
Class com.google.common.cache.LocalCache$EntryFactory$3                               : loaded 2 times (x 83B)
Class com.google.common.base.Ticker$1                                                 : loaded 2 times (x 72B)
Class com.google.common.collect.MultimapBuilder$1                                     : loaded 2 times (x 83B)
Class com.google.common.collect.AbstractMapBasedMultimap$WrappedCollection            : loaded 2 times (x 124B)
Class org.apache.commons.compress.utils.IOUtils                                       : loaded 2 times (x 71B)
Class com.google.common.collect.ImmutableBiMap$SerializedForm                         : loaded 2 times (x 75B)
Class [Lorg.jetbrains.kotlin.metadata.ProtoBuf$Expression$ConstantValue;              : loaded 2 times (x 69B)
Class org.jetbrains.kotlin.metadata.ProtoBuf$Effect                                   : loaded 2 times (x 113B)
Class org.jetbrains.org.objectweb.asm.tree.InsnNode                                   : loaded 2 times (x 78B)
Class [Lkotlin.jvm.functions.Function1;                                               : loaded 2 times (x 69B)
Class [Lcom.google.common.cache.RemovalCause;                                         : loaded 2 times (x 69B)
Class com.google.common.collect.CollectSpliterators$1                                 : loaded 2 times (x 90B)
Class kotlinx.coroutines.Incomplete                                                   : loaded 2 times (x 70B)
Class com.google.common.cache.LocalCache$EntryFactory$4                               : loaded 2 times (x 83B)
Class com.google.common.collect.MultimapBuilder$2                                     : loaded 2 times (x 83B)
Class com.google.common.collect.MultimapBuilder$MultimapBuilderWithKeys               : loaded 2 times (x 82B)
Class org.jetbrains.org.objectweb.asm.tree.Util                                       : loaded 2 times (x 71B)
Class [Lorg.jetbrains.kotlin.metadata.ProtoBuf$Modality;                              : loaded 2 times (x 69B)
Class org.jetbrains.kotlin.descriptors.Visibility                                     : loaded 2 times (x 79B)
Class org.jetbrains.kotlin.protobuf.RopeByteString$RopeInputStream                    : loaded 2 times (x 92B)
Class org.jetbrains.kotlin.protobuf.CodedInputStream                                  : loaded 2 times (x 72B)
Class kotlin.jvm.internal.MutablePropertyReference1                                   : loaded 2 times (x 137B)
Class kotlin.jvm.internal.PropertyReference1Impl                                      : loaded 2 times (x 127B)
Class com.google.common.io.ByteStreams$1                                              : loaded 2 times (x 85B)
Class org.apache.commons.compress.archivers.zip.ZipArchiveEntry$CommentSource         : loaded 2 times (x 79B)
Class kotlinx.coroutines.AbstractTimeSourceKt                                         : loaded 2 times (x 71B)
Class com.google.common.cache.LocalCache$EntryFactory$5                               : loaded 2 times (x 83B)
Class com.google.common.collect.MultimapBuilder$3                                     : loaded 2 times (x 84B)
Class [Lkotlin.reflect.KProperty;                                                     : loaded 2 times (x 69B)
Class kotlin.SafePublicationLazyImpl$Companion                                        : loaded 2 times (x 71B)
Class org.jetbrains.kotlin.metadata.ProtoBuf$1                                        : loaded 2 times (x 71B)
Class org.jetbrains.kotlin.mpp.DeclarationSymbolMarker                                : loaded 2 times (x 70B)
Class org.gradle.internal.classloader.ClassLoaderHierarchy                            : loaded 2 times (x 70B)
Class org.jetbrains.kotlin.protobuf.MessageLite$Builder                               : loaded 2 times (x 70B)
Class jdk.internal.jimage.BasicImageReader                                            : loaded 2 times (x 95B)
Class org.jetbrains.kotlin.config.JVMAssertionsMode$Companion                         : loaded 2 times (x 71B)
Class com.google.common.collect.HashMultimap                                          : loaded 2 times (x 174B)
Class com.google.common.cache.LocalCache$EntryFactory$6                               : loaded 2 times (x 83B)
Class org.gradle.internal.installation.CurrentGradleInstallationLocator               : loaded 2 times (x 71B)
Class com.google.common.collect.MultimapBuilder$4                                     : loaded 2 times (x 84B)
Class kotlinx.coroutines.BuildersKt                                                   : loaded 2 times (x 71B)
Class kotlinx.coroutines.internal.ThreadContextKt                                     : loaded 2 times (x 71B)
Class org.apache.http.Header                                                          : loaded 2 times (x 70B)
Class com.google.common.io.FileWriteMode                                              : loaded 2 times (x 79B)
Class org.jetbrains.kotlin.metadata.ProtoBuf$VersionRequirement$Level$1               : loaded 2 times (x 74B)
Class org.jetbrains.kotlin.protobuf.FieldSet$1                                        : loaded 2 times (x 71B)
Class org.jetbrains.org.objectweb.asm.tree.LdcInsnNode                                : loaded 2 times (x 78B)
Class org.jetbrains.kotlin.cli.common.messages.CompilerMessageSeverity$Companion      : loaded 2 times (x 71B)
Class org.objectweb.asm.ClassReader                                                   : loaded 2 times (x 94B)
Class org.apache.commons.compress.archivers.zip.X5455_ExtendedTimestamp               : loaded 2 times (x 105B)
Class kotlinx.coroutines.Empty                                                        : loaded 2 times (x 75B)
Class com.google.common.collect.Maps$KeySet                                           : loaded 2 times (x 137B)
Class com.google.common.cache.LocalCache$EntryFactory$7                               : loaded 2 times (x 83B)
Class org.gradle.internal.service.DefaultServiceLocator                               : loaded 2 times (x 83B)
Class [Lcom.google.common.base.AbstractIterator$State;                                : loaded 2 times (x 69B)
Class [Lcom.google.common.collect.MapMakerInternalMap$Segment;                        : loaded 2 times (x 69B)
Class kotlin.coroutines.jvm.internal.SuspendFunction                                  : loaded 2 times (x 70B)
Class kotlin.reflect.KMutableProperty0                                                : loaded 2 times (x 70B)
Class kotlin.reflect.KClassifier                                                      : loaded 2 times (x 70B)
Class com.google.common.cache.LocalCache$ValueIterator                                : loaded 2 times (x 86B)
Class org.jetbrains.kotlin.load.kotlin.FileBasedKotlinClass$OuterAndInnerName         : loaded 2 times (x 72B)
Class org.jetbrains.kotlin.metadata.ProtoBuf$Class$Kind$1                             : loaded 2 times (x 74B)
Class org.jetbrains.kotlin.protobuf.SmallSortedMap$Entry                              : loaded 2 times (x 88B)
Class org.jetbrains.kotlin.metadata.ProtoBuf$Package$1                                : loaded 2 times (x 144B)
Class org.jetbrains.kotlin.metadata.ProtoBuf$ContractOrBuilder                        : loaded 2 times (x 70B)
Class org.jetbrains.org.objectweb.asm.tree.UnsupportedClassVersionException           : loaded 2 times (x 82B)
Class com.google.common.cache.LocalCache$SoftValueReference                           : loaded 2 times (x 97B)
Class com.google.common.collect.ComparisonChain$InactiveComparisonChain               : loaded 2 times (x 80B)
Class org.jetbrains.kotlin.util.capitalizeDecapitalize.CapitalizeDecapitalizeKt       : loaded 2 times (x 71B)
Class com.google.common.cache.LocalCache$EntryFactory$8                               : loaded 2 times (x 83B)
Class jdk.internal.jrtfs.JrtDirectoryStream                                           : loaded 2 times (x 89B)
Class org.gradle.internal.installation.CurrentGradleInstallation                      : loaded 2 times (x 73B)
Class kotlin.coroutines.intrinsics.IntrinsicsKt__IntrinsicsJvmKt                      : loaded 2 times (x 71B)
Class kotlin.coroutines.jvm.internal.CoroutineStackFrame                              : loaded 2 times (x 70B)
Class kotlin.reflect.KMutableProperty1                                                : loaded 2 times (x 70B)
Class [Lorg.jetbrains.kotlin.metadata.ProtoBuf$Visibility;                            : loaded 2 times (x 69B)
Class org.jetbrains.kotlin.metadata.ProtoBuf$Annotation$ArgumentOrBuilder             : loaded 2 times (x 70B)
Class kotlin.jvm.internal.MutablePropertyReference0                                   : loaded 2 times (x 137B)
Class org.jetbrains.kotlin.protobuf.FieldSet$FieldDescriptorLite                      : loaded 2 times (x 70B)
Class org.jetbrains.kotlin.protobuf.AbstractMessageLite                               : loaded 2 times (x 98B)
Class kotlinx.coroutines.scheduling.Task                                              : loaded 2 times (x 75B)
Class kotlinx.coroutines.BlockingCoroutine                                            : loaded 2 times (x 143B)
Class com.google.common.cache.CacheLoader$1                                           : loaded 2 times (x 75B)
Class com.google.common.collect.ForwardingObject                                      : loaded 2 times (x 72B)
Class org.gradle.util.internal.GUtil                                                  : loaded 2 times (x 71B)
Class kotlin.reflect.KMutableProperty2                                                : loaded 2 times (x 70B)
Class kotlin.reflect.jvm.internal.impl.builtins.CompanionObjectMapping                : loaded 2 times (x 71B)
Class org.gradle.internal.classloader.FilteringClassLoader                            : loaded 2 times (x 105B)
Class org.jetbrains.kotlin.metadata.jvm.JvmProtoBuf$StringTableTypes$Record           : loaded 2 times (x 119B)
Class kotlinx.coroutines.internal.ResizableAtomicArray                                : loaded 2 times (x 72B)
Class org.jetbrains.kotlin.protobuf.FieldSet                                          : loaded 2 times (x 72B)
Class com.google.common.io.ByteSource                                                 : loaded 2 times (x 84B)
Class kotlinx.coroutines.internal.LockFreeTaskQueue                                   : loaded 2 times (x 72B)
Class kotlinx.coroutines.scheduling.DefaultScheduler                                  : loaded 2 times (x 109B)
Class kotlinx.coroutines.Dispatchers                                                  : loaded 2 times (x 71B)
Class com.google.common.util.concurrent.AbstractFuture$SetFuture                      : loaded 2 times (x 75B)
Class com.google.common.cache.AbstractCache$StatsCounter                              : loaded 2 times (x 70B)
Class kotlin.coroutines.CoroutineContext                                              : loaded 2 times (x 70B)
Class kotlin.coroutines.jvm.internal.DebugProbesKt                                    : loaded 2 times (x 71B)
Class kotlin.ranges.IntProgressionIterator                                            : loaded 2 times (x 82B)
Class kotlin.reflect.jvm.internal.RuntimeTypeMapper                                   : loaded 2 times (x 71B)
Class com.google.common.io.LineReader                                                 : loaded 2 times (x 72B)
Class org.apache.commons.compress.archivers.zip.UnparseableExtraFieldBehavior         : loaded 2 times (x 70B)
Class org.jetbrains.kotlin.metadata.ProtoBuf$Annotation$Argument$Value$Type$1         : loaded 2 times (x 74B)
Class [Lorg.jetbrains.kotlin.metadata.ProtoBuf$MemberKind;                            : loaded 2 times (x 69B)
Class org.jetbrains.kotlin.metadata.ProtoBuf$Package                                  : loaded 2 times (x 129B)
Class org.jetbrains.kotlin.metadata.ProtoBuf$TypeTableOrBuilder                       : loaded 2 times (x 70B)
Class org.jetbrains.kotlin.metadata.ProtoBuf$TypeOrBuilder                            : loaded 2 times (x 70B)
Class com.google.common.reflect.Types$TypeVariableImpl                                : loaded 2 times (x 72B)
Class com.google.common.collect.MapMakerInternalMap$1                                 : loaded 2 times (x 83B)
Class org.objectweb.asm.Context                                                       : loaded 2 times (x 72B)
Class org.apache.commons.compress.archivers.zip.AbstractUnicodeExtraField             : loaded 2 times (x 93B)
Class org.apache.commons.compress.archivers.zip.Zip64RequiredException                : loaded 2 times (x 82B)
Class com.google.common.io.LineBuffer                                                 : loaded 2 times (x 75B)
Class kotlinx.coroutines.intrinsics.CancellableKt                                     : loaded 2 times (x 71B)
Class org.gradle.internal.installation.GradleInstallation                             : loaded 2 times (x 75B)
Class org.jetbrains.kotlin.descriptors.SourceElement                                  : loaded 2 times (x 70B)
Class org.jetbrains.kotlin.metadata.ProtoBuf$TypeParameter$Variance$1                 : loaded 2 times (x 74B)
Class org.jetbrains.kotlin.metadata.deserialization.ProtoTypeTableUtilKt              : loaded 2 times (x 71B)
Class [Lorg.jetbrains.kotlin.descriptors.DescriptorVisibility;                        : loaded 2 times (x 69B)
Class kotlin.collections.CollectionsKt__IteratorsJVMKt$iterator$1                     : loaded 2 times (x 79B)
Class org.jetbrains.kotlin.config.LanguageFeature$State                               : loaded 2 times (x 82B)
Class com.google.common.base.Splitter$Strategy                                        : loaded 2 times (x 70B)
Class org.apache.commons.compress.archivers.zip.ZipMethod                             : loaded 2 times (x 79B)
Class org.apache.commons.compress.archivers.zip.ZipSplitOutputStream                  : loaded 2 times (x 89B)
Class com.google.common.collect.ForwardingCollection                                  : loaded 2 times (x 130B)
Class jdk.internal.jimage.decompressor.ResourceDecompressor$StringsProvider           : loaded 2 times (x 70B)
Class org.jetbrains.kotlin.metadata.ProtoBuf$Annotation$Argument$Value$Type           : loaded 2 times (x 82B)
Class kotlin.ranges.IntProgression                                                    : loaded 2 times (x 81B)
Class kotlin.io.TextStreamsKt                                                         : loaded 2 times (x 71B)
Class org.jetbrains.kotlin.metadata.ProtoBuf$Annotation$Builder                       : loaded 2 times (x 136B)
Class org.jetbrains.kotlin.metadata.jvm.JvmProtoBuf$StringTableTypes$Record$Operation : loaded 2 times (x 82B)
Class kotlinx.coroutines.ExecutorCoroutineDispatcher$Key                              : loaded 2 times (x 72B)
Class kotlinx.coroutines.JobSupportKt                                                 : loaded 2 times (x 71B)

---------------  S Y S T E M  ---------------

OS:
 Windows 11 , 64 bit Build 26100 (10.0.26100.7920)
OS uptime: 0 days 1:02 hours
Hyper-V role detected

CPU: total 12 (initial active 12) (12 cores per cpu, 2 threads per core) family 25 model 68 stepping 1 microcode 0xa404107, cx8, cmov, fxsr, ht, mmx, 3dnowpref, sse, sse2, sse3, ssse3, sse4a, sse4.1, sse4.2, popcnt, lzcnt, tsc, tscinvbit, avx, avx2, aes, erms, clmul, bmi1, bmi2, adx, sha, fma, vzeroupper, clflush, clflushopt, hv, rdtscp, rdpid, fsrm, f16c, cet_ss
Processor Information for processor 0
  Max Mhz: 3301, Current Mhz: 2024, Mhz Limit: 3301
Processor Information for processor 1
  Max Mhz: 3301, Current Mhz: 2024, Mhz Limit: 3301
Processor Information for processor 2
  Max Mhz: 3301, Current Mhz: 3301, Mhz Limit: 3301
Processor Information for processor 3
  Max Mhz: 3301, Current Mhz: 3301, Mhz Limit: 3301
Processor Information for processor 4
  Max Mhz: 3301, Current Mhz: 2024, Mhz Limit: 3301
Processor Information for processor 5
  Max Mhz: 3301, Current Mhz: 2024, Mhz Limit: 3301
Processor Information for processor 6
  Max Mhz: 3301, Current Mhz: 3301, Mhz Limit: 3301
Processor Information for processor 7
  Max Mhz: 3301, Current Mhz: 3301, Mhz Limit: 3301
Processor Information for processor 8
  Max Mhz: 3301, Current Mhz: 2024, Mhz Limit: 3301
Processor Information for processor 9
  Max Mhz: 3301, Current Mhz: 2024, Mhz Limit: 3301
Processor Information for processor 10
  Max Mhz: 3301, Current Mhz: 3301, Mhz Limit: 3301
Processor Information for processor 11
  Max Mhz: 3301, Current Mhz: 2024, Mhz Limit: 3301

Memory: 4k page, system-wide physical 7381M (273M free)
TotalPageFile size 29909M (AvailPageFile size 0M)
current process WorkingSet (physical memory assigned to process): 2268M, peak: 2318M
current process commit charge ("private bytes"): 2948M, peak: 2950M

vm_info: OpenJDK 64-Bit Server VM (21.0.8+-14196175-b1038.72) for windows-amd64 JRE (21.0.8+-14196175-b1038.72), built on 2025-10-01T10:24:33Z by "builder" with MS VC++ 16.10 / 16.11 (VS2019)

END.
