#
# There is insufficient memory for the Java Runtime Environment to continue.
# Native memory allocation (mmap) failed to map 633339904 bytes. Error detail: G1 virtual space
# Possible reasons:
#   The system is out of physical RAM or swap space
#   This process is running with CompressedOops enabled, and the Java Heap may be blocking the growth of the native heap
# Possible solutions:
#   Reduce memory load on the system
#   Increase physical memory or swap space
#   Check if swap backing store is full
#   Decrease Java heap size (-Xmx/-Xms)
#   Decrease number of Java threads
#   Decrease Java thread stack sizes (-Xss)
#   Set larger code cache with -XX:ReservedCodeCacheSize=
#   JVM is running with Zero Based Compressed Oops mode in which the Java heap is
#     placed in the first 32GB address space. The Java Heap base address is the
#     maximum limit for the native heap growth. Please use -XX:HeapBaseMinAddress
#     to set the Java Heap base and to place the Java Heap above 32GB virtual address.
# This output file may be truncated or incomplete.
#
#  Out of Memory Error (os_windows.cpp:3925), pid=28132, tid=28168
#
# JRE version: OpenJDK Runtime Environment (21.0.8) (build 21.0.8+-14196175-b1038.72)
# Java VM: OpenJDK 64-Bit Server VM (21.0.8+-14196175-b1038.72, mixed mode, tiered, compressed oops, compressed class ptrs, g1 gc, windows-amd64)
# No core dump will be written. Minidumps are not enabled by default on client versions of Windows
#

---------------  S U M M A R Y ------------

Command Line: --add-opens=java.base/java.lang=ALL-UNNAMED --add-opens=java.base/java.lang.invoke=ALL-UNNAMED --add-opens=java.base/java.util=ALL-UNNAMED --add-opens=java.prefs/java.util.prefs=ALL-UNNAMED --add-exports=jdk.compiler/com.sun.tools.javac.api=ALL-UNNAMED --add-exports=jdk.compiler/com.sun.tools.javac.util=ALL-UNNAMED --add-opens=java.base/java.util=ALL-UNNAMED --add-opens=java.prefs/java.util.prefs=ALL-UNNAMED --add-opens=java.base/java.nio.charset=ALL-UNNAMED --add-opens=java.base/java.net=ALL-UNNAMED --add-opens=java.base/java.util.concurrent=ALL-UNNAMED --add-opens=java.base/java.util.concurrent.atomic=ALL-UNNAMED --add-opens=java.xml/javax.xml.namespace=ALL-UNNAMED --add-opens=java.base/java.time=ALL-UNNAMED -XX:MaxMetaspaceSize=1024m -XX:+HeapDumpOnOutOfMemoryError -Xms512m -Xmx4096m -Dfile.encoding=UTF-8 -Duser.country=IN -Duser.language=en -Duser.variant -javaagent:C:\Users\Manush G R\.gradle\wrapper\dists\gradle-9.1.0-bin\9agqghryom9wkf8r80qlhnts3\gradle-9.1.0\lib\agents\gradle-instrumentation-agent-9.1.0.jar org.gradle.launcher.daemon.bootstrap.GradleDaemon 9.1.0

Host: AMD Ryzen 5 7535HS with Radeon Graphics        , 12 cores, 7G,  Windows 11 , 64 bit Build 26100 (10.0.26100.7920)
Time: Tue Mar 24 10:04:38 2026 India Standard Time elapsed time: 3551.562956 seconds (0d 0h 59m 11s)

---------------  T H R E A D  ---------------

Current thread (0x000002039f817890):  VMThread "VM Thread"          [id=28168, stack(0x0000002f68d00000,0x0000002f68e00000) (1024K)]

Stack: [0x0000002f68d00000,0x0000002f68e00000]
Native frames: (J=compiled Java code, j=interpreted, Vv=VM code, C=native code)
V  [jvm.dll+0x6d68d9]
V  [jvm.dll+0x866693]
V  [jvm.dll+0x868c4e]
V  [jvm.dll+0x869333]
V  [jvm.dll+0x280566]
V  [jvm.dll+0x6d3195]
V  [jvm.dll+0x6c69ea]
V  [jvm.dll+0x3586db]
V  [jvm.dll+0x360336]
V  [jvm.dll+0x3b23f6]
V  [jvm.dll+0x3b26c8]
V  [jvm.dll+0x32ae6c]
V  [jvm.dll+0x32aef7]
V  [jvm.dll+0x370d3c]
V  [jvm.dll+0x36f4ee]
V  [jvm.dll+0x32a5c1]
V  [jvm.dll+0x36ebf0]
V  [jvm.dll+0x86f0b8]
V  [jvm.dll+0x870434]
V  [jvm.dll+0x870970]
V  [jvm.dll+0x870c03]
V  [jvm.dll+0x80eac8]
V  [jvm.dll+0x6d512d]
C  [ucrtbase.dll+0x37b0]
C  [KERNEL32.DLL+0x2e8d7]
C  [ntdll.dll+0x8c48c]

VM_Operation (0x0000002f770fb600): G1CollectForAllocation, mode: safepoint, requested by thread 0x00000203a7adf000


---------------  P R O C E S S  ---------------

Threads class SMR info:
_java_thread_list=0x00000203b9b432a0, length=226, elements={
0x00000203854dce30, 0x000002039f8fb920, 0x000002039f920f90, 0x000002039f922cc0,
0x000002039f93f4c0, 0x000002039f950220, 0x000002039f954370, 0x000002039f957cc0,
0x000002039f9608a0, 0x000002039f983ae0, 0x000002039f958350, 0x000002039f959d90,
0x000002039f95a420, 0x000002039f957630, 0x00000203a5ff6640, 0x00000203a5ff7360,
0x00000203a5ffa150, 0x00000203a5ffae70, 0x00000203a5ffc220, 0x00000203a5ffa7e0,
0x00000203a5ffcf40, 0x00000203a5ffb500, 0x00000203a5ffd5d0, 0x00000203a997f740,
0x00000203a9981810, 0x00000203a997f0b0, 0x00000203a9980af0, 0x00000203a9981180,
0x00000203a997fdd0, 0x00000203a9982530, 0x00000203a9981ea0, 0x00000203a9983250,
0x00000203a85952b0, 0x00000203aa572ac0, 0x00000203aab6f7d0, 0x00000203b8604c50,
0x00000203b85dc9a0, 0x00000203b85dc310, 0x00000203b85dd030, 0x00000203aad4c750,
0x00000203aab6d070, 0x00000203aab681b0, 0x00000203aad44410, 0x00000203aac1c950,
0x00000203b18195d0, 0x00000203b1810570, 0x00000203aac27a80, 0x00000203b180e4a0,
0x00000203b77d5d10, 0x00000203aac24600, 0x00000203a89ec430, 0x00000203b215f1e0,
0x00000203b7cac430, 0x00000203b7cab080, 0x00000203b7cab710, 0x00000203b7b6a7e0,
0x00000203b7b6ae70, 0x00000203b85da8d0, 0x00000203b85daf60, 0x00000203b85ddd50,
0x00000203b85dea70, 0x00000203a5723dc0, 0x00000203a57230a0, 0x00000203a5723730,
0x00000203a5722a10, 0x00000203b2938b60, 0x00000203b29377b0, 0x00000203b29391f0,
0x00000203a572b720, 0x00000203b71d56f0, 0x00000203b71d5060, 0x00000203b71d49d0,
0x00000203b2d37310, 0x00000203b215f870, 0x00000203b215e4c0, 0x00000203b263ca50,
0x00000203b263d0e0, 0x00000203b263de00, 0x00000203b263d770, 0x00000203b263b010,
0x00000203b263bd30, 0x00000203b263b6a0, 0x00000203b263e490, 0x00000203b263c3c0,
0x00000203b15c72a0, 0x00000203b15c9a00, 0x00000203b15c6580, 0x00000203b15c7fc0,
0x00000203b15c8650, 0x00000203b15c7930, 0x00000203b15c8ce0, 0x00000203b15c9370,
0x00000203b15c6c10, 0x00000203b1a2caa0, 0x00000203b1a2a9d0, 0x00000203b2d38030,
0x00000203b2d38d50, 0x00000203b8614450, 0x00000203b8615170, 0x00000203b8615800,
0x00000203b1af8be0, 0x00000203b1a2d130, 0x00000203b1a29cb0, 0x00000203b1a2bd80,
0x00000203b1a2a340, 0x00000203b1a2b060, 0x00000203b11166d0, 0x00000203b11187a0,
0x00000203b1118e30, 0x00000203b1116d60, 0x00000203b1117a80, 0x00000203b8dac420,
0x00000203b2d39a70, 0x00000203ab0907e0, 0x00000203ab090e70, 0x00000203ab091500,
0x00000203ab08e710, 0x00000203ab08e080, 0x00000203ab08f430, 0x00000203ab090150,
0x00000203ab08eda0, 0x00000203b2b87580, 0x00000203b2b85b40, 0x00000203b1af9270,
0x00000203b11194c0, 0x00000203b11173f0, 0x00000203b1118110, 0x00000203b1116040,
0x00000203b2138410, 0x00000203b2139130, 0x00000203b2137060, 0x00000203b21397c0,
0x00000203b213a4e0, 0x00000203b2139e50, 0x00000203b1af9900, 0x00000203b2939880,
0x00000203b2936400, 0x00000203b2936a90, 0x00000203b2937120, 0x00000203b2937e40,
0x00000203b29384d0, 0x00000203b02946f0, 0x00000203b02939d0, 0x00000203b0295aa0,
0x00000203b0296e50, 0x00000203b0295410, 0x00000203a572b090, 0x00000203a572aa00,
0x00000203a572bdb0, 0x00000203b910ec70, 0x00000203b910f300, 0x00000203b910f990,
0x00000203b910cba0, 0x00000203b9110020, 0x00000203b7b6bb90, 0x00000203b7b6b500,
0x00000203b7e75950, 0x00000203a89ecac0, 0x00000203b85db5f0, 0x00000203b85de3e0,
0x00000203b85dbc80, 0x00000203b85e1860, 0x00000203b85e1ef0, 0x00000203b85e2c10,
0x00000203b85df790, 0x00000203b85e2580, 0x00000203b85e0b40, 0x00000203b85e32a0,
0x00000203b85dfe20, 0x00000203b8614ae0, 0x00000203b73163d0, 0x00000203a89eb710,
0x00000203b2d379a0, 0x00000203b2d386c0, 0x00000203b2d365f0, 0x00000203b2d393e0,
0x00000203b2d36c80, 0x00000203b0bac830, 0x00000203b1a2b6f0, 0x00000203b215eb50,
0x00000203ab00e620, 0x00000203ab00df90, 0x00000203ab00f340, 0x00000203ab00ecb0,
0x00000203b85e04b0, 0x00000203b85df100, 0x00000203b85e6720, 0x00000203b85e5a00,
0x00000203b85e3fc0, 0x00000203b0bab480, 0x00000203b0baa0d0, 0x00000203b13bff90,
0x00000203b13be550, 0x00000203b13bebe0, 0x00000203b13bf270, 0x00000203b0baa760,
0x00000203b0babb10, 0x00000203b0bacec0, 0x00000203b0ba9a40, 0x00000203b0bac1a0,
0x00000203b0baadf0, 0x00000203b1acd7e0, 0x00000203b1acde70, 0x00000203b1acb080,
0x00000203b1acb710, 0x00000203b1acc430, 0x00000203b85e3930, 0x00000203b85e6db0,
0x00000203b7e752c0, 0x00000203b7e76670, 0x00000203b7e780b0, 0x00000203b7e76d00,
0x00000203b7e77390, 0x00000203b1ace500, 0x00000203b1acbda0, 0x00000203b1accac0,
0x00000203b2797060, 0x00000203b21376f0, 0x00000203a7adc8a0, 0x00000203a7adf000,
0x00000203a7adf690, 0x00000203a7add5c0, 0x00000203a7ade970, 0x00000203b815c920,
0x00000203b815c290, 0x00000203b815cfb0
}

Java Threads: ( => current thread )
  0x00000203854dce30 JavaThread "main"                              [_thread_blocked, id=28196, stack(0x0000002f68600000,0x0000002f68700000) (1024K)]
  0x000002039f8fb920 JavaThread "Common-Cleaner"             daemon [_thread_blocked, id=28252, stack(0x0000002f68e00000,0x0000002f68f00000) (1024K)]
  0x000002039f920f90 JavaThread "Reference Handler"          daemon [_thread_blocked, id=28248, stack(0x0000002f68f00000,0x0000002f69000000) (1024K)]
  0x000002039f922cc0 JavaThread "Finalizer"                  daemon [_thread_blocked, id=28244, stack(0x0000002f69000000,0x0000002f69100000) (1024K)]
  0x000002039f93f4c0 JavaThread "Signal Dispatcher"          daemon [_thread_blocked, id=28272, stack(0x0000002f69100000,0x0000002f69200000) (1024K)]
  0x000002039f950220 JavaThread "Attach Listener"            daemon [_thread_blocked, id=28268, stack(0x0000002f69200000,0x0000002f69300000) (1024K)]
  0x000002039f954370 JavaThread "Service Thread"             daemon [_thread_blocked, id=28264, stack(0x0000002f69300000,0x0000002f69400000) (1024K)]
  0x000002039f957cc0 JavaThread "Monitor Deflation Thread"   daemon [_thread_blocked, id=28276, stack(0x0000002f69400000,0x0000002f69500000) (1024K)]
  0x000002039f9608a0 JavaThread "C2 CompilerThread0"         daemon [_thread_blocked, id=28280, stack(0x0000002f69500000,0x0000002f69600000) (1024K)]
  0x000002039f983ae0 JavaThread "C1 CompilerThread0"         daemon [_thread_blocked, id=28236, stack(0x0000002f69600000,0x0000002f69700000) (1024K)]
  0x000002039f958350 JavaThread "Notification Thread"        daemon [_thread_blocked, id=28232, stack(0x0000002f69700000,0x0000002f69800000) (1024K)]
  0x000002039f959d90 JavaThread "Daemon health stats"               [_thread_blocked, id=28360, stack(0x0000002f69900000,0x0000002f69a00000) (1024K)]
  0x000002039f95a420 JavaThread "Incoming local TCP Connector on port 59881"        [_thread_in_native, id=28424, stack(0x0000002f6a300000,0x0000002f6a400000) (1024K)]
  0x000002039f957630 JavaThread "Daemon periodic checks"            [_thread_blocked, id=28400, stack(0x0000002f6a400000,0x0000002f6a500000) (1024K)]
  0x00000203a5ff6640 JavaThread "Cache worker for journal cache (C:\Users\Manush G R\.gradle\caches\journal-1)"        [_thread_blocked, id=1380, stack(0x0000002f6ae00000,0x0000002f6af00000) (1024K)]
  0x00000203a5ff7360 JavaThread "File lock request listener"        [_thread_in_native, id=22172, stack(0x0000002f6af00000,0x0000002f6b000000) (1024K)]
  0x00000203a5ffa150 JavaThread "Cache worker for file hash cache (C:\Users\Manush G R\.gradle\caches\9.1.0\fileHashes)"        [_thread_blocked, id=20956, stack(0x0000002f6b000000,0x0000002f6b100000) (1024K)]
  0x00000203a5ffae70 JavaThread "File watcher server"        daemon [_thread_blocked, id=3484, stack(0x0000002f6b400000,0x0000002f6b500000) (1024K)]
  0x00000203a5ffc220 JavaThread "File watcher consumer"      daemon [_thread_blocked, id=25416, stack(0x0000002f6b500000,0x0000002f6b600000) (1024K)]
  0x00000203a5ffa7e0 JavaThread "jar transforms"                    [_thread_blocked, id=11824, stack(0x0000002f6b600000,0x0000002f6b700000) (1024K)]
  0x00000203a5ffcf40 JavaThread "jar transforms Thread 2"           [_thread_blocked, id=26764, stack(0x0000002f6b700000,0x0000002f6b800000) (1024K)]
  0x00000203a5ffb500 JavaThread "jar transforms Thread 3"           [_thread_blocked, id=4612, stack(0x0000002f6b800000,0x0000002f6b900000) (1024K)]
  0x00000203a5ffd5d0 JavaThread "jar transforms Thread 4"           [_thread_blocked, id=4564, stack(0x0000002f6b900000,0x0000002f6ba00000) (1024K)]
  0x00000203a997f740 JavaThread "jar transforms Thread 5"           [_thread_blocked, id=10660, stack(0x0000002f6ba00000,0x0000002f6bb00000) (1024K)]
  0x00000203a9981810 JavaThread "jar transforms Thread 6"           [_thread_blocked, id=20348, stack(0x0000002f6bb00000,0x0000002f6bc00000) (1024K)]
  0x00000203a997f0b0 JavaThread "jar transforms Thread 7"           [_thread_blocked, id=7680, stack(0x0000002f6bc00000,0x0000002f6bd00000) (1024K)]
  0x00000203a9980af0 JavaThread "jar transforms Thread 8"           [_thread_blocked, id=25640, stack(0x0000002f6bd00000,0x0000002f6be00000) (1024K)]
  0x00000203a9981180 JavaThread "jar transforms Thread 9"           [_thread_blocked, id=17584, stack(0x0000002f6be00000,0x0000002f6bf00000) (1024K)]
  0x00000203a997fdd0 JavaThread "jar transforms Thread 10"          [_thread_blocked, id=26024, stack(0x0000002f6bf00000,0x0000002f6c000000) (1024K)]
  0x00000203a9982530 JavaThread "jar transforms Thread 11"          [_thread_blocked, id=19252, stack(0x0000002f6c000000,0x0000002f6c100000) (1024K)]
  0x00000203a9981ea0 JavaThread "jar transforms Thread 12"          [_thread_blocked, id=28568, stack(0x0000002f6c100000,0x0000002f6c200000) (1024K)]
  0x00000203a9983250 JavaThread "Cache worker for file content cache (C:\Users\Manush G R\.gradle\caches\9.1.0\fileContent)"        [_thread_blocked, id=18772, stack(0x0000002f6c300000,0x0000002f6c400000) (1024K)]
  0x00000203a85952b0 JavaThread "Memory manager"                    [_thread_blocked, id=15584, stack(0x0000002f6c800000,0x0000002f6c900000) (1024K)]
  0x00000203aa572ac0 JavaThread "pool-3-thread-1"                   [_thread_blocked, id=8792, stack(0x0000002f6fd00000,0x0000002f6fe00000) (1024K)]
  0x00000203aab6f7d0 JavaThread "pool-6-thread-1"                   [_thread_blocked, id=27080, stack(0x0000002f6e700000,0x0000002f6e800000) (1024K)]
  0x00000203b8604c50 JavaThread "RMI Scheduler(0)"           daemon [_thread_blocked, id=29172, stack(0x0000002f75000000,0x0000002f75100000) (1024K)]
  0x00000203b85dc9a0 JavaThread "RMI GC Daemon"              daemon [_thread_blocked, id=29180, stack(0x0000002f75100000,0x0000002f75200000) (1024K)]
  0x00000203b85dc310 JavaThread "RMI TCP Accept-0"           daemon [_thread_in_native, id=29188, stack(0x0000002f75200000,0x0000002f75300000) (1024K)]
  0x00000203b85dd030 JavaThread "RMI Reaper"                        [_thread_blocked, id=29192, stack(0x0000002f75300000,0x0000002f75400000) (1024K)]
  0x00000203aad4c750 JavaThread "Cache worker for Java compile cache (C:\Users\Manush G R\.gradle\caches\9.1.0\javaCompile)"        [_thread_blocked, id=20508, stack(0x0000002f75700000,0x0000002f75800000) (1024K)]
  0x00000203aab6d070 JavaThread "pool-10-thread-1"                  [_thread_blocked, id=17980, stack(0x0000002f6e800000,0x0000002f6e900000) (1024K)]
  0x00000203aab681b0 JavaThread "pool-13-thread-1"                  [_thread_blocked, id=20896, stack(0x0000002f6eb00000,0x0000002f6ec00000) (1024K)]
  0x00000203aad44410 JavaThread "pool-16-thread-1"                  [_thread_blocked, id=5396, stack(0x0000002f6da00000,0x0000002f6db00000) (1024K)]
  0x00000203aac1c950 JavaThread "pool-19-thread-1"                  [_thread_blocked, id=12564, stack(0x0000002f6ed00000,0x0000002f6ee00000) (1024K)]
  0x00000203b18195d0 JavaThread "pool-22-thread-1"                  [_thread_blocked, id=15040, stack(0x0000002f6e500000,0x0000002f6e600000) (1024K)]
  0x00000203b1810570 JavaThread "pool-25-thread-1"                  [_thread_blocked, id=29604, stack(0x0000002f6ee00000,0x0000002f6ef00000) (1024K)]
  0x00000203aac27a80 JavaThread "pool-28-thread-1"                  [_thread_blocked, id=6992, stack(0x0000002f6e600000,0x0000002f6e700000) (1024K)]
  0x00000203b180e4a0 JavaThread "pool-31-thread-1"                  [_thread_blocked, id=29200, stack(0x0000002f6ef00000,0x0000002f6f000000) (1024K)]
  0x00000203b77d5d10 JavaThread "pool-35-thread-1"                  [_thread_blocked, id=27800, stack(0x0000002f6e900000,0x0000002f6ea00000) (1024K)]
  0x00000203aac24600 JavaThread "pool-38-thread-1"                  [_thread_blocked, id=23140, stack(0x0000002f6f100000,0x0000002f6f200000) (1024K)]
  0x00000203a89ec430 JavaThread "pool-41-thread-1"                  [_thread_blocked, id=23084, stack(0x0000002f6f200000,0x0000002f6f300000) (1024K)]
  0x00000203b215f1e0 JavaThread "Daemon Thread 13"                  [_thread_blocked, id=27064, stack(0x0000002f68300000,0x0000002f68400000) (1024K)]
  0x00000203b7cac430 JavaThread "Handler for socket connection from /127.0.0.1:59881 to /127.0.0.1:58089"        [_thread_in_native, id=28828, stack(0x0000002f68400000,0x0000002f68500000) (1024K)]
  0x00000203b7cab080 JavaThread "Cancel handler"                    [_thread_blocked, id=31812, stack(0x0000002f68500000,0x0000002f68600000) (1024K)]
  0x00000203b7cab710 JavaThread "Daemon worker Thread 8"            [_thread_blocked, id=30316, stack(0x0000002f69800000,0x0000002f69900000) (1024K)]
  0x00000203b7b6a7e0 JavaThread "Asynchronous log dispatcher for DefaultDaemonConnection: socket connection from /127.0.0.1:59881 to /127.0.0.1:58089"        [_thread_blocked, id=30784, stack(0x0000002f6a500000,0x0000002f6a600000) (1024K)]
  0x00000203b7b6ae70 JavaThread "Stdin handler"                     [_thread_blocked, id=31176, stack(0x0000002f6a600000,0x0000002f6a700000) (1024K)]
  0x00000203b85da8d0 JavaThread "Daemon client event forwarder"        [_thread_blocked, id=27620, stack(0x0000002f6a700000,0x0000002f6a800000) (1024K)]
  0x00000203b85daf60 JavaThread "Cache worker for file hash cache (C:\Interview trainer\AIInterviewTrainer\.gradle\9.1.0\fileHashes)"        [_thread_blocked, id=32284, stack(0x0000002f6a800000,0x0000002f6a900000) (1024K)]
  0x00000203b85ddd50 JavaThread "Cache worker for Build Output Cleanup Cache (C:\Interview trainer\AIInterviewTrainer\.gradle\buildOutputCleanup)"        [_thread_blocked, id=12124, stack(0x0000002f6a900000,0x0000002f6aa00000) (1024K)]
  0x00000203b85dea70 JavaThread "Cache worker for checksums cache (C:\Interview trainer\AIInterviewTrainer\.gradle\9.1.0\checksums)"        [_thread_blocked, id=32404, stack(0x0000002f6ac00000,0x0000002f6ad00000) (1024K)]
  0x00000203a5723dc0 JavaThread "Cache worker for cache directory md-supplier (C:\Users\Manush G R\.gradle\caches\9.1.0\md-supplier)"        [_thread_blocked, id=25168, stack(0x0000002f6ad00000,0x0000002f6ae00000) (1024K)]
  0x00000203a57230a0 JavaThread "Cache worker for cache directory md-rule (C:\Users\Manush G R\.gradle\caches\9.1.0\md-rule)"        [_thread_blocked, id=12844, stack(0x0000002f6b100000,0x0000002f6b200000) (1024K)]
  0x00000203a5723730 JavaThread "Unconstrained build operations"        [_thread_blocked, id=25396, stack(0x0000002f6b200000,0x0000002f6b300000) (1024K)]
  0x00000203a5722a10 JavaThread "Unconstrained build operations Thread 2"        [_thread_blocked, id=29152, stack(0x0000002f6b300000,0x0000002f6b400000) (1024K)]
  0x00000203b2938b60 JavaThread "Unconstrained build operations Thread 3"        [_thread_blocked, id=31080, stack(0x0000002f6c200000,0x0000002f6c300000) (1024K)]
  0x00000203b29377b0 JavaThread "Unconstrained build operations Thread 4"        [_thread_blocked, id=30136, stack(0x0000002f6c400000,0x0000002f6c500000) (1024K)]
  0x00000203b29391f0 JavaThread "Unconstrained build operations Thread 5"        [_thread_blocked, id=23724, stack(0x0000002f6c500000,0x0000002f6c600000) (1024K)]
  0x00000203a572b720 JavaThread "Unconstrained build operations Thread 6"        [_thread_blocked, id=31876, stack(0x0000002f6c600000,0x0000002f6c700000) (1024K)]
  0x00000203b71d56f0 JavaThread "Unconstrained build operations Thread 7"        [_thread_blocked, id=32624, stack(0x0000002f6c700000,0x0000002f6c800000) (1024K)]
  0x00000203b71d5060 JavaThread "Unconstrained build operations Thread 8"        [_thread_blocked, id=11712, stack(0x0000002f6c900000,0x0000002f6ca00000) (1024K)]
  0x00000203b71d49d0 JavaThread "Unconstrained build operations Thread 9"        [_thread_blocked, id=28832, stack(0x0000002f6ca00000,0x0000002f6cb00000) (1024K)]
  0x00000203b2d37310 JavaThread "Unconstrained build operations Thread 10"        [_thread_blocked, id=21396, stack(0x0000002f6cb00000,0x0000002f6cc00000) (1024K)]
  0x00000203b215f870 JavaThread "Unconstrained build operations Thread 11"        [_thread_blocked, id=31452, stack(0x0000002f6cc00000,0x0000002f6cd00000) (1024K)]
  0x00000203b215e4c0 JavaThread "Unconstrained build operations Thread 12"        [_thread_blocked, id=25084, stack(0x0000002f6cd00000,0x0000002f6ce00000) (1024K)]
  0x00000203b263ca50 JavaThread "Unconstrained build operations Thread 13"        [_thread_blocked, id=3392, stack(0x0000002f6ce00000,0x0000002f6cf00000) (1024K)]
  0x00000203b263d0e0 JavaThread "Unconstrained build operations Thread 14"        [_thread_blocked, id=30744, stack(0x0000002f6cf00000,0x0000002f6d000000) (1024K)]
  0x00000203b263de00 JavaThread "Unconstrained build operations Thread 15"        [_thread_blocked, id=21888, stack(0x0000002f6d000000,0x0000002f6d100000) (1024K)]
  0x00000203b263d770 JavaThread "Unconstrained build operations Thread 16"        [_thread_blocked, id=25412, stack(0x0000002f6d100000,0x0000002f6d200000) (1024K)]
  0x00000203b263b010 JavaThread "Unconstrained build operations Thread 17"        [_thread_blocked, id=7672, stack(0x0000002f6d200000,0x0000002f6d300000) (1024K)]
  0x00000203b263bd30 JavaThread "Unconstrained build operations Thread 18"        [_thread_blocked, id=5796, stack(0x0000002f6d300000,0x0000002f6d400000) (1024K)]
  0x00000203b263b6a0 JavaThread "Unconstrained build operations Thread 19"        [_thread_blocked, id=28548, stack(0x0000002f6d400000,0x0000002f6d500000) (1024K)]
  0x00000203b263e490 JavaThread "Unconstrained build operations Thread 20"        [_thread_blocked, id=31016, stack(0x0000002f6d500000,0x0000002f6d600000) (1024K)]
  0x00000203b263c3c0 JavaThread "Unconstrained build operations Thread 21"        [_thread_blocked, id=1900, stack(0x0000002f6d600000,0x0000002f6d700000) (1024K)]
  0x00000203b15c72a0 JavaThread "Unconstrained build operations Thread 22"        [_thread_blocked, id=2612, stack(0x0000002f6d700000,0x0000002f6d800000) (1024K)]
  0x00000203b15c9a00 JavaThread "Unconstrained build operations Thread 23"        [_thread_blocked, id=29644, stack(0x0000002f6d800000,0x0000002f6d900000) (1024K)]
  0x00000203b15c6580 JavaThread "Unconstrained build operations Thread 24"        [_thread_blocked, id=31296, stack(0x0000002f6d900000,0x0000002f6da00000) (1024K)]
  0x00000203b15c7fc0 JavaThread "Unconstrained build operations Thread 25"        [_thread_blocked, id=27868, stack(0x0000002f6db00000,0x0000002f6dc00000) (1024K)]
  0x00000203b15c8650 JavaThread "Unconstrained build operations Thread 26"        [_thread_blocked, id=12572, stack(0x0000002f6dc00000,0x0000002f6dd00000) (1024K)]
  0x00000203b15c7930 JavaThread "Unconstrained build operations Thread 27"        [_thread_blocked, id=25160, stack(0x0000002f6dd00000,0x0000002f6de00000) (1024K)]
  0x00000203b15c8ce0 JavaThread "Unconstrained build operations Thread 28"        [_thread_blocked, id=5144, stack(0x0000002f6de00000,0x0000002f6df00000) (1024K)]
  0x00000203b15c9370 JavaThread "Unconstrained build operations Thread 29"        [_thread_blocked, id=28256, stack(0x0000002f6df00000,0x0000002f6e000000) (1024K)]
  0x00000203b15c6c10 JavaThread "Unconstrained build operations Thread 30"        [_thread_blocked, id=4596, stack(0x0000002f6e000000,0x0000002f6e100000) (1024K)]
  0x00000203b1a2caa0 JavaThread "Unconstrained build operations Thread 31"        [_thread_blocked, id=26348, stack(0x0000002f6e100000,0x0000002f6e200000) (1024K)]
  0x00000203b1a2a9d0 JavaThread "Unconstrained build operations Thread 32"        [_thread_blocked, id=4700, stack(0x0000002f6e200000,0x0000002f6e300000) (1024K)]
  0x00000203b2d38030 JavaThread "build event listener"              [_thread_blocked, id=6276, stack(0x0000002f6e300000,0x0000002f6e400000) (1024K)]
  0x00000203b2d38d50 JavaThread "build event listener"              [_thread_blocked, id=31684, stack(0x0000002f6e400000,0x0000002f6e500000) (1024K)]
  0x00000203b8614450 JavaThread "pool-44-thread-1"                  [_thread_blocked, id=27032, stack(0x0000002f6ea00000,0x0000002f6eb00000) (1024K)]
  0x00000203b8615170 JavaThread "build event listener"              [_thread_blocked, id=28356, stack(0x0000002f6ec00000,0x0000002f6ed00000) (1024K)]
  0x00000203b8615800 JavaThread "included builds"                   [_thread_blocked, id=17112, stack(0x0000002f6f000000,0x0000002f6f100000) (1024K)]
  0x00000203b1af8be0 JavaThread "Execution worker"                  [_thread_blocked, id=31424, stack(0x0000002f6f300000,0x0000002f6f400000) (1024K)]
  0x00000203b1a2d130 JavaThread "Execution worker Thread 2"         [_thread_blocked, id=3796, stack(0x0000002f6f400000,0x0000002f6f500000) (1024K)]
  0x00000203b1a29cb0 JavaThread "Execution worker Thread 3"         [_thread_blocked, id=32120, stack(0x0000002f6f500000,0x0000002f6f600000) (1024K)]
  0x00000203b1a2bd80 JavaThread "Execution worker Thread 4"         [_thread_blocked, id=22684, stack(0x0000002f6f600000,0x0000002f6f700000) (1024K)]
  0x00000203b1a2a340 JavaThread "Execution worker Thread 5"         [_thread_blocked, id=27788, stack(0x0000002f6f700000,0x0000002f6f800000) (1024K)]
  0x00000203b1a2b060 JavaThread "Execution worker Thread 6"         [_thread_blocked, id=30732, stack(0x0000002f6f800000,0x0000002f6f900000) (1024K)]
  0x00000203b11166d0 JavaThread "Execution worker Thread 7"         [_thread_blocked, id=27448, stack(0x0000002f6f900000,0x0000002f6fa00000) (1024K)]
  0x00000203b11187a0 JavaThread "Execution worker Thread 8"         [_thread_blocked, id=26744, stack(0x0000002f6fa00000,0x0000002f6fb00000) (1024K)]
  0x00000203b1118e30 JavaThread "Execution worker Thread 9"         [_thread_blocked, id=3488, stack(0x0000002f6fb00000,0x0000002f6fc00000) (1024K)]
  0x00000203b1116d60 JavaThread "Execution worker Thread 10"        [_thread_blocked, id=32684, stack(0x0000002f6fc00000,0x0000002f6fd00000) (1024K)]
  0x00000203b1117a80 JavaThread "Execution worker Thread 11"        [_thread_blocked, id=25588, stack(0x0000002f6fe00000,0x0000002f6ff00000) (1024K)]
  0x00000203b8dac420 JavaThread "Cache worker for execution history cache (C:\Interview trainer\AIInterviewTrainer\.gradle\9.1.0\executionHistory)"        [_thread_blocked, id=20372, stack(0x0000002f6ff00000,0x0000002f70000000) (1024K)]
  0x00000203b2d39a70 JavaThread "Unconstrained build operations Thread 33"        [_thread_blocked, id=31468, stack(0x0000002f70000000,0x0000002f70100000) (1024K)]
  0x00000203ab0907e0 JavaThread "Unconstrained build operations Thread 34"        [_thread_blocked, id=31056, stack(0x0000002f70100000,0x0000002f70200000) (1024K)]
  0x00000203ab090e70 JavaThread "Unconstrained build operations Thread 35"        [_thread_blocked, id=31404, stack(0x0000002f70200000,0x0000002f70300000) (1024K)]
  0x00000203ab091500 JavaThread "Unconstrained build operations Thread 36"        [_thread_blocked, id=31072, stack(0x0000002f70300000,0x0000002f70400000) (1024K)]
  0x00000203ab08e710 JavaThread "Unconstrained build operations Thread 37"        [_thread_blocked, id=18808, stack(0x0000002f70400000,0x0000002f70500000) (1024K)]
  0x00000203ab08e080 JavaThread "Unconstrained build operations Thread 38"        [_thread_blocked, id=27616, stack(0x0000002f70500000,0x0000002f70600000) (1024K)]
  0x00000203ab08f430 JavaThread "Unconstrained build operations Thread 39"        [_thread_blocked, id=28076, stack(0x0000002f70600000,0x0000002f70700000) (1024K)]
  0x00000203ab090150 JavaThread "Unconstrained build operations Thread 40"        [_thread_blocked, id=29500, stack(0x0000002f70700000,0x0000002f70800000) (1024K)]
  0x00000203ab08eda0 JavaThread "Unconstrained build operations Thread 41"        [_thread_blocked, id=27792, stack(0x0000002f70800000,0x0000002f70900000) (1024K)]
  0x00000203b2b87580 JavaThread "Unconstrained build operations Thread 42"        [_thread_blocked, id=26788, stack(0x0000002f70900000,0x0000002f70a00000) (1024K)]
  0x00000203b2b85b40 JavaThread "Unconstrained build operations Thread 43"        [_thread_blocked, id=25940, stack(0x0000002f70a00000,0x0000002f70b00000) (1024K)]
  0x00000203b1af9270 JavaThread "Unconstrained build operations Thread 44"        [_thread_blocked, id=30464, stack(0x0000002f70b00000,0x0000002f70c00000) (1024K)]
  0x00000203b11194c0 JavaThread "Unconstrained build operations Thread 45"        [_thread_blocked, id=6476, stack(0x0000002f70c00000,0x0000002f70d00000) (1024K)]
  0x00000203b11173f0 JavaThread "Unconstrained build operations Thread 46"        [_thread_blocked, id=30288, stack(0x0000002f70d00000,0x0000002f70e00000) (1024K)]
  0x00000203b1118110 JavaThread "Unconstrained build operations Thread 47"        [_thread_blocked, id=30164, stack(0x0000002f70e00000,0x0000002f70f00000) (1024K)]
  0x00000203b1116040 JavaThread "Unconstrained build operations Thread 48"        [_thread_blocked, id=24916, stack(0x0000002f70f00000,0x0000002f71000000) (1024K)]
  0x00000203b2138410 JavaThread "Unconstrained build operations Thread 49"        [_thread_blocked, id=8716, stack(0x0000002f71000000,0x0000002f71100000) (1024K)]
  0x00000203b2139130 JavaThread "Unconstrained build operations Thread 50"        [_thread_blocked, id=31472, stack(0x0000002f71100000,0x0000002f71200000) (1024K)]
  0x00000203b2137060 JavaThread "Unconstrained build operations Thread 51"        [_thread_blocked, id=31800, stack(0x0000002f71200000,0x0000002f71300000) (1024K)]
  0x00000203b21397c0 JavaThread "Unconstrained build operations Thread 52"        [_thread_blocked, id=1908, stack(0x0000002f71300000,0x0000002f71400000) (1024K)]
  0x00000203b213a4e0 JavaThread "Unconstrained build operations Thread 53"        [_thread_blocked, id=28104, stack(0x0000002f71400000,0x0000002f71500000) (1024K)]
  0x00000203b2139e50 JavaThread "Unconstrained build operations Thread 54"        [_thread_blocked, id=29804, stack(0x0000002f71500000,0x0000002f71600000) (1024K)]
  0x00000203b1af9900 JavaThread "Unconstrained build operations Thread 55"        [_thread_blocked, id=26076, stack(0x0000002f71600000,0x0000002f71700000) (1024K)]
  0x00000203b2939880 JavaThread "Unconstrained build operations Thread 56"        [_thread_blocked, id=31200, stack(0x0000002f71700000,0x0000002f71800000) (1024K)]
  0x00000203b2936400 JavaThread "Unconstrained build operations Thread 57"        [_thread_blocked, id=10284, stack(0x0000002f71800000,0x0000002f71900000) (1024K)]
  0x00000203b2936a90 JavaThread "Unconstrained build operations Thread 58"        [_thread_blocked, id=12512, stack(0x0000002f71900000,0x0000002f71a00000) (1024K)]
  0x00000203b2937120 JavaThread "Unconstrained build operations Thread 59"        [_thread_blocked, id=18792, stack(0x0000002f71a00000,0x0000002f71b00000) (1024K)]
  0x00000203b2937e40 JavaThread "Unconstrained build operations Thread 60"        [_thread_blocked, id=15192, stack(0x0000002f71b00000,0x0000002f71c00000) (1024K)]
  0x00000203b29384d0 JavaThread "Unconstrained build operations Thread 61"        [_thread_blocked, id=29672, stack(0x0000002f71c00000,0x0000002f71d00000) (1024K)]
  0x00000203b02946f0 JavaThread "Unconstrained build operations Thread 62"        [_thread_blocked, id=31508, stack(0x0000002f71d00000,0x0000002f71e00000) (1024K)]
  0x00000203b02939d0 JavaThread "Unconstrained build operations Thread 63"        [_thread_blocked, id=26904, stack(0x0000002f71e00000,0x0000002f71f00000) (1024K)]
  0x00000203b0295aa0 JavaThread "Unconstrained build operations Thread 64"        [_thread_blocked, id=32544, stack(0x0000002f71f00000,0x0000002f72000000) (1024K)]
  0x00000203b0296e50 JavaThread "Unconstrained build operations Thread 65"        [_thread_blocked, id=29532, stack(0x0000002f72000000,0x0000002f72100000) (1024K)]
  0x00000203b0295410 JavaThread "Unconstrained build operations Thread 66"        [_thread_blocked, id=31408, stack(0x0000002f72100000,0x0000002f72200000) (1024K)]
  0x00000203a572b090 JavaThread "Unconstrained build operations Thread 67"        [_thread_blocked, id=2300, stack(0x0000002f72200000,0x0000002f72300000) (1024K)]
  0x00000203a572aa00 JavaThread "Unconstrained build operations Thread 68"        [_thread_blocked, id=25712, stack(0x0000002f72300000,0x0000002f72400000) (1024K)]
  0x00000203a572bdb0 JavaThread "Unconstrained build operations Thread 69"        [_thread_blocked, id=32688, stack(0x0000002f72400000,0x0000002f72500000) (1024K)]
  0x00000203b910ec70 JavaThread "Unconstrained build operations Thread 70"        [_thread_blocked, id=31484, stack(0x0000002f72500000,0x0000002f72600000) (1024K)]
  0x00000203b910f300 JavaThread "Unconstrained build operations Thread 71"        [_thread_blocked, id=4672, stack(0x0000002f72600000,0x0000002f72700000) (1024K)]
  0x00000203b910f990 JavaThread "Unconstrained build operations Thread 72"        [_thread_blocked, id=4720, stack(0x0000002f72700000,0x0000002f72800000) (1024K)]
  0x00000203b910cba0 JavaThread "Unconstrained build operations Thread 73"        [_thread_blocked, id=31432, stack(0x0000002f72800000,0x0000002f72900000) (1024K)]
  0x00000203b9110020 JavaThread "Unconstrained build operations Thread 74"        [_thread_blocked, id=24848, stack(0x0000002f72900000,0x0000002f72a00000) (1024K)]
  0x00000203b7b6bb90 JavaThread "Unconstrained build operations Thread 75"        [_thread_blocked, id=10860, stack(0x0000002f72a00000,0x0000002f72b00000) (1024K)]
  0x00000203b7b6b500 JavaThread "Unconstrained build operations Thread 76"        [_thread_blocked, id=28812, stack(0x0000002f72b00000,0x0000002f72c00000) (1024K)]
  0x00000203b7e75950 JavaThread "Unconstrained build operations Thread 77"        [_thread_blocked, id=16540, stack(0x0000002f72c00000,0x0000002f72d00000) (1024K)]
  0x00000203a89ecac0 JavaThread "WorkerExecutor Queue"              [_thread_blocked, id=31980, stack(0x0000002f72d00000,0x0000002f72e00000) (1024K)]
  0x00000203b85db5f0 JavaThread "Unconstrained build operations Thread 78"        [_thread_blocked, id=10948, stack(0x0000002f72e00000,0x0000002f72f00000) (1024K)]
  0x00000203b85de3e0 JavaThread "Unconstrained build operations Thread 79"        [_thread_blocked, id=12164, stack(0x0000002f72f00000,0x0000002f73000000) (1024K)]
  0x00000203b85dbc80 JavaThread "Unconstrained build operations Thread 80"        [_thread_blocked, id=29964, stack(0x0000002f73000000,0x0000002f73100000) (1024K)]
  0x00000203b85e1860 JavaThread "Unconstrained build operations Thread 81"        [_thread_blocked, id=26136, stack(0x0000002f73100000,0x0000002f73200000) (1024K)]
  0x00000203b85e1ef0 JavaThread "Unconstrained build operations Thread 82"        [_thread_blocked, id=9020, stack(0x0000002f73200000,0x0000002f73300000) (1024K)]
  0x00000203b85e2c10 JavaThread "Unconstrained build operations Thread 83"        [_thread_blocked, id=28616, stack(0x0000002f73300000,0x0000002f73400000) (1024K)]
  0x00000203b85df790 JavaThread "Unconstrained build operations Thread 84"        [_thread_blocked, id=24840, stack(0x0000002f73400000,0x0000002f73500000) (1024K)]
  0x00000203b85e2580 JavaThread "Unconstrained build operations Thread 85"        [_thread_blocked, id=30388, stack(0x0000002f73500000,0x0000002f73600000) (1024K)]
  0x00000203b85e0b40 JavaThread "Unconstrained build operations Thread 86"        [_thread_blocked, id=32184, stack(0x0000002f73600000,0x0000002f73700000) (1024K)]
  0x00000203b85e32a0 JavaThread "Unconstrained build operations Thread 87"        [_thread_blocked, id=32180, stack(0x0000002f73700000,0x0000002f73800000) (1024K)]
  0x00000203b85dfe20 JavaThread "Unconstrained build operations Thread 88"        [_thread_blocked, id=17072, stack(0x0000002f73800000,0x0000002f73900000) (1024K)]
  0x00000203b8614ae0 JavaThread "RMI TCP Connection(idle)"   daemon [_thread_blocked, id=24032, stack(0x0000002f73a00000,0x0000002f73b00000) (1024K)]
  0x00000203b73163d0 JavaThread "WorkerExecutor Queue Thread 3"        [_thread_blocked, id=25144, stack(0x0000002f73b00000,0x0000002f73c00000) (1024K)]
  0x00000203a89eb710 JavaThread "RMI TCP Connection(idle)"   daemon [_thread_blocked, id=936, stack(0x0000002f73900000,0x0000002f73a00000) (1024K)]
  0x00000203b2d379a0 JavaThread "Unconstrained build operations Thread 89"        [_thread_blocked, id=32600, stack(0x0000002f73d00000,0x0000002f73e00000) (1024K)]
  0x00000203b2d386c0 JavaThread "Build operations"                  [_thread_blocked, id=28008, stack(0x0000002f73e00000,0x0000002f73f00000) (1024K)]
  0x00000203b2d365f0 JavaThread "Build operations Thread 2"         [_thread_blocked, id=30448, stack(0x0000002f73f00000,0x0000002f74000000) (1024K)]
  0x00000203b2d393e0 JavaThread "Build operations Thread 3"         [_thread_blocked, id=23792, stack(0x0000002f74000000,0x0000002f74100000) (1024K)]
  0x00000203b2d36c80 JavaThread "Build operations Thread 4"         [_thread_blocked, id=24968, stack(0x0000002f74100000,0x0000002f74200000) (1024K)]
  0x00000203b0bac830 JavaThread "Build operations Thread 5"         [_thread_blocked, id=25028, stack(0x0000002f74200000,0x0000002f74300000) (1024K)]
  0x00000203b1a2b6f0 JavaThread "Build operations Thread 6"         [_thread_blocked, id=28072, stack(0x0000002f74300000,0x0000002f74400000) (1024K)]
  0x00000203b215eb50 JavaThread "Build operations Thread 7"         [_thread_blocked, id=7028, stack(0x0000002f74400000,0x0000002f74500000) (1024K)]
  0x00000203ab00e620 JavaThread "Build operations Thread 8"         [_thread_blocked, id=24680, stack(0x0000002f74500000,0x0000002f74600000) (1024K)]
  0x00000203ab00df90 JavaThread "Build operations Thread 9"         [_thread_blocked, id=27736, stack(0x0000002f74600000,0x0000002f74700000) (1024K)]
  0x00000203ab00f340 JavaThread "Build operations Thread 10"        [_thread_blocked, id=3244, stack(0x0000002f74700000,0x0000002f74800000) (1024K)]
  0x00000203ab00ecb0 JavaThread "Build operations Thread 11"        [_thread_blocked, id=10436, stack(0x0000002f74800000,0x0000002f74900000) (1024K)]
  0x00000203b85e04b0 JavaThread "Unconstrained build operations Thread 90"        [_thread_blocked, id=30852, stack(0x0000002f73c00000,0x0000002f73d00000) (1024K)]
  0x00000203b85df100 JavaThread "Unconstrained build operations Thread 91"        [_thread_blocked, id=32720, stack(0x0000002f74900000,0x0000002f74a00000) (1024K)]
  0x00000203b85e6720 JavaThread "Unconstrained build operations Thread 92"        [_thread_blocked, id=30812, stack(0x0000002f74a00000,0x0000002f74b00000) (1024K)]
  0x00000203b85e5a00 JavaThread "Unconstrained build operations Thread 93"        [_thread_blocked, id=4572, stack(0x0000002f74b00000,0x0000002f74c00000) (1024K)]
  0x00000203b85e3fc0 JavaThread "Unconstrained build operations Thread 94"        [_thread_blocked, id=28680, stack(0x0000002f74c00000,0x0000002f74d00000) (1024K)]
  0x00000203b0bab480 JavaThread "Unconstrained build operations Thread 95"        [_thread_blocked, id=1932, stack(0x0000002f74d00000,0x0000002f74e00000) (1024K)]
  0x00000203b0baa0d0 JavaThread "Unconstrained build operations Thread 96"        [_thread_blocked, id=30524, stack(0x0000002f74e00000,0x0000002f74f00000) (1024K)]
  0x00000203b13bff90 JavaThread "Unconstrained build operations Thread 97"        [_thread_blocked, id=30108, stack(0x0000002f74f00000,0x0000002f75000000) (1024K)]
  0x00000203b13be550 JavaThread "Unconstrained build operations Thread 98"        [_thread_blocked, id=20492, stack(0x0000002f75400000,0x0000002f75500000) (1024K)]
  0x00000203b13bebe0 JavaThread "Unconstrained build operations Thread 99"        [_thread_blocked, id=28908, stack(0x0000002f75500000,0x0000002f75600000) (1024K)]
  0x00000203b13bf270 JavaThread "Unconstrained build operations Thread 100"        [_thread_blocked, id=30384, stack(0x0000002f75600000,0x0000002f75700000) (1024K)]
  0x00000203b0baa760 JavaThread "Unconstrained build operations Thread 101"        [_thread_blocked, id=20552, stack(0x0000002f75800000,0x0000002f75900000) (1024K)]
  0x00000203b0babb10 JavaThread "Unconstrained build operations Thread 102"        [_thread_blocked, id=16136, stack(0x0000002f75900000,0x0000002f75a00000) (1024K)]
  0x00000203b0bacec0 JavaThread "Unconstrained build operations Thread 103"        [_thread_blocked, id=32656, stack(0x0000002f75a00000,0x0000002f75b00000) (1024K)]
  0x00000203b0ba9a40 JavaThread "Unconstrained build operations Thread 104"        [_thread_blocked, id=22044, stack(0x0000002f75b00000,0x0000002f75c00000) (1024K)]
  0x00000203b0bac1a0 JavaThread "Unconstrained build operations Thread 105"        [_thread_blocked, id=6584, stack(0x0000002f75c00000,0x0000002f75d00000) (1024K)]
  0x00000203b0baadf0 JavaThread "Unconstrained build operations Thread 106"        [_thread_blocked, id=10168, stack(0x0000002f75d00000,0x0000002f75e00000) (1024K)]
  0x00000203b1acd7e0 JavaThread "Unconstrained build operations Thread 107"        [_thread_blocked, id=32468, stack(0x0000002f75e00000,0x0000002f75f00000) (1024K)]
  0x00000203b1acde70 JavaThread "Unconstrained build operations Thread 108"        [_thread_blocked, id=16948, stack(0x0000002f75f00000,0x0000002f76000000) (1024K)]
  0x00000203b1acb080 JavaThread "Unconstrained build operations Thread 109"        [_thread_blocked, id=14140, stack(0x0000002f76000000,0x0000002f76100000) (1024K)]
  0x00000203b1acb710 JavaThread "Unconstrained build operations Thread 110"        [_thread_blocked, id=31264, stack(0x0000002f76100000,0x0000002f76200000) (1024K)]
  0x00000203b1acc430 JavaThread "Unconstrained build operations Thread 111"        [_thread_blocked, id=28540, stack(0x0000002f76200000,0x0000002f76300000) (1024K)]
  0x00000203b85e3930 JavaThread "Unconstrained build operations Thread 112"        [_thread_blocked, id=25864, stack(0x0000002f76300000,0x0000002f76400000) (1024K)]
  0x00000203b85e6db0 JavaThread "Build operations Thread 12"        [_thread_blocked, id=2028, stack(0x0000002f76400000,0x0000002f76500000) (1024K)]
  0x00000203b7e752c0 JavaThread "Unconstrained build operations Thread 113"        [_thread_blocked, id=7428, stack(0x0000002f76500000,0x0000002f76600000) (1024K)]
  0x00000203b7e76670 JavaThread "Unconstrained build operations Thread 114"        [_thread_blocked, id=3132, stack(0x0000002f76600000,0x0000002f76700000) (1024K)]
  0x00000203b7e780b0 JavaThread "Unconstrained build operations Thread 115"        [_thread_blocked, id=32472, stack(0x0000002f76700000,0x0000002f76800000) (1024K)]
  0x00000203b7e76d00 JavaThread "Unconstrained build operations Thread 116"        [_thread_blocked, id=30728, stack(0x0000002f76800000,0x0000002f76900000) (1024K)]
  0x00000203b7e77390 JavaThread "Unconstrained build operations Thread 117"        [_thread_blocked, id=32556, stack(0x0000002f76900000,0x0000002f76a00000) (1024K)]
  0x00000203b1ace500 JavaThread "Unconstrained build operations Thread 118"        [_thread_blocked, id=29652, stack(0x0000002f76a00000,0x0000002f76b00000) (1024K)]
  0x00000203b1acbda0 JavaThread "Unconstrained build operations Thread 119"        [_thread_blocked, id=26552, stack(0x0000002f76b00000,0x0000002f76c00000) (1024K)]
  0x00000203b1accac0 JavaThread "Unconstrained build operations Thread 120"        [_thread_blocked, id=32584, stack(0x0000002f76c00000,0x0000002f76d00000) (1024K)]
  0x00000203b2797060 JavaThread "WorkerExecutor Queue Thread 4"        [_thread_blocked, id=30260, stack(0x0000002f76d00000,0x0000002f76e00000) (1024K)]
  0x00000203b21376f0 JavaThread "WorkerExecutor Queue Thread 5"        [_thread_blocked, id=30352, stack(0x0000002f76e00000,0x0000002f76f00000) (1024K)]
  0x00000203a7adc8a0 JavaThread "WorkerExecutor Queue Thread 6"        [_thread_blocked, id=11564, stack(0x0000002f76f00000,0x0000002f77000000) (1024K)]
  0x00000203a7adf000 JavaThread "WorkerExecutor Queue Thread 7"        [_thread_blocked, id=26244, stack(0x0000002f77000000,0x0000002f77100000) (1024K)]
  0x00000203a7adf690 JavaThread "WorkerExecutor Queue Thread 8"        [_thread_blocked, id=26540, stack(0x0000002f77100000,0x0000002f77200000) (1024K)]
  0x00000203a7add5c0 JavaThread "WorkerExecutor Queue Thread 9"        [_thread_blocked, id=32672, stack(0x0000002f77200000,0x0000002f77300000) (1024K)]
  0x00000203a7ade970 JavaThread "WorkerExecutor Queue Thread 11"        [_thread_blocked, id=26872, stack(0x0000002f77400000,0x0000002f77500000) (1024K)]
  0x00000203b815c920 JavaThread "WorkerExecutor Queue Thread 12"        [_thread_blocked, id=25648, stack(0x0000002f77500000,0x0000002f77600000) (1024K)]
  0x00000203b815c290 JavaThread "WorkerExecutor Queue Thread 13"        [_thread_blocked, id=32612, stack(0x0000002f77600000,0x0000002f77700000) (1024K)]
  0x00000203b815cfb0 JavaThread "WorkerExecutor Queue Thread 14"        [_thread_blocked, id=24020, stack(0x0000002f77700000,0x0000002f77800000) (1024K)]
Total: 226

Other Threads:
=>0x000002039f817890 VMThread "VM Thread"                           [id=28168, stack(0x0000002f68d00000,0x0000002f68e00000) (1024K)]
  0x000002039f7b7bd0 WatcherThread "VM Periodic Task Thread"        [id=28188, stack(0x0000002f68c00000,0x0000002f68d00000) (1024K)]
  0x0000020385547130 WorkerThread "GC Thread#0"                     [id=28208, stack(0x0000002f68700000,0x0000002f68800000) (1024K)]
  0x00000203a4461e90 WorkerThread "GC Thread#1"                     [id=28300, stack(0x0000002f69a00000,0x0000002f69b00000) (1024K)]
  0x00000203a43a2690 WorkerThread "GC Thread#2"                     [id=28328, stack(0x0000002f69b00000,0x0000002f69c00000) (1024K)]
  0x00000203a43a2a30 WorkerThread "GC Thread#3"                     [id=28324, stack(0x0000002f69c00000,0x0000002f69d00000) (1024K)]
  0x00000203a44332a0 WorkerThread "GC Thread#4"                     [id=28320, stack(0x0000002f69d00000,0x0000002f69e00000) (1024K)]
  0x00000203a4433640 WorkerThread "GC Thread#5"                     [id=28332, stack(0x0000002f69e00000,0x0000002f69f00000) (1024K)]
  0x00000203a44339e0 WorkerThread "GC Thread#6"                     [id=28336, stack(0x0000002f69f00000,0x0000002f6a000000) (1024K)]
  0x00000203a4484ae0 WorkerThread "GC Thread#7"                     [id=28292, stack(0x0000002f6a000000,0x0000002f6a100000) (1024K)]
  0x00000203a41bdd10 WorkerThread "GC Thread#8"                     [id=28288, stack(0x0000002f6a100000,0x0000002f6a200000) (1024K)]
  0x00000203a4485280 WorkerThread "GC Thread#9"                     [id=28316, stack(0x0000002f6a200000,0x0000002f6a300000) (1024K)]
  0x0000020385559030 ConcurrentGCThread "G1 Main Marker"            [id=28212, stack(0x0000002f68800000,0x0000002f68900000) (1024K)]
  0x0000020385559a40 WorkerThread "G1 Conc#0"                       [id=28160, stack(0x0000002f68900000,0x0000002f68a00000) (1024K)]
  0x00000203a5dc19f0 WorkerThread "G1 Conc#1"                       [id=28492, stack(0x0000002f6aa00000,0x0000002f6ab00000) (1024K)]
  0x00000203a5dc0b70 WorkerThread "G1 Conc#2"                       [id=28488, stack(0x0000002f6ab00000,0x0000002f6ac00000) (1024K)]
  0x000002039f70f380 ConcurrentGCThread "G1 Refine#0"               [id=28156, stack(0x0000002f68a00000,0x0000002f68b00000) (1024K)]
  0x000002039f710bb0 ConcurrentGCThread "G1 Service"                [id=28192, stack(0x0000002f68b00000,0x0000002f68c00000) (1024K)]
Total: 18

Threads with active compile tasks:
C2 CompilerThread0  3551665 66971       4       com.android.tools.r8.internal.ju::a (7028 bytes)
Total: 1

VM state: at safepoint (normal execution)

VM Mutex/Monitor currently owned by a thread:  ([mutex/lock_event])
[0x00007ff86e3685b8] Threads_lock - owner thread: 0x000002039f817890
[0x00007ff86e3686b8] Heap_lock - owner thread: 0x00000203a7adf000

Heap address: 0x0000000700000000, size: 4096 MB, Compressed Oops mode: Zero based, Oop shift amount: 3

CDS archive(s) not mapped
Compressed class space mapped at: 0x0000000800000000-0x0000000834000000, reserved size: 872415232
Narrow klass base: 0x0000000800000000, Narrow klass shift: 0, Narrow klass range: 0x34000000

GC Precious Log:
 CardTable entry size: 512
 Card Set container configuration: InlinePtr #cards 4 size 8 Array Of Cards #cards 16 size 48 Howl #buckets 8 coarsen threshold 3686 Howl Bitmap #cards 512 size 80 coarsen threshold 460 Card regions per heap region 1 cards per card region 4096
 CPUs: 12 total, 12 available
 Memory: 7381M
 Large Page Support: Disabled
 NUMA Support: Disabled
 Compressed Oops: Enabled (Zero based)
 Heap Region Size: 2M
 Heap Min Capacity: 512M
 Heap Initial Capacity: 512M
 Heap Max Capacity: 4G
 Pre-touch: Disabled
 Parallel Workers: 10
 Concurrent Workers: 3
 Concurrent Refinement Workers: 10
 Periodic GC: Disabled

Heap:
 garbage-first heap   total 1783808K, used 475276K [0x0000000700000000, 0x0000000800000000)
  region size 2048K, 6 young (12288K), 6 survivors (12288K)
 Metaspace       used 249376K, committed 253248K, reserved 1114112K
  class space    used 33242K, committed 35136K, reserved 851968K

Heap Regions: E=young(eden), S=young(survivor), O=old, HS=humongous(starts), HC=humongous(continues), CS=collection set, F=free, TAMS=top-at-mark-start, PB=parsable bottom
|   0|0x0000000700000000, 0x0000000700200000, 0x0000000700200000|100%|HS|  |TAMS 0x0000000700000000| PB 0x0000000700000000| Complete 
|   1|0x0000000700200000, 0x0000000700400000, 0x0000000700400000|100%|HC|  |TAMS 0x0000000700200000| PB 0x0000000700200000| Complete 
|   2|0x0000000700400000, 0x0000000700600000, 0x0000000700600000|100%| O|  |TAMS 0x0000000700400000| PB 0x0000000700400000| Untracked 
|   3|0x0000000700600000, 0x0000000700800000, 0x0000000700800000|100%| O|  |TAMS 0x0000000700600000| PB 0x0000000700600000| Untracked 
|   4|0x0000000700800000, 0x0000000700a00000, 0x0000000700a00000|100%| O|  |TAMS 0x0000000700800000| PB 0x0000000700800000| Untracked 
|   5|0x0000000700a00000, 0x0000000700c00000, 0x0000000700c00000|100%| O|  |TAMS 0x0000000700a00000| PB 0x0000000700a00000| Untracked 
|   6|0x0000000700c00000, 0x0000000700e00000, 0x0000000700e00000|100%|HS|  |TAMS 0x0000000700c00000| PB 0x0000000700c00000| Complete 
|   7|0x0000000700e00000, 0x0000000701000000, 0x0000000701000000|100%|HC|  |TAMS 0x0000000700e00000| PB 0x0000000700e00000| Complete 
|   8|0x0000000701000000, 0x0000000701200000, 0x0000000701200000|100%|HC|  |TAMS 0x0000000701000000| PB 0x0000000701000000| Complete 
|   9|0x0000000701200000, 0x0000000701400000, 0x0000000701400000|100%|HS|  |TAMS 0x0000000701200000| PB 0x0000000701200000| Complete 
|  10|0x0000000701400000, 0x0000000701600000, 0x0000000701600000|100%|HS|  |TAMS 0x0000000701400000| PB 0x0000000701400000| Complete 
|  11|0x0000000701600000, 0x0000000701800000, 0x0000000701800000|100%|HC|  |TAMS 0x0000000701600000| PB 0x0000000701600000| Complete 
|  12|0x0000000701800000, 0x0000000701a00000, 0x0000000701a00000|100%|HS|  |TAMS 0x0000000701800000| PB 0x0000000701800000| Complete 
|  13|0x0000000701a00000, 0x0000000701c00000, 0x0000000701c00000|100%|HC|  |TAMS 0x0000000701a00000| PB 0x0000000701a00000| Complete 
|  14|0x0000000701c00000, 0x0000000701e00000, 0x0000000701e00000|100%|HC|  |TAMS 0x0000000701c00000| PB 0x0000000701c00000| Complete 
|  15|0x0000000701e00000, 0x0000000702000000, 0x0000000702000000|100%|HS|  |TAMS 0x0000000701e00000| PB 0x0000000701e00000| Complete 
|  16|0x0000000702000000, 0x0000000702200000, 0x0000000702200000|100%|HS|  |TAMS 0x0000000702000000| PB 0x0000000702000000| Complete 
|  17|0x0000000702200000, 0x0000000702400000, 0x0000000702400000|100%|HC|  |TAMS 0x0000000702200000| PB 0x0000000702200000| Complete 
|  18|0x0000000702400000, 0x0000000702600000, 0x0000000702600000|100%|HS|  |TAMS 0x0000000702400000| PB 0x0000000702400000| Complete 
|  19|0x0000000702600000, 0x0000000702800000, 0x0000000702800000|100%|HS|  |TAMS 0x0000000702600000| PB 0x0000000702600000| Complete 
|  20|0x0000000702800000, 0x0000000702a00000, 0x0000000702a00000|100%|HC|  |TAMS 0x0000000702800000| PB 0x0000000702800000| Complete 
|  21|0x0000000702a00000, 0x0000000702c00000, 0x0000000702c00000|100%|HC|  |TAMS 0x0000000702a00000| PB 0x0000000702a00000| Complete 
|  22|0x0000000702c00000, 0x0000000702e00000, 0x0000000702e00000|100%|HS|  |TAMS 0x0000000702c00000| PB 0x0000000702c00000| Complete 
|  23|0x0000000702e00000, 0x0000000703000000, 0x0000000703000000|100%|HC|  |TAMS 0x0000000702e00000| PB 0x0000000702e00000| Complete 
|  24|0x0000000703000000, 0x0000000703200000, 0x0000000703200000|100%|HC|  |TAMS 0x0000000703000000| PB 0x0000000703000000| Complete 
|  25|0x0000000703200000, 0x0000000703400000, 0x0000000703400000|100%| O|  |TAMS 0x0000000703200000| PB 0x0000000703200000| Untracked 
|  26|0x0000000703400000, 0x0000000703600000, 0x0000000703600000|100%| O|  |TAMS 0x0000000703400000| PB 0x0000000703400000| Untracked 
|  27|0x0000000703600000, 0x0000000703800000, 0x0000000703800000|100%| O|  |TAMS 0x0000000703600000| PB 0x0000000703600000| Untracked 
|  28|0x0000000703800000, 0x0000000703a00000, 0x0000000703a00000|100%| O|  |TAMS 0x0000000703800000| PB 0x0000000703800000| Untracked 
|  29|0x0000000703a00000, 0x0000000703c00000, 0x0000000703c00000|100%| O|  |TAMS 0x0000000703a00000| PB 0x0000000703a00000| Untracked 
|  30|0x0000000703c00000, 0x0000000703e00000, 0x0000000703e00000|100%| O|  |TAMS 0x0000000703c00000| PB 0x0000000703c00000| Untracked 
|  31|0x0000000703e00000, 0x0000000704000000, 0x0000000704000000|100%| O|  |TAMS 0x0000000703e00000| PB 0x0000000703e00000| Untracked 
|  32|0x0000000704000000, 0x0000000704200000, 0x0000000704200000|100%| O|  |TAMS 0x0000000704000000| PB 0x0000000704000000| Untracked 
|  33|0x0000000704200000, 0x0000000704400000, 0x0000000704400000|100%| O|  |TAMS 0x0000000704200000| PB 0x0000000704200000| Untracked 
|  34|0x0000000704400000, 0x0000000704600000, 0x0000000704600000|100%| O|  |TAMS 0x0000000704400000| PB 0x0000000704400000| Untracked 
|  35|0x0000000704600000, 0x0000000704800000, 0x0000000704800000|100%| O|  |TAMS 0x0000000704600000| PB 0x0000000704600000| Untracked 
|  36|0x0000000704800000, 0x0000000704a00000, 0x0000000704a00000|100%| O|  |TAMS 0x0000000704800000| PB 0x0000000704800000| Untracked 
|  37|0x0000000704a00000, 0x0000000704c00000, 0x0000000704c00000|100%| O|  |TAMS 0x0000000704a00000| PB 0x0000000704a00000| Untracked 
|  38|0x0000000704c00000, 0x0000000704e00000, 0x0000000704e00000|100%| O|  |TAMS 0x0000000704c00000| PB 0x0000000704c00000| Untracked 
|  39|0x0000000704e00000, 0x0000000705000000, 0x0000000705000000|100%| O|  |TAMS 0x0000000704e00000| PB 0x0000000704e00000| Untracked 
|  40|0x0000000705000000, 0x0000000705200000, 0x0000000705200000|100%| O|  |TAMS 0x0000000705000000| PB 0x0000000705000000| Untracked 
|  41|0x0000000705200000, 0x0000000705400000, 0x0000000705400000|100%| O|  |TAMS 0x0000000705200000| PB 0x0000000705200000| Untracked 
|  42|0x0000000705400000, 0x0000000705600000, 0x0000000705600000|100%|HS|  |TAMS 0x0000000705400000| PB 0x0000000705400000| Complete 
|  43|0x0000000705600000, 0x0000000705800000, 0x0000000705800000|100%|HS|  |TAMS 0x0000000705600000| PB 0x0000000705600000| Complete 
|  44|0x0000000705800000, 0x0000000705a00000, 0x0000000705a00000|100%| O|  |TAMS 0x0000000705800000| PB 0x0000000705800000| Untracked 
|  45|0x0000000705a00000, 0x0000000705c00000, 0x0000000705c00000|100%| O|  |TAMS 0x0000000705a00000| PB 0x0000000705a00000| Untracked 
|  46|0x0000000705c00000, 0x0000000705e00000, 0x0000000705e00000|100%| O|  |TAMS 0x0000000705c00000| PB 0x0000000705c00000| Untracked 
|  47|0x0000000705e00000, 0x0000000706000000, 0x0000000706000000|100%| O|  |TAMS 0x0000000705e00000| PB 0x0000000705e00000| Untracked 
|  48|0x0000000706000000, 0x0000000706200000, 0x0000000706200000|100%| O|  |TAMS 0x0000000706000000| PB 0x0000000706000000| Untracked 
|  49|0x0000000706200000, 0x0000000706400000, 0x0000000706400000|100%|HS|  |TAMS 0x0000000706200000| PB 0x0000000706200000| Complete 
|  50|0x0000000706400000, 0x0000000706600000, 0x0000000706600000|100%| O|  |TAMS 0x0000000706400000| PB 0x0000000706400000| Untracked 
|  51|0x0000000706600000, 0x0000000706800000, 0x0000000706800000|100%| O|  |TAMS 0x0000000706600000| PB 0x0000000706600000| Untracked 
|  52|0x0000000706800000, 0x0000000706a00000, 0x0000000706a00000|100%| O|  |TAMS 0x0000000706800000| PB 0x0000000706800000| Untracked 
|  53|0x0000000706a00000, 0x0000000706c00000, 0x0000000706c00000|100%| O|  |TAMS 0x0000000706a00000| PB 0x0000000706a00000| Untracked 
|  54|0x0000000706c00000, 0x0000000706e00000, 0x0000000706e00000|100%| O|  |TAMS 0x0000000706c00000| PB 0x0000000706c00000| Untracked 
|  55|0x0000000706e00000, 0x0000000707000000, 0x0000000707000000|100%| O|  |TAMS 0x0000000706e00000| PB 0x0000000706e00000| Untracked 
|  56|0x0000000707000000, 0x0000000707200000, 0x0000000707200000|100%| O|  |TAMS 0x0000000707000000| PB 0x0000000707000000| Untracked 
|  57|0x0000000707200000, 0x0000000707400000, 0x0000000707400000|100%| O|  |TAMS 0x0000000707200000| PB 0x0000000707200000| Untracked 
|  58|0x0000000707400000, 0x0000000707600000, 0x0000000707600000|100%| O|  |TAMS 0x0000000707400000| PB 0x0000000707400000| Untracked 
|  59|0x0000000707600000, 0x0000000707800000, 0x0000000707800000|100%| O|  |TAMS 0x0000000707600000| PB 0x0000000707600000| Untracked 
|  60|0x0000000707800000, 0x0000000707a00000, 0x0000000707a00000|100%| O|  |TAMS 0x0000000707800000| PB 0x0000000707800000| Untracked 
|  61|0x0000000707a00000, 0x0000000707c00000, 0x0000000707c00000|100%| O|  |TAMS 0x0000000707a00000| PB 0x0000000707a00000| Untracked 
|  62|0x0000000707c00000, 0x0000000707e00000, 0x0000000707e00000|100%| O|  |TAMS 0x0000000707c00000| PB 0x0000000707c00000| Untracked 
|  63|0x0000000707e00000, 0x0000000708000000, 0x0000000708000000|100%| O|  |TAMS 0x0000000707e00000| PB 0x0000000707e00000| Untracked 
|  64|0x0000000708000000, 0x0000000708200000, 0x0000000708200000|100%| O|  |TAMS 0x0000000708000000| PB 0x0000000708000000| Untracked 
|  65|0x0000000708200000, 0x0000000708400000, 0x0000000708400000|100%| O|  |TAMS 0x0000000708200000| PB 0x0000000708200000| Untracked 
|  66|0x0000000708400000, 0x0000000708600000, 0x0000000708600000|100%| O|  |TAMS 0x0000000708400000| PB 0x0000000708400000| Untracked 
|  67|0x0000000708600000, 0x0000000708800000, 0x0000000708800000|100%| O|  |TAMS 0x0000000708600000| PB 0x0000000708600000| Untracked 
|  68|0x0000000708800000, 0x0000000708a00000, 0x0000000708a00000|100%|HS|  |TAMS 0x0000000708800000| PB 0x0000000708800000| Complete 
|  69|0x0000000708a00000, 0x0000000708c00000, 0x0000000708c00000|100%| O|  |TAMS 0x0000000708a00000| PB 0x0000000708a00000| Untracked 
|  70|0x0000000708c00000, 0x0000000708e00000, 0x0000000708e00000|100%| O|  |TAMS 0x0000000708c00000| PB 0x0000000708c00000| Untracked 
|  71|0x0000000708e00000, 0x0000000709000000, 0x0000000709000000|100%| O|  |TAMS 0x0000000708e00000| PB 0x0000000708e00000| Untracked 
|  72|0x0000000709000000, 0x0000000709200000, 0x0000000709200000|100%| O|  |TAMS 0x0000000709000000| PB 0x0000000709000000| Untracked 
|  73|0x0000000709200000, 0x0000000709400000, 0x0000000709400000|100%| O|  |TAMS 0x0000000709200000| PB 0x0000000709200000| Untracked 
|  74|0x0000000709400000, 0x0000000709600000, 0x0000000709600000|100%| O|  |TAMS 0x0000000709400000| PB 0x0000000709400000| Untracked 
|  75|0x0000000709600000, 0x0000000709800000, 0x0000000709800000|100%| O|  |TAMS 0x0000000709600000| PB 0x0000000709600000| Untracked 
|  76|0x0000000709800000, 0x0000000709a00000, 0x0000000709a00000|100%| O|  |TAMS 0x0000000709800000| PB 0x0000000709800000| Untracked 
|  77|0x0000000709a00000, 0x0000000709c00000, 0x0000000709c00000|100%| O|  |TAMS 0x0000000709a00000| PB 0x0000000709a00000| Untracked 
|  78|0x0000000709c00000, 0x0000000709e00000, 0x0000000709e00000|100%| O|  |TAMS 0x0000000709c00000| PB 0x0000000709c00000| Untracked 
|  79|0x0000000709e00000, 0x000000070a000000, 0x000000070a000000|100%| O|  |TAMS 0x0000000709e00000| PB 0x0000000709e00000| Untracked 
|  80|0x000000070a000000, 0x000000070a200000, 0x000000070a200000|100%| O|  |TAMS 0x000000070a000000| PB 0x000000070a000000| Untracked 
|  81|0x000000070a200000, 0x000000070a400000, 0x000000070a400000|100%| O|  |TAMS 0x000000070a200000| PB 0x000000070a200000| Untracked 
|  82|0x000000070a400000, 0x000000070a600000, 0x000000070a600000|100%| O|  |TAMS 0x000000070a400000| PB 0x000000070a400000| Untracked 
|  83|0x000000070a600000, 0x000000070a800000, 0x000000070a800000|100%| O|  |TAMS 0x000000070a600000| PB 0x000000070a600000| Untracked 
|  84|0x000000070a800000, 0x000000070aa00000, 0x000000070aa00000|100%| O|  |TAMS 0x000000070a800000| PB 0x000000070a800000| Untracked 
|  85|0x000000070aa00000, 0x000000070ac00000, 0x000000070ac00000|100%| O|  |TAMS 0x000000070aa00000| PB 0x000000070aa00000| Untracked 
|  86|0x000000070ac00000, 0x000000070ae00000, 0x000000070ae00000|100%| O|  |TAMS 0x000000070ac00000| PB 0x000000070ac00000| Untracked 
|  87|0x000000070ae00000, 0x000000070b000000, 0x000000070b000000|100%| O|  |TAMS 0x000000070ae00000| PB 0x000000070ae00000| Untracked 
|  88|0x000000070b000000, 0x000000070b200000, 0x000000070b200000|100%| O|  |TAMS 0x000000070b000000| PB 0x000000070b000000| Untracked 
|  89|0x000000070b200000, 0x000000070b400000, 0x000000070b400000|100%| O|  |TAMS 0x000000070b200000| PB 0x000000070b200000| Untracked 
|  90|0x000000070b400000, 0x000000070b600000, 0x000000070b600000|100%| O|  |TAMS 0x000000070b400000| PB 0x000000070b400000| Untracked 
|  91|0x000000070b600000, 0x000000070b800000, 0x000000070b800000|100%| O|  |TAMS 0x000000070b600000| PB 0x000000070b600000| Untracked 
|  92|0x000000070b800000, 0x000000070ba00000, 0x000000070ba00000|100%| O|  |TAMS 0x000000070b800000| PB 0x000000070b800000| Untracked 
|  93|0x000000070ba00000, 0x000000070bc00000, 0x000000070bc00000|100%| O|  |TAMS 0x000000070ba00000| PB 0x000000070ba00000| Untracked 
|  94|0x000000070bc00000, 0x000000070be00000, 0x000000070be00000|100%| O|  |TAMS 0x000000070bc00000| PB 0x000000070bc00000| Untracked 
|  95|0x000000070be00000, 0x000000070c000000, 0x000000070c000000|100%| O|  |TAMS 0x000000070be00000| PB 0x000000070be00000| Untracked 
|  96|0x000000070c000000, 0x000000070c200000, 0x000000070c200000|100%| O|  |TAMS 0x000000070c000000| PB 0x000000070c000000| Untracked 
|  97|0x000000070c200000, 0x000000070c400000, 0x000000070c400000|100%| O|  |TAMS 0x000000070c200000| PB 0x000000070c200000| Untracked 
|  98|0x000000070c400000, 0x000000070c600000, 0x000000070c600000|100%| O|  |TAMS 0x000000070c400000| PB 0x000000070c400000| Untracked 
|  99|0x000000070c600000, 0x000000070c800000, 0x000000070c800000|100%| O|Cm|TAMS 0x000000070c600000| PB 0x000000070c600000| Complete 
| 100|0x000000070c800000, 0x000000070ca00000, 0x000000070ca00000|100%| O|  |TAMS 0x000000070c800000| PB 0x000000070c800000| Untracked 
| 101|0x000000070ca00000, 0x000000070cc00000, 0x000000070cc00000|100%| O|  |TAMS 0x000000070ca00000| PB 0x000000070ca00000| Untracked 
| 102|0x000000070cc00000, 0x000000070ce00000, 0x000000070ce00000|100%| O|  |TAMS 0x000000070cc00000| PB 0x000000070cc00000| Untracked 
| 103|0x000000070ce00000, 0x000000070d000000, 0x000000070d000000|100%| O|  |TAMS 0x000000070ce00000| PB 0x000000070ce00000| Untracked 
| 104|0x000000070d000000, 0x000000070d200000, 0x000000070d200000|100%| O|  |TAMS 0x000000070d000000| PB 0x000000070d000000| Untracked 
| 105|0x000000070d200000, 0x000000070d400000, 0x000000070d400000|100%| O|  |TAMS 0x000000070d200000| PB 0x000000070d200000| Untracked 
| 106|0x000000070d400000, 0x000000070d600000, 0x000000070d600000|100%| O|  |TAMS 0x000000070d400000| PB 0x000000070d400000| Untracked 
| 107|0x000000070d600000, 0x000000070d800000, 0x000000070d800000|100%| O|Cm|TAMS 0x000000070d600000| PB 0x000000070d600000| Complete 
| 108|0x000000070d800000, 0x000000070da00000, 0x000000070da00000|100%| O|  |TAMS 0x000000070d800000| PB 0x000000070d800000| Untracked 
| 109|0x000000070da00000, 0x000000070dc00000, 0x000000070dc00000|100%| O|Cm|TAMS 0x000000070da00000| PB 0x000000070da00000| Complete 
| 110|0x000000070dc00000, 0x000000070dc29d98, 0x000000070de00000|  8%| O|  |TAMS 0x000000070dc00000| PB 0x000000070dc00000| Untracked 
| 111|0x000000070de00000, 0x000000070e000000, 0x000000070e000000|100%|HS|  |TAMS 0x000000070de00000| PB 0x000000070de00000| Complete 
| 112|0x000000070e000000, 0x000000070e200000, 0x000000070e200000|100%|HS|  |TAMS 0x000000070e000000| PB 0x000000070e000000| Complete 
| 113|0x000000070e200000, 0x000000070e400000, 0x000000070e400000|100%| O|  |TAMS 0x000000070e200000| PB 0x000000070e200000| Untracked 
| 114|0x000000070e400000, 0x000000070e600000, 0x000000070e600000|100%| O|  |TAMS 0x000000070e400000| PB 0x000000070e400000| Untracked 
| 115|0x000000070e600000, 0x000000070e800000, 0x000000070e800000|100%| O|  |TAMS 0x000000070e600000| PB 0x000000070e600000| Untracked 
| 116|0x000000070e800000, 0x000000070ea00000, 0x000000070ea00000|100%| O|  |TAMS 0x000000070e800000| PB 0x000000070e800000| Untracked 
| 117|0x000000070ea00000, 0x000000070ec00000, 0x000000070ec00000|100%| O|  |TAMS 0x000000070ea00000| PB 0x000000070ea00000| Untracked 
| 118|0x000000070ec00000, 0x000000070ee00000, 0x000000070ee00000|100%| O|  |TAMS 0x000000070ec00000| PB 0x000000070ec00000| Untracked 
| 119|0x000000070ee00000, 0x000000070f000000, 0x000000070f000000|100%| O|  |TAMS 0x000000070ee00000| PB 0x000000070ee00000| Untracked 
| 120|0x000000070f000000, 0x000000070f200000, 0x000000070f200000|100%| O|  |TAMS 0x000000070f000000| PB 0x000000070f000000| Untracked 
| 121|0x000000070f200000, 0x000000070f200000, 0x000000070f400000|  0%| F|  |TAMS 0x000000070f200000| PB 0x000000070f200000| Untracked 
| 122|0x000000070f400000, 0x000000070f600000, 0x000000070f600000|100%| O|  |TAMS 0x000000070f400000| PB 0x000000070f400000| Untracked 
| 123|0x000000070f600000, 0x000000070f800000, 0x000000070f800000|100%|HS|  |TAMS 0x000000070f600000| PB 0x000000070f600000| Complete 
| 124|0x000000070f800000, 0x000000070fa00000, 0x000000070fa00000|100%|HC|  |TAMS 0x000000070f800000| PB 0x000000070f800000| Complete 
| 125|0x000000070fa00000, 0x000000070fc00000, 0x000000070fc00000|100%| O|  |TAMS 0x000000070fa00000| PB 0x000000070fa00000| Untracked 
| 126|0x000000070fc00000, 0x000000070fc00000, 0x000000070fe00000|  0%| F|  |TAMS 0x000000070fc00000| PB 0x000000070fc00000| Untracked 
| 127|0x000000070fe00000, 0x0000000710000000, 0x0000000710000000|100%| O|  |TAMS 0x000000070fe00000| PB 0x000000070fe00000| Untracked 
| 128|0x0000000710000000, 0x0000000710200000, 0x0000000710200000|100%| O|  |TAMS 0x0000000710000000| PB 0x0000000710000000| Untracked 
| 129|0x0000000710200000, 0x0000000710400000, 0x0000000710400000|100%| O|  |TAMS 0x0000000710200000| PB 0x0000000710200000| Untracked 
| 130|0x0000000710400000, 0x0000000710600000, 0x0000000710600000|100%|HS|  |TAMS 0x0000000710400000| PB 0x0000000710400000| Complete 
| 131|0x0000000710600000, 0x0000000710800000, 0x0000000710800000|100%| O|  |TAMS 0x0000000710600000| PB 0x0000000710600000| Untracked 
| 132|0x0000000710800000, 0x0000000710a00000, 0x0000000710a00000|100%| O|  |TAMS 0x0000000710800000| PB 0x0000000710800000| Untracked 
| 133|0x0000000710a00000, 0x0000000710c00000, 0x0000000710c00000|100%| O|  |TAMS 0x0000000710a00000| PB 0x0000000710a00000| Untracked 
| 134|0x0000000710c00000, 0x0000000710e00000, 0x0000000710e00000|100%| O|  |TAMS 0x0000000710c00000| PB 0x0000000710c00000| Untracked 
| 135|0x0000000710e00000, 0x0000000711000000, 0x0000000711000000|100%| O|  |TAMS 0x0000000710e00000| PB 0x0000000710e00000| Untracked 
| 136|0x0000000711000000, 0x0000000711200000, 0x0000000711200000|100%| O|  |TAMS 0x0000000711000000| PB 0x0000000711000000| Untracked 
| 137|0x0000000711200000, 0x0000000711400000, 0x0000000711400000|100%| O|  |TAMS 0x0000000711200000| PB 0x0000000711200000| Untracked 
| 138|0x0000000711400000, 0x0000000711600000, 0x0000000711600000|100%| O|  |TAMS 0x0000000711400000| PB 0x0000000711400000| Untracked 
| 139|0x0000000711600000, 0x0000000711800000, 0x0000000711800000|100%|HS|  |TAMS 0x0000000711600000| PB 0x0000000711600000| Complete 
| 140|0x0000000711800000, 0x0000000711a00000, 0x0000000711a00000|100%| O|  |TAMS 0x0000000711800000| PB 0x0000000711800000| Untracked 
| 141|0x0000000711a00000, 0x0000000711c00000, 0x0000000711c00000|100%| O|  |TAMS 0x0000000711a00000| PB 0x0000000711a00000| Untracked 
| 142|0x0000000711c00000, 0x0000000711e00000, 0x0000000711e00000|100%| O|  |TAMS 0x0000000711c00000| PB 0x0000000711c00000| Untracked 
| 143|0x0000000711e00000, 0x0000000712000000, 0x0000000712000000|100%| O|  |TAMS 0x0000000711e00000| PB 0x0000000711e00000| Untracked 
| 144|0x0000000712000000, 0x0000000712200000, 0x0000000712200000|100%| O|Cm|TAMS 0x0000000712000000| PB 0x0000000712000000| Complete 
| 145|0x0000000712200000, 0x0000000712400000, 0x0000000712400000|100%| O|  |TAMS 0x0000000712200000| PB 0x0000000712200000| Untracked 
| 146|0x0000000712400000, 0x0000000712600000, 0x0000000712600000|100%| O|  |TAMS 0x0000000712400000| PB 0x0000000712400000| Untracked 
| 147|0x0000000712600000, 0x0000000712800000, 0x0000000712800000|100%| O|  |TAMS 0x0000000712600000| PB 0x0000000712600000| Untracked 
| 148|0x0000000712800000, 0x0000000712a00000, 0x0000000712a00000|100%| O|  |TAMS 0x0000000712800000| PB 0x0000000712800000| Untracked 
| 149|0x0000000712a00000, 0x0000000712a00000, 0x0000000712c00000|  0%| F|  |TAMS 0x0000000712a00000| PB 0x0000000712a00000| Untracked 
| 150|0x0000000712c00000, 0x0000000712c00000, 0x0000000712e00000|  0%| F|  |TAMS 0x0000000712c00000| PB 0x0000000712c00000| Untracked 
| 151|0x0000000712e00000, 0x0000000713000000, 0x0000000713000000|100%| O|  |TAMS 0x0000000712e00000| PB 0x0000000712e00000| Untracked 
| 152|0x0000000713000000, 0x0000000713200000, 0x0000000713200000|100%| O|  |TAMS 0x0000000713000000| PB 0x0000000713000000| Untracked 
| 153|0x0000000713200000, 0x0000000713400000, 0x0000000713400000|100%| O|  |TAMS 0x0000000713200000| PB 0x0000000713200000| Untracked 
| 154|0x0000000713400000, 0x0000000713600000, 0x0000000713600000|100%| O|  |TAMS 0x0000000713400000| PB 0x0000000713400000| Untracked 
| 155|0x0000000713600000, 0x0000000713800000, 0x0000000713800000|100%| O|  |TAMS 0x0000000713600000| PB 0x0000000713600000| Untracked 
| 156|0x0000000713800000, 0x0000000713800000, 0x0000000713a00000|  0%| F|  |TAMS 0x0000000713800000| PB 0x0000000713800000| Untracked 
| 157|0x0000000713a00000, 0x0000000713c00000, 0x0000000713c00000|100%| O|  |TAMS 0x0000000713a00000| PB 0x0000000713a00000| Untracked 
| 158|0x0000000713c00000, 0x0000000713e00000, 0x0000000713e00000|100%| O|  |TAMS 0x0000000713c00000| PB 0x0000000713c00000| Untracked 
| 159|0x0000000713e00000, 0x0000000714000000, 0x0000000714000000|100%| O|  |TAMS 0x0000000713e00000| PB 0x0000000713e00000| Untracked 
| 160|0x0000000714000000, 0x0000000714200000, 0x0000000714200000|100%| O|Cm|TAMS 0x0000000714000000| PB 0x0000000714000000| Complete 
| 161|0x0000000714200000, 0x0000000714400000, 0x0000000714400000|100%| O|  |TAMS 0x0000000714200000| PB 0x0000000714200000| Untracked 
| 162|0x0000000714400000, 0x0000000714600000, 0x0000000714600000|100%| O|  |TAMS 0x0000000714400000| PB 0x0000000714400000| Untracked 
| 163|0x0000000714600000, 0x0000000714800000, 0x0000000714800000|100%| O|  |TAMS 0x0000000714600000| PB 0x0000000714600000| Untracked 
| 164|0x0000000714800000, 0x0000000714a00000, 0x0000000714a00000|100%| O|  |TAMS 0x0000000714800000| PB 0x0000000714800000| Untracked 
| 165|0x0000000714a00000, 0x0000000714a00000, 0x0000000714c00000|  0%| F|  |TAMS 0x0000000714a00000| PB 0x0000000714a00000| Untracked 
| 166|0x0000000714c00000, 0x0000000714e00000, 0x0000000714e00000|100%| O|  |TAMS 0x0000000714c00000| PB 0x0000000714c00000| Untracked 
| 167|0x0000000714e00000, 0x0000000715000000, 0x0000000715000000|100%| O|  |TAMS 0x0000000714e00000| PB 0x0000000714e00000| Untracked 
| 168|0x0000000715000000, 0x0000000715200000, 0x0000000715200000|100%| O|  |TAMS 0x0000000715000000| PB 0x0000000715000000| Untracked 
| 169|0x0000000715200000, 0x0000000715400000, 0x0000000715400000|100%| O|Cm|TAMS 0x0000000715200000| PB 0x0000000715200000| Complete 
| 170|0x0000000715400000, 0x0000000715400000, 0x0000000715600000|  0%| F|  |TAMS 0x0000000715400000| PB 0x0000000715400000| Untracked 
| 171|0x0000000715600000, 0x0000000715800000, 0x0000000715800000|100%| O|  |TAMS 0x0000000715600000| PB 0x0000000715600000| Untracked 
| 172|0x0000000715800000, 0x0000000715a00000, 0x0000000715a00000|100%| O|Cm|TAMS 0x0000000715800000| PB 0x0000000715800000| Complete 
| 173|0x0000000715a00000, 0x0000000715c00000, 0x0000000715c00000|100%| O|Cm|TAMS 0x0000000715a00000| PB 0x0000000715a00000| Complete 
| 174|0x0000000715c00000, 0x0000000715e00000, 0x0000000715e00000|100%| O|  |TAMS 0x0000000715c00000| PB 0x0000000715c00000| Untracked 
| 175|0x0000000715e00000, 0x0000000716000000, 0x0000000716000000|100%| O|  |TAMS 0x0000000715e00000| PB 0x0000000715e00000| Untracked 
| 176|0x0000000716000000, 0x0000000716200000, 0x0000000716200000|100%| O|  |TAMS 0x0000000716000000| PB 0x0000000716000000| Untracked 
| 177|0x0000000716200000, 0x0000000716400000, 0x0000000716400000|100%| O|  |TAMS 0x0000000716200000| PB 0x0000000716200000| Untracked 
| 178|0x0000000716400000, 0x0000000716600000, 0x0000000716600000|100%| O|  |TAMS 0x0000000716400000| PB 0x0000000716400000| Untracked 
| 179|0x0000000716600000, 0x0000000716800000, 0x0000000716800000|100%| O|  |TAMS 0x0000000716600000| PB 0x0000000716600000| Untracked 
| 180|0x0000000716800000, 0x0000000716a00000, 0x0000000716a00000|100%| O|  |TAMS 0x0000000716800000| PB 0x0000000716800000| Untracked 
| 181|0x0000000716a00000, 0x0000000716c00000, 0x0000000716c00000|100%| O|  |TAMS 0x0000000716a00000| PB 0x0000000716a00000| Untracked 
| 182|0x0000000716c00000, 0x0000000716e00000, 0x0000000716e00000|100%| O|  |TAMS 0x0000000716c00000| PB 0x0000000716c00000| Untracked 
| 183|0x0000000716e00000, 0x0000000717000000, 0x0000000717000000|100%| O|  |TAMS 0x0000000716e00000| PB 0x0000000716e00000| Untracked 
| 184|0x0000000717000000, 0x0000000717200000, 0x0000000717200000|100%| O|  |TAMS 0x0000000717000000| PB 0x0000000717000000| Untracked 
| 185|0x0000000717200000, 0x0000000717400000, 0x0000000717400000|100%| O|  |TAMS 0x0000000717200000| PB 0x0000000717200000| Untracked 
| 186|0x0000000717400000, 0x0000000717600000, 0x0000000717600000|100%| O|  |TAMS 0x0000000717400000| PB 0x0000000717400000| Untracked 
| 187|0x0000000717600000, 0x0000000717800000, 0x0000000717800000|100%| O|Cm|TAMS 0x0000000717600000| PB 0x0000000717600000| Complete 
| 188|0x0000000717800000, 0x0000000717a00000, 0x0000000717a00000|100%| O|  |TAMS 0x0000000717800000| PB 0x0000000717800000| Untracked 
| 189|0x0000000717a00000, 0x0000000717c00000, 0x0000000717c00000|100%| O|  |TAMS 0x0000000717a00000| PB 0x0000000717a00000| Untracked 
| 190|0x0000000717c00000, 0x0000000717e00000, 0x0000000717e00000|100%| O|Cm|TAMS 0x0000000717c00000| PB 0x0000000717c00000| Complete 
| 191|0x0000000717e00000, 0x0000000718000000, 0x0000000718000000|100%| O|  |TAMS 0x0000000717e00000| PB 0x0000000717e00000| Untracked 
| 192|0x0000000718000000, 0x0000000718200000, 0x0000000718200000|100%| O|  |TAMS 0x0000000718000000| PB 0x0000000718000000| Untracked 
| 193|0x0000000718200000, 0x0000000718400000, 0x0000000718400000|100%|HS|  |TAMS 0x0000000718200000| PB 0x0000000718200000| Complete 
| 194|0x0000000718400000, 0x0000000718600000, 0x0000000718600000|100%|HS|  |TAMS 0x0000000718400000| PB 0x0000000718400000| Complete 
| 195|0x0000000718600000, 0x0000000718600000, 0x0000000718800000|  0%| F|  |TAMS 0x0000000718600000| PB 0x0000000718600000| Untracked 
| 196|0x0000000718800000, 0x0000000718a00000, 0x0000000718a00000|100%| O|Cm|TAMS 0x0000000718800000| PB 0x0000000718800000| Complete 
| 197|0x0000000718a00000, 0x0000000718a00000, 0x0000000718c00000|  0%| F|  |TAMS 0x0000000718a00000| PB 0x0000000718a00000| Untracked 
| 198|0x0000000718c00000, 0x0000000718e00000, 0x0000000718e00000|100%| O|Cm|TAMS 0x0000000718c00000| PB 0x0000000718c00000| Complete 
| 199|0x0000000718e00000, 0x0000000719000000, 0x0000000719000000|100%| O|Cm|TAMS 0x0000000718e00000| PB 0x0000000718e00000| Complete 
| 200|0x0000000719000000, 0x0000000719200000, 0x0000000719200000|100%| O|  |TAMS 0x0000000719000000| PB 0x0000000719000000| Untracked 
| 201|0x0000000719200000, 0x0000000719400000, 0x0000000719400000|100%| O|  |TAMS 0x0000000719200000| PB 0x0000000719200000| Untracked 
| 202|0x0000000719400000, 0x0000000719600000, 0x0000000719600000|100%| O|  |TAMS 0x0000000719400000| PB 0x0000000719400000| Untracked 
| 203|0x0000000719600000, 0x0000000719800000, 0x0000000719800000|100%| O|  |TAMS 0x0000000719600000| PB 0x0000000719600000| Untracked 
| 204|0x0000000719800000, 0x0000000719800000, 0x0000000719a00000|  0%| F|  |TAMS 0x0000000719800000| PB 0x0000000719800000| Untracked 
| 205|0x0000000719a00000, 0x0000000719c00000, 0x0000000719c00000|100%| O|  |TAMS 0x0000000719a00000| PB 0x0000000719a00000| Untracked 
| 206|0x0000000719c00000, 0x0000000719e00000, 0x0000000719e00000|100%| O|  |TAMS 0x0000000719c00000| PB 0x0000000719c00000| Untracked 
| 207|0x0000000719e00000, 0x000000071a000000, 0x000000071a000000|100%| O|  |TAMS 0x0000000719e00000| PB 0x0000000719e00000| Untracked 
| 208|0x000000071a000000, 0x000000071a200000, 0x000000071a200000|100%| O|  |TAMS 0x000000071a000000| PB 0x000000071a000000| Untracked 
| 209|0x000000071a200000, 0x000000071a400000, 0x000000071a400000|100%| O|  |TAMS 0x000000071a200000| PB 0x000000071a200000| Untracked 
| 210|0x000000071a400000, 0x000000071a600000, 0x000000071a600000|100%| O|  |TAMS 0x000000071a400000| PB 0x000000071a400000| Untracked 
| 211|0x000000071a600000, 0x000000071a800000, 0x000000071a800000|100%| O|  |TAMS 0x000000071a600000| PB 0x000000071a600000| Untracked 
| 212|0x000000071a800000, 0x000000071aa00000, 0x000000071aa00000|100%| O|  |TAMS 0x000000071a800000| PB 0x000000071a800000| Untracked 
| 213|0x000000071aa00000, 0x000000071ac00000, 0x000000071ac00000|100%| O|  |TAMS 0x000000071aa00000| PB 0x000000071aa00000| Untracked 
| 214|0x000000071ac00000, 0x000000071ae00000, 0x000000071ae00000|100%| O|  |TAMS 0x000000071ac00000| PB 0x000000071ac00000| Untracked 
| 215|0x000000071ae00000, 0x000000071b000000, 0x000000071b000000|100%| O|  |TAMS 0x000000071ae00000| PB 0x000000071ae00000| Untracked 
| 216|0x000000071b000000, 0x000000071b200000, 0x000000071b200000|100%| O|  |TAMS 0x000000071b000000| PB 0x000000071b000000| Untracked 
| 217|0x000000071b200000, 0x000000071b400000, 0x000000071b400000|100%| O|  |TAMS 0x000000071b200000| PB 0x000000071b200000| Untracked 
| 218|0x000000071b400000, 0x000000071b600000, 0x000000071b600000|100%|HS|  |TAMS 0x000000071b400000| PB 0x000000071b400000| Complete 
| 219|0x000000071b600000, 0x000000071b800000, 0x000000071b800000|100%|HS|  |TAMS 0x000000071b600000| PB 0x000000071b600000| Complete 
| 220|0x000000071b800000, 0x000000071ba00000, 0x000000071ba00000|100%| O|  |TAMS 0x000000071b800000| PB 0x000000071b800000| Untracked 
| 221|0x000000071ba00000, 0x000000071bc00000, 0x000000071bc00000|100%| O|  |TAMS 0x000000071ba00000| PB 0x000000071ba00000| Untracked 
| 222|0x000000071bc00000, 0x000000071be00000, 0x000000071be00000|100%| O|  |TAMS 0x000000071bc00000| PB 0x000000071bc00000| Untracked 
| 223|0x000000071be00000, 0x000000071c000000, 0x000000071c000000|100%| O|  |TAMS 0x000000071be00000| PB 0x000000071be00000| Untracked 
| 224|0x000000071c000000, 0x000000071c200000, 0x000000071c200000|100%| O|  |TAMS 0x000000071c000000| PB 0x000000071c000000| Untracked 
| 225|0x000000071c200000, 0x000000071c400000, 0x000000071c400000|100%| O|  |TAMS 0x000000071c200000| PB 0x000000071c200000| Untracked 
| 226|0x000000071c400000, 0x000000071c600000, 0x000000071c600000|100%| O|  |TAMS 0x000000071c400000| PB 0x000000071c400000| Untracked 
| 227|0x000000071c600000, 0x000000071c800000, 0x000000071c800000|100%| O|  |TAMS 0x000000071c600000| PB 0x000000071c600000| Untracked 
| 228|0x000000071c800000, 0x000000071ca00000, 0x000000071ca00000|100%| O|  |TAMS 0x000000071c800000| PB 0x000000071c800000| Untracked 
| 229|0x000000071ca00000, 0x000000071cc00000, 0x000000071cc00000|100%| O|  |TAMS 0x000000071ca00000| PB 0x000000071ca00000| Untracked 
| 230|0x000000071cc00000, 0x000000071cc00000, 0x000000071ce00000|  0%| F|  |TAMS 0x000000071cc00000| PB 0x000000071cc00000| Untracked 
| 231|0x000000071ce00000, 0x000000071ce00000, 0x000000071d000000|  0%| F|  |TAMS 0x000000071ce00000| PB 0x000000071ce00000| Untracked 
| 232|0x000000071d000000, 0x000000071d000000, 0x000000071d200000|  0%| F|  |TAMS 0x000000071d000000| PB 0x000000071d000000| Untracked 
| 233|0x000000071d200000, 0x000000071d200000, 0x000000071d400000|  0%| F|  |TAMS 0x000000071d200000| PB 0x000000071d200000| Untracked 
| 234|0x000000071d400000, 0x000000071d400000, 0x000000071d600000|  0%| F|  |TAMS 0x000000071d400000| PB 0x000000071d400000| Untracked 
| 235|0x000000071d600000, 0x000000071d600000, 0x000000071d800000|  0%| F|  |TAMS 0x000000071d600000| PB 0x000000071d600000| Untracked 
| 236|0x000000071d800000, 0x000000071d800000, 0x000000071da00000|  0%| F|  |TAMS 0x000000071d800000| PB 0x000000071d800000| Untracked 
| 237|0x000000071da00000, 0x000000071da00000, 0x000000071dc00000|  0%| F|  |TAMS 0x000000071da00000| PB 0x000000071da00000| Untracked 
| 238|0x000000071dc00000, 0x000000071dc00000, 0x000000071de00000|  0%| F|  |TAMS 0x000000071dc00000| PB 0x000000071dc00000| Untracked 
| 239|0x000000071de00000, 0x000000071de00000, 0x000000071e000000|  0%| F|  |TAMS 0x000000071de00000| PB 0x000000071de00000| Untracked 
| 240|0x000000071e000000, 0x000000071e000000, 0x000000071e200000|  0%| F|  |TAMS 0x000000071e000000| PB 0x000000071e000000| Untracked 
| 241|0x000000071e200000, 0x000000071e200000, 0x000000071e400000|  0%| F|  |TAMS 0x000000071e200000| PB 0x000000071e200000| Untracked 
| 242|0x000000071e400000, 0x000000071e600000, 0x000000071e600000|100%| O|  |TAMS 0x000000071e400000| PB 0x000000071e400000| Untracked 
| 243|0x000000071e600000, 0x000000071e600000, 0x000000071e800000|  0%| F|  |TAMS 0x000000071e600000| PB 0x000000071e600000| Untracked 
| 244|0x000000071e800000, 0x000000071e800000, 0x000000071ea00000|  0%| F|  |TAMS 0x000000071e800000| PB 0x000000071e800000| Untracked 
| 245|0x000000071ea00000, 0x000000071ea00000, 0x000000071ec00000|  0%| F|  |TAMS 0x000000071ea00000| PB 0x000000071ea00000| Untracked 
| 246|0x000000071ec00000, 0x000000071ec00000, 0x000000071ee00000|  0%| F|  |TAMS 0x000000071ec00000| PB 0x000000071ec00000| Untracked 
| 247|0x000000071ee00000, 0x000000071ee00000, 0x000000071f000000|  0%| F|  |TAMS 0x000000071ee00000| PB 0x000000071ee00000| Untracked 
| 248|0x000000071f000000, 0x000000071f000000, 0x000000071f200000|  0%| F|  |TAMS 0x000000071f000000| PB 0x000000071f000000| Untracked 
| 249|0x000000071f200000, 0x000000071f200000, 0x000000071f400000|  0%| F|  |TAMS 0x000000071f200000| PB 0x000000071f200000| Untracked 
| 250|0x000000071f400000, 0x000000071f400000, 0x000000071f600000|  0%| F|  |TAMS 0x000000071f400000| PB 0x000000071f400000| Untracked 
| 251|0x000000071f600000, 0x000000071f600000, 0x000000071f800000|  0%| F|  |TAMS 0x000000071f600000| PB 0x000000071f600000| Untracked 
| 252|0x000000071f800000, 0x000000071f800000, 0x000000071fa00000|  0%| F|  |TAMS 0x000000071f800000| PB 0x000000071f800000| Untracked 
| 253|0x000000071fa00000, 0x000000071fa00000, 0x000000071fc00000|  0%| F|  |TAMS 0x000000071fa00000| PB 0x000000071fa00000| Untracked 
| 254|0x000000071fc00000, 0x000000071fc00000, 0x000000071fe00000|  0%| F|  |TAMS 0x000000071fc00000| PB 0x000000071fc00000| Untracked 
| 255|0x000000071fe00000, 0x000000071fe00000, 0x0000000720000000|  0%| F|  |TAMS 0x000000071fe00000| PB 0x000000071fe00000| Untracked 
| 256|0x0000000720000000, 0x0000000720000000, 0x0000000720200000|  0%| F|  |TAMS 0x0000000720000000| PB 0x0000000720000000| Untracked 
| 257|0x0000000720200000, 0x0000000720200000, 0x0000000720400000|  0%| F|  |TAMS 0x0000000720200000| PB 0x0000000720200000| Untracked 
| 258|0x0000000720400000, 0x0000000720400000, 0x0000000720600000|  0%| F|  |TAMS 0x0000000720400000| PB 0x0000000720400000| Untracked 
| 259|0x0000000720600000, 0x0000000720600000, 0x0000000720800000|  0%| F|  |TAMS 0x0000000720600000| PB 0x0000000720600000| Untracked 
| 260|0x0000000720800000, 0x0000000720800000, 0x0000000720a00000|  0%| F|  |TAMS 0x0000000720800000| PB 0x0000000720800000| Untracked 
| 261|0x0000000720a00000, 0x0000000720a00000, 0x0000000720c00000|  0%| F|  |TAMS 0x0000000720a00000| PB 0x0000000720a00000| Untracked 
| 262|0x0000000720c00000, 0x0000000720c00000, 0x0000000720e00000|  0%| F|  |TAMS 0x0000000720c00000| PB 0x0000000720c00000| Untracked 
| 263|0x0000000720e00000, 0x0000000720e00000, 0x0000000721000000|  0%| F|  |TAMS 0x0000000720e00000| PB 0x0000000720e00000| Untracked 
| 264|0x0000000721000000, 0x0000000721000000, 0x0000000721200000|  0%| F|  |TAMS 0x0000000721000000| PB 0x0000000721000000| Untracked 
| 265|0x0000000721200000, 0x0000000721200000, 0x0000000721400000|  0%| F|  |TAMS 0x0000000721200000| PB 0x0000000721200000| Untracked 
| 266|0x0000000721400000, 0x0000000721400000, 0x0000000721600000|  0%| F|  |TAMS 0x0000000721400000| PB 0x0000000721400000| Untracked 
| 267|0x0000000721600000, 0x0000000721600000, 0x0000000721800000|  0%| F|  |TAMS 0x0000000721600000| PB 0x0000000721600000| Untracked 
| 268|0x0000000721800000, 0x0000000721800000, 0x0000000721a00000|  0%| F|  |TAMS 0x0000000721800000| PB 0x0000000721800000| Untracked 
| 269|0x0000000721a00000, 0x0000000721a00000, 0x0000000721c00000|  0%| F|  |TAMS 0x0000000721a00000| PB 0x0000000721a00000| Untracked 
| 270|0x0000000721c00000, 0x0000000721c00000, 0x0000000721e00000|  0%| F|  |TAMS 0x0000000721c00000| PB 0x0000000721c00000| Untracked 
| 271|0x0000000721e00000, 0x0000000721e00000, 0x0000000722000000|  0%| F|  |TAMS 0x0000000721e00000| PB 0x0000000721e00000| Untracked 
| 272|0x0000000722000000, 0x0000000722000000, 0x0000000722200000|  0%| F|  |TAMS 0x0000000722000000| PB 0x0000000722000000| Untracked 
| 273|0x0000000722200000, 0x0000000722200000, 0x0000000722400000|  0%| F|  |TAMS 0x0000000722200000| PB 0x0000000722200000| Untracked 
| 274|0x0000000722400000, 0x0000000722400000, 0x0000000722600000|  0%| F|  |TAMS 0x0000000722400000| PB 0x0000000722400000| Untracked 
| 275|0x0000000722600000, 0x0000000722600000, 0x0000000722800000|  0%| F|  |TAMS 0x0000000722600000| PB 0x0000000722600000| Untracked 
| 276|0x0000000722800000, 0x0000000722800000, 0x0000000722a00000|  0%| F|  |TAMS 0x0000000722800000| PB 0x0000000722800000| Untracked 
| 277|0x0000000722a00000, 0x0000000722a00000, 0x0000000722c00000|  0%| F|  |TAMS 0x0000000722a00000| PB 0x0000000722a00000| Untracked 
| 278|0x0000000722c00000, 0x0000000722c00000, 0x0000000722e00000|  0%| F|  |TAMS 0x0000000722c00000| PB 0x0000000722c00000| Untracked 
| 279|0x0000000722e00000, 0x0000000722e00000, 0x0000000723000000|  0%| F|  |TAMS 0x0000000722e00000| PB 0x0000000722e00000| Untracked 
| 280|0x0000000723000000, 0x0000000723000000, 0x0000000723200000|  0%| F|  |TAMS 0x0000000723000000| PB 0x0000000723000000| Untracked 
| 281|0x0000000723200000, 0x0000000723200000, 0x0000000723400000|  0%| F|  |TAMS 0x0000000723200000| PB 0x0000000723200000| Untracked 
| 282|0x0000000723400000, 0x0000000723400000, 0x0000000723600000|  0%| F|  |TAMS 0x0000000723400000| PB 0x0000000723400000| Untracked 
| 283|0x0000000723600000, 0x0000000723600000, 0x0000000723800000|  0%| F|  |TAMS 0x0000000723600000| PB 0x0000000723600000| Untracked 
| 284|0x0000000723800000, 0x0000000723800000, 0x0000000723a00000|  0%| F|  |TAMS 0x0000000723800000| PB 0x0000000723800000| Untracked 
| 285|0x0000000723a00000, 0x0000000723a00000, 0x0000000723c00000|  0%| F|  |TAMS 0x0000000723a00000| PB 0x0000000723a00000| Untracked 
| 286|0x0000000723c00000, 0x0000000723c00000, 0x0000000723e00000|  0%| F|  |TAMS 0x0000000723c00000| PB 0x0000000723c00000| Untracked 
| 287|0x0000000723e00000, 0x0000000723e00000, 0x0000000724000000|  0%| F|  |TAMS 0x0000000723e00000| PB 0x0000000723e00000| Untracked 
| 288|0x0000000724000000, 0x0000000724000000, 0x0000000724200000|  0%| F|  |TAMS 0x0000000724000000| PB 0x0000000724000000| Untracked 
| 289|0x0000000724200000, 0x0000000724200000, 0x0000000724400000|  0%| F|  |TAMS 0x0000000724200000| PB 0x0000000724200000| Untracked 
| 290|0x0000000724400000, 0x0000000724400000, 0x0000000724600000|  0%| F|  |TAMS 0x0000000724400000| PB 0x0000000724400000| Untracked 
| 291|0x0000000724600000, 0x0000000724600000, 0x0000000724800000|  0%| F|  |TAMS 0x0000000724600000| PB 0x0000000724600000| Untracked 
| 292|0x0000000724800000, 0x0000000724800000, 0x0000000724a00000|  0%| F|  |TAMS 0x0000000724800000| PB 0x0000000724800000| Untracked 
| 293|0x0000000724a00000, 0x0000000724a00000, 0x0000000724c00000|  0%| F|  |TAMS 0x0000000724a00000| PB 0x0000000724a00000| Untracked 
| 294|0x0000000724c00000, 0x0000000724c00000, 0x0000000724e00000|  0%| F|  |TAMS 0x0000000724c00000| PB 0x0000000724c00000| Untracked 
| 295|0x0000000724e00000, 0x0000000724e00000, 0x0000000725000000|  0%| F|  |TAMS 0x0000000724e00000| PB 0x0000000724e00000| Untracked 
| 296|0x0000000725000000, 0x0000000725000000, 0x0000000725200000|  0%| F|  |TAMS 0x0000000725000000| PB 0x0000000725000000| Untracked 
| 297|0x0000000725200000, 0x0000000725200000, 0x0000000725400000|  0%| F|  |TAMS 0x0000000725200000| PB 0x0000000725200000| Untracked 
| 298|0x0000000725400000, 0x0000000725400000, 0x0000000725600000|  0%| F|  |TAMS 0x0000000725400000| PB 0x0000000725400000| Untracked 
| 299|0x0000000725600000, 0x0000000725600000, 0x0000000725800000|  0%| F|  |TAMS 0x0000000725600000| PB 0x0000000725600000| Untracked 
| 300|0x0000000725800000, 0x0000000725800000, 0x0000000725a00000|  0%| F|  |TAMS 0x0000000725800000| PB 0x0000000725800000| Untracked 
| 301|0x0000000725a00000, 0x0000000725a00000, 0x0000000725c00000|  0%| F|  |TAMS 0x0000000725a00000| PB 0x0000000725a00000| Untracked 
| 302|0x0000000725c00000, 0x0000000725c00000, 0x0000000725e00000|  0%| F|  |TAMS 0x0000000725c00000| PB 0x0000000725c00000| Untracked 
| 303|0x0000000725e00000, 0x0000000725e00000, 0x0000000726000000|  0%| F|  |TAMS 0x0000000725e00000| PB 0x0000000725e00000| Untracked 
| 304|0x0000000726000000, 0x0000000726000000, 0x0000000726200000|  0%| F|  |TAMS 0x0000000726000000| PB 0x0000000726000000| Untracked 
| 305|0x0000000726200000, 0x0000000726200000, 0x0000000726400000|  0%| F|  |TAMS 0x0000000726200000| PB 0x0000000726200000| Untracked 
| 306|0x0000000726400000, 0x0000000726400000, 0x0000000726600000|  0%| F|  |TAMS 0x0000000726400000| PB 0x0000000726400000| Untracked 
| 307|0x0000000726600000, 0x0000000726600000, 0x0000000726800000|  0%| F|  |TAMS 0x0000000726600000| PB 0x0000000726600000| Untracked 
| 308|0x0000000726800000, 0x0000000726800000, 0x0000000726a00000|  0%| F|  |TAMS 0x0000000726800000| PB 0x0000000726800000| Untracked 
| 309|0x0000000726a00000, 0x0000000726a00000, 0x0000000726c00000|  0%| F|  |TAMS 0x0000000726a00000| PB 0x0000000726a00000| Untracked 
| 310|0x0000000726c00000, 0x0000000726c00000, 0x0000000726e00000|  0%| F|  |TAMS 0x0000000726c00000| PB 0x0000000726c00000| Untracked 
| 311|0x0000000726e00000, 0x0000000726e00000, 0x0000000727000000|  0%| F|  |TAMS 0x0000000726e00000| PB 0x0000000726e00000| Untracked 
| 312|0x0000000727000000, 0x0000000727000000, 0x0000000727200000|  0%| F|  |TAMS 0x0000000727000000| PB 0x0000000727000000| Untracked 
| 313|0x0000000727200000, 0x0000000727200000, 0x0000000727400000|  0%| F|  |TAMS 0x0000000727200000| PB 0x0000000727200000| Untracked 
| 314|0x0000000727400000, 0x0000000727400000, 0x0000000727600000|  0%| F|  |TAMS 0x0000000727400000| PB 0x0000000727400000| Untracked 
| 315|0x0000000727600000, 0x0000000727600000, 0x0000000727800000|  0%| F|  |TAMS 0x0000000727600000| PB 0x0000000727600000| Untracked 
| 316|0x0000000727800000, 0x0000000727800000, 0x0000000727a00000|  0%| F|  |TAMS 0x0000000727800000| PB 0x0000000727800000| Untracked 
| 317|0x0000000727a00000, 0x0000000727a00000, 0x0000000727c00000|  0%| F|  |TAMS 0x0000000727a00000| PB 0x0000000727a00000| Untracked 
| 318|0x0000000727c00000, 0x0000000727c00000, 0x0000000727e00000|  0%| F|  |TAMS 0x0000000727c00000| PB 0x0000000727c00000| Untracked 
| 319|0x0000000727e00000, 0x0000000727e00000, 0x0000000728000000|  0%| F|  |TAMS 0x0000000727e00000| PB 0x0000000727e00000| Untracked 
| 320|0x0000000728000000, 0x0000000728000000, 0x0000000728200000|  0%| F|  |TAMS 0x0000000728000000| PB 0x0000000728000000| Untracked 
| 321|0x0000000728200000, 0x0000000728200000, 0x0000000728400000|  0%| F|  |TAMS 0x0000000728200000| PB 0x0000000728200000| Untracked 
| 322|0x0000000728400000, 0x0000000728400000, 0x0000000728600000|  0%| F|  |TAMS 0x0000000728400000| PB 0x0000000728400000| Untracked 
| 323|0x0000000728600000, 0x0000000728600000, 0x0000000728800000|  0%| F|  |TAMS 0x0000000728600000| PB 0x0000000728600000| Untracked 
| 324|0x0000000728800000, 0x0000000728800000, 0x0000000728a00000|  0%| F|  |TAMS 0x0000000728800000| PB 0x0000000728800000| Untracked 
| 325|0x0000000728a00000, 0x0000000728a00000, 0x0000000728c00000|  0%| F|  |TAMS 0x0000000728a00000| PB 0x0000000728a00000| Untracked 
| 326|0x0000000728c00000, 0x0000000728c00000, 0x0000000728e00000|  0%| F|  |TAMS 0x0000000728c00000| PB 0x0000000728c00000| Untracked 
| 327|0x0000000728e00000, 0x0000000728e00000, 0x0000000729000000|  0%| F|  |TAMS 0x0000000728e00000| PB 0x0000000728e00000| Untracked 
| 328|0x0000000729000000, 0x0000000729000000, 0x0000000729200000|  0%| F|  |TAMS 0x0000000729000000| PB 0x0000000729000000| Untracked 
| 329|0x0000000729200000, 0x0000000729200000, 0x0000000729400000|  0%| F|  |TAMS 0x0000000729200000| PB 0x0000000729200000| Untracked 
| 330|0x0000000729400000, 0x0000000729400000, 0x0000000729600000|  0%| F|  |TAMS 0x0000000729400000| PB 0x0000000729400000| Untracked 
| 331|0x0000000729600000, 0x0000000729600000, 0x0000000729800000|  0%| F|  |TAMS 0x0000000729600000| PB 0x0000000729600000| Untracked 
| 332|0x0000000729800000, 0x0000000729800000, 0x0000000729a00000|  0%| F|  |TAMS 0x0000000729800000| PB 0x0000000729800000| Untracked 
| 333|0x0000000729a00000, 0x0000000729a00000, 0x0000000729c00000|  0%| F|  |TAMS 0x0000000729a00000| PB 0x0000000729a00000| Untracked 
| 334|0x0000000729c00000, 0x0000000729c00000, 0x0000000729e00000|  0%| F|  |TAMS 0x0000000729c00000| PB 0x0000000729c00000| Untracked 
| 335|0x0000000729e00000, 0x0000000729e00000, 0x000000072a000000|  0%| F|  |TAMS 0x0000000729e00000| PB 0x0000000729e00000| Untracked 
| 336|0x000000072a000000, 0x000000072a000000, 0x000000072a200000|  0%| F|  |TAMS 0x000000072a000000| PB 0x000000072a000000| Untracked 
| 337|0x000000072a200000, 0x000000072a200000, 0x000000072a400000|  0%| F|  |TAMS 0x000000072a200000| PB 0x000000072a200000| Untracked 
| 338|0x000000072a400000, 0x000000072a400000, 0x000000072a600000|  0%| F|  |TAMS 0x000000072a400000| PB 0x000000072a400000| Untracked 
| 339|0x000000072a600000, 0x000000072a600000, 0x000000072a800000|  0%| F|  |TAMS 0x000000072a600000| PB 0x000000072a600000| Untracked 
| 340|0x000000072a800000, 0x000000072a800000, 0x000000072aa00000|  0%| F|  |TAMS 0x000000072a800000| PB 0x000000072a800000| Untracked 
| 341|0x000000072aa00000, 0x000000072aa00000, 0x000000072ac00000|  0%| F|  |TAMS 0x000000072aa00000| PB 0x000000072aa00000| Untracked 
| 342|0x000000072ac00000, 0x000000072ac00000, 0x000000072ae00000|  0%| F|  |TAMS 0x000000072ac00000| PB 0x000000072ac00000| Untracked 
| 343|0x000000072ae00000, 0x000000072ae00000, 0x000000072b000000|  0%| F|  |TAMS 0x000000072ae00000| PB 0x000000072ae00000| Untracked 
| 344|0x000000072b000000, 0x000000072b000000, 0x000000072b200000|  0%| F|  |TAMS 0x000000072b000000| PB 0x000000072b000000| Untracked 
| 345|0x000000072b200000, 0x000000072b200000, 0x000000072b400000|  0%| F|  |TAMS 0x000000072b200000| PB 0x000000072b200000| Untracked 
| 346|0x000000072b400000, 0x000000072b400000, 0x000000072b600000|  0%| F|  |TAMS 0x000000072b400000| PB 0x000000072b400000| Untracked 
| 347|0x000000072b600000, 0x000000072b600000, 0x000000072b800000|  0%| F|  |TAMS 0x000000072b600000| PB 0x000000072b600000| Untracked 
| 348|0x000000072b800000, 0x000000072b800000, 0x000000072ba00000|  0%| F|  |TAMS 0x000000072b800000| PB 0x000000072b800000| Untracked 
| 349|0x000000072ba00000, 0x000000072ba00000, 0x000000072bc00000|  0%| F|  |TAMS 0x000000072ba00000| PB 0x000000072ba00000| Untracked 
| 350|0x000000072bc00000, 0x000000072bc00000, 0x000000072be00000|  0%| F|  |TAMS 0x000000072bc00000| PB 0x000000072bc00000| Untracked 
| 351|0x000000072be00000, 0x000000072be00000, 0x000000072c000000|  0%| F|  |TAMS 0x000000072be00000| PB 0x000000072be00000| Untracked 
| 352|0x000000072c000000, 0x000000072c000000, 0x000000072c200000|  0%| F|  |TAMS 0x000000072c000000| PB 0x000000072c000000| Untracked 
| 353|0x000000072c200000, 0x000000072c200000, 0x000000072c400000|  0%| F|  |TAMS 0x000000072c200000| PB 0x000000072c200000| Untracked 
| 354|0x000000072c400000, 0x000000072c400000, 0x000000072c600000|  0%| F|  |TAMS 0x000000072c400000| PB 0x000000072c400000| Untracked 
| 355|0x000000072c600000, 0x000000072c600000, 0x000000072c800000|  0%| F|  |TAMS 0x000000072c600000| PB 0x000000072c600000| Untracked 
| 356|0x000000072c800000, 0x000000072c800000, 0x000000072ca00000|  0%| F|  |TAMS 0x000000072c800000| PB 0x000000072c800000| Untracked 
| 357|0x000000072ca00000, 0x000000072ca00000, 0x000000072cc00000|  0%| F|  |TAMS 0x000000072ca00000| PB 0x000000072ca00000| Untracked 
| 358|0x000000072cc00000, 0x000000072cc00000, 0x000000072ce00000|  0%| F|  |TAMS 0x000000072cc00000| PB 0x000000072cc00000| Untracked 
| 359|0x000000072ce00000, 0x000000072ce00000, 0x000000072d000000|  0%| F|  |TAMS 0x000000072ce00000| PB 0x000000072ce00000| Untracked 
| 360|0x000000072d000000, 0x000000072d000000, 0x000000072d200000|  0%| F|  |TAMS 0x000000072d000000| PB 0x000000072d000000| Untracked 
| 361|0x000000072d200000, 0x000000072d200000, 0x000000072d400000|  0%| F|  |TAMS 0x000000072d200000| PB 0x000000072d200000| Untracked 
| 362|0x000000072d400000, 0x000000072d400000, 0x000000072d600000|  0%| F|  |TAMS 0x000000072d400000| PB 0x000000072d400000| Untracked 
| 363|0x000000072d600000, 0x000000072d600000, 0x000000072d800000|  0%| F|  |TAMS 0x000000072d600000| PB 0x000000072d600000| Untracked 
| 364|0x000000072d800000, 0x000000072d800000, 0x000000072da00000|  0%| F|  |TAMS 0x000000072d800000| PB 0x000000072d800000| Untracked 
| 365|0x000000072da00000, 0x000000072da00000, 0x000000072dc00000|  0%| F|  |TAMS 0x000000072da00000| PB 0x000000072da00000| Untracked 
| 366|0x000000072dc00000, 0x000000072dc00000, 0x000000072de00000|  0%| F|  |TAMS 0x000000072dc00000| PB 0x000000072dc00000| Untracked 
| 367|0x000000072de00000, 0x000000072de00000, 0x000000072e000000|  0%| F|  |TAMS 0x000000072de00000| PB 0x000000072de00000| Untracked 
| 368|0x000000072e000000, 0x000000072e000000, 0x000000072e200000|  0%| F|  |TAMS 0x000000072e000000| PB 0x000000072e000000| Untracked 
| 369|0x000000072e200000, 0x000000072e200000, 0x000000072e400000|  0%| F|  |TAMS 0x000000072e200000| PB 0x000000072e200000| Untracked 
| 370|0x000000072e400000, 0x000000072e400000, 0x000000072e600000|  0%| F|  |TAMS 0x000000072e400000| PB 0x000000072e400000| Untracked 
| 371|0x000000072e600000, 0x000000072e600000, 0x000000072e800000|  0%| F|  |TAMS 0x000000072e600000| PB 0x000000072e600000| Untracked 
| 372|0x000000072e800000, 0x000000072e800000, 0x000000072ea00000|  0%| F|  |TAMS 0x000000072e800000| PB 0x000000072e800000| Untracked 
| 373|0x000000072ea00000, 0x000000072ea00000, 0x000000072ec00000|  0%| F|  |TAMS 0x000000072ea00000| PB 0x000000072ea00000| Untracked 
| 374|0x000000072ec00000, 0x000000072ec00000, 0x000000072ee00000|  0%| F|  |TAMS 0x000000072ec00000| PB 0x000000072ec00000| Untracked 
| 375|0x000000072ee00000, 0x000000072ee00000, 0x000000072f000000|  0%| F|  |TAMS 0x000000072ee00000| PB 0x000000072ee00000| Untracked 
| 376|0x000000072f000000, 0x000000072f000000, 0x000000072f200000|  0%| F|  |TAMS 0x000000072f000000| PB 0x000000072f000000| Untracked 
| 377|0x000000072f200000, 0x000000072f200000, 0x000000072f400000|  0%| F|  |TAMS 0x000000072f200000| PB 0x000000072f200000| Untracked 
| 378|0x000000072f400000, 0x000000072f400000, 0x000000072f600000|  0%| F|  |TAMS 0x000000072f400000| PB 0x000000072f400000| Untracked 
| 379|0x000000072f600000, 0x000000072f600000, 0x000000072f800000|  0%| F|  |TAMS 0x000000072f600000| PB 0x000000072f600000| Untracked 
| 380|0x000000072f800000, 0x000000072f800000, 0x000000072fa00000|  0%| F|  |TAMS 0x000000072f800000| PB 0x000000072f800000| Untracked 
| 381|0x000000072fa00000, 0x000000072fa00000, 0x000000072fc00000|  0%| F|  |TAMS 0x000000072fa00000| PB 0x000000072fa00000| Untracked 
| 382|0x000000072fc00000, 0x000000072fc00000, 0x000000072fe00000|  0%| F|  |TAMS 0x000000072fc00000| PB 0x000000072fc00000| Untracked 
| 383|0x000000072fe00000, 0x000000072fe00000, 0x0000000730000000|  0%| F|  |TAMS 0x000000072fe00000| PB 0x000000072fe00000| Untracked 
| 384|0x0000000730000000, 0x0000000730000000, 0x0000000730200000|  0%| F|  |TAMS 0x0000000730000000| PB 0x0000000730000000| Untracked 
| 385|0x0000000730200000, 0x0000000730200000, 0x0000000730400000|  0%| F|  |TAMS 0x0000000730200000| PB 0x0000000730200000| Untracked 
| 386|0x0000000730400000, 0x0000000730400000, 0x0000000730600000|  0%| F|  |TAMS 0x0000000730400000| PB 0x0000000730400000| Untracked 
| 387|0x0000000730600000, 0x0000000730600000, 0x0000000730800000|  0%| F|  |TAMS 0x0000000730600000| PB 0x0000000730600000| Untracked 
| 388|0x0000000730800000, 0x0000000730800000, 0x0000000730a00000|  0%| F|  |TAMS 0x0000000730800000| PB 0x0000000730800000| Untracked 
| 389|0x0000000730a00000, 0x0000000730a00000, 0x0000000730c00000|  0%| F|  |TAMS 0x0000000730a00000| PB 0x0000000730a00000| Untracked 
| 390|0x0000000730c00000, 0x0000000730c00000, 0x0000000730e00000|  0%| F|  |TAMS 0x0000000730c00000| PB 0x0000000730c00000| Untracked 
| 391|0x0000000730e00000, 0x0000000730e00000, 0x0000000731000000|  0%| F|  |TAMS 0x0000000730e00000| PB 0x0000000730e00000| Untracked 
| 392|0x0000000731000000, 0x0000000731000000, 0x0000000731200000|  0%| F|  |TAMS 0x0000000731000000| PB 0x0000000731000000| Untracked 
| 393|0x0000000731200000, 0x0000000731200000, 0x0000000731400000|  0%| F|  |TAMS 0x0000000731200000| PB 0x0000000731200000| Untracked 
| 394|0x0000000731400000, 0x0000000731400000, 0x0000000731600000|  0%| F|  |TAMS 0x0000000731400000| PB 0x0000000731400000| Untracked 
| 395|0x0000000731600000, 0x0000000731600000, 0x0000000731800000|  0%| F|  |TAMS 0x0000000731600000| PB 0x0000000731600000| Untracked 
| 396|0x0000000731800000, 0x0000000731800000, 0x0000000731a00000|  0%| F|  |TAMS 0x0000000731800000| PB 0x0000000731800000| Untracked 
| 397|0x0000000731a00000, 0x0000000731a00000, 0x0000000731c00000|  0%| F|  |TAMS 0x0000000731a00000| PB 0x0000000731a00000| Untracked 
| 398|0x0000000731c00000, 0x0000000731c00000, 0x0000000731e00000|  0%| F|  |TAMS 0x0000000731c00000| PB 0x0000000731c00000| Untracked 
| 399|0x0000000731e00000, 0x0000000731e00000, 0x0000000732000000|  0%| F|  |TAMS 0x0000000731e00000| PB 0x0000000731e00000| Untracked 
| 400|0x0000000732000000, 0x0000000732000000, 0x0000000732200000|  0%| F|  |TAMS 0x0000000732000000| PB 0x0000000732000000| Untracked 
| 401|0x0000000732200000, 0x0000000732200000, 0x0000000732400000|  0%| F|  |TAMS 0x0000000732200000| PB 0x0000000732200000| Untracked 
| 402|0x0000000732400000, 0x0000000732400000, 0x0000000732600000|  0%| F|  |TAMS 0x0000000732400000| PB 0x0000000732400000| Untracked 
| 403|0x0000000732600000, 0x0000000732600000, 0x0000000732800000|  0%| F|  |TAMS 0x0000000732600000| PB 0x0000000732600000| Untracked 
| 404|0x0000000732800000, 0x0000000732800000, 0x0000000732a00000|  0%| F|  |TAMS 0x0000000732800000| PB 0x0000000732800000| Untracked 
| 405|0x0000000732a00000, 0x0000000732a00000, 0x0000000732c00000|  0%| F|  |TAMS 0x0000000732a00000| PB 0x0000000732a00000| Untracked 
| 406|0x0000000732c00000, 0x0000000732c00000, 0x0000000732e00000|  0%| F|  |TAMS 0x0000000732c00000| PB 0x0000000732c00000| Untracked 
| 407|0x0000000732e00000, 0x0000000732e00000, 0x0000000733000000|  0%| F|  |TAMS 0x0000000732e00000| PB 0x0000000732e00000| Untracked 
| 408|0x0000000733000000, 0x0000000733000000, 0x0000000733200000|  0%| F|  |TAMS 0x0000000733000000| PB 0x0000000733000000| Untracked 
| 409|0x0000000733200000, 0x0000000733200000, 0x0000000733400000|  0%| F|  |TAMS 0x0000000733200000| PB 0x0000000733200000| Untracked 
| 410|0x0000000733400000, 0x0000000733400000, 0x0000000733600000|  0%| F|  |TAMS 0x0000000733400000| PB 0x0000000733400000| Untracked 
| 411|0x0000000733600000, 0x0000000733600000, 0x0000000733800000|  0%| F|  |TAMS 0x0000000733600000| PB 0x0000000733600000| Untracked 
| 412|0x0000000733800000, 0x0000000733800000, 0x0000000733a00000|  0%| F|  |TAMS 0x0000000733800000| PB 0x0000000733800000| Untracked 
| 413|0x0000000733a00000, 0x0000000733a00000, 0x0000000733c00000|  0%| F|  |TAMS 0x0000000733a00000| PB 0x0000000733a00000| Untracked 
| 414|0x0000000733c00000, 0x0000000733c00000, 0x0000000733e00000|  0%| F|  |TAMS 0x0000000733c00000| PB 0x0000000733c00000| Untracked 
| 415|0x0000000733e00000, 0x0000000733e00000, 0x0000000734000000|  0%| F|  |TAMS 0x0000000733e00000| PB 0x0000000733e00000| Untracked 
| 416|0x0000000734000000, 0x0000000734000000, 0x0000000734200000|  0%| F|  |TAMS 0x0000000734000000| PB 0x0000000734000000| Untracked 
| 417|0x0000000734200000, 0x0000000734200000, 0x0000000734400000|  0%| F|  |TAMS 0x0000000734200000| PB 0x0000000734200000| Untracked 
| 418|0x0000000734400000, 0x0000000734400000, 0x0000000734600000|  0%| F|  |TAMS 0x0000000734400000| PB 0x0000000734400000| Untracked 
| 419|0x0000000734600000, 0x0000000734600000, 0x0000000734800000|  0%| F|  |TAMS 0x0000000734600000| PB 0x0000000734600000| Untracked 
| 420|0x0000000734800000, 0x0000000734800000, 0x0000000734a00000|  0%| F|  |TAMS 0x0000000734800000| PB 0x0000000734800000| Untracked 
| 421|0x0000000734a00000, 0x0000000734a00000, 0x0000000734c00000|  0%| F|  |TAMS 0x0000000734a00000| PB 0x0000000734a00000| Untracked 
| 422|0x0000000734c00000, 0x0000000734c00000, 0x0000000734e00000|  0%| F|  |TAMS 0x0000000734c00000| PB 0x0000000734c00000| Untracked 
| 423|0x0000000734e00000, 0x0000000734e00000, 0x0000000735000000|  0%| F|  |TAMS 0x0000000734e00000| PB 0x0000000734e00000| Untracked 
| 424|0x0000000735000000, 0x0000000735000000, 0x0000000735200000|  0%| F|  |TAMS 0x0000000735000000| PB 0x0000000735000000| Untracked 
| 425|0x0000000735200000, 0x0000000735200000, 0x0000000735400000|  0%| F|  |TAMS 0x0000000735200000| PB 0x0000000735200000| Untracked 
| 426|0x0000000735400000, 0x0000000735400000, 0x0000000735600000|  0%| F|  |TAMS 0x0000000735400000| PB 0x0000000735400000| Untracked 
| 427|0x0000000735600000, 0x0000000735600000, 0x0000000735800000|  0%| F|  |TAMS 0x0000000735600000| PB 0x0000000735600000| Untracked 
| 428|0x0000000735800000, 0x0000000735800000, 0x0000000735a00000|  0%| F|  |TAMS 0x0000000735800000| PB 0x0000000735800000| Untracked 
| 429|0x0000000735a00000, 0x0000000735a00000, 0x0000000735c00000|  0%| F|  |TAMS 0x0000000735a00000| PB 0x0000000735a00000| Untracked 
| 430|0x0000000735c00000, 0x0000000735c00000, 0x0000000735e00000|  0%| F|  |TAMS 0x0000000735c00000| PB 0x0000000735c00000| Untracked 
| 431|0x0000000735e00000, 0x0000000735e00000, 0x0000000736000000|  0%| F|  |TAMS 0x0000000735e00000| PB 0x0000000735e00000| Untracked 
| 432|0x0000000736000000, 0x0000000736000000, 0x0000000736200000|  0%| F|  |TAMS 0x0000000736000000| PB 0x0000000736000000| Untracked 
| 433|0x0000000736200000, 0x0000000736200000, 0x0000000736400000|  0%| F|  |TAMS 0x0000000736200000| PB 0x0000000736200000| Untracked 
| 434|0x0000000736400000, 0x0000000736400000, 0x0000000736600000|  0%| F|  |TAMS 0x0000000736400000| PB 0x0000000736400000| Untracked 
| 435|0x0000000736600000, 0x0000000736600000, 0x0000000736800000|  0%| F|  |TAMS 0x0000000736600000| PB 0x0000000736600000| Untracked 
| 436|0x0000000736800000, 0x0000000736800000, 0x0000000736a00000|  0%| F|  |TAMS 0x0000000736800000| PB 0x0000000736800000| Untracked 
| 437|0x0000000736a00000, 0x0000000736a00000, 0x0000000736c00000|  0%| F|  |TAMS 0x0000000736a00000| PB 0x0000000736a00000| Untracked 
| 438|0x0000000736c00000, 0x0000000736c00000, 0x0000000736e00000|  0%| F|  |TAMS 0x0000000736c00000| PB 0x0000000736c00000| Untracked 
| 439|0x0000000736e00000, 0x0000000736e00000, 0x0000000737000000|  0%| F|  |TAMS 0x0000000736e00000| PB 0x0000000736e00000| Untracked 
| 440|0x0000000737000000, 0x0000000737000000, 0x0000000737200000|  0%| F|  |TAMS 0x0000000737000000| PB 0x0000000737000000| Untracked 
| 441|0x0000000737200000, 0x0000000737200000, 0x0000000737400000|  0%| F|  |TAMS 0x0000000737200000| PB 0x0000000737200000| Untracked 
| 442|0x0000000737400000, 0x0000000737400000, 0x0000000737600000|  0%| F|  |TAMS 0x0000000737400000| PB 0x0000000737400000| Untracked 
| 443|0x0000000737600000, 0x0000000737600000, 0x0000000737800000|  0%| F|  |TAMS 0x0000000737600000| PB 0x0000000737600000| Untracked 
| 444|0x0000000737800000, 0x0000000737800000, 0x0000000737a00000|  0%| F|  |TAMS 0x0000000737800000| PB 0x0000000737800000| Untracked 
| 445|0x0000000737a00000, 0x0000000737a00000, 0x0000000737c00000|  0%| F|  |TAMS 0x0000000737a00000| PB 0x0000000737a00000| Untracked 
| 446|0x0000000737c00000, 0x0000000737c00000, 0x0000000737e00000|  0%| F|  |TAMS 0x0000000737c00000| PB 0x0000000737c00000| Untracked 
| 447|0x0000000737e00000, 0x0000000737e00000, 0x0000000738000000|  0%| F|  |TAMS 0x0000000737e00000| PB 0x0000000737e00000| Untracked 
| 448|0x0000000738000000, 0x0000000738000000, 0x0000000738200000|  0%| F|  |TAMS 0x0000000738000000| PB 0x0000000738000000| Untracked 
| 449|0x0000000738200000, 0x0000000738200000, 0x0000000738400000|  0%| F|  |TAMS 0x0000000738200000| PB 0x0000000738200000| Untracked 
| 450|0x0000000738400000, 0x0000000738400000, 0x0000000738600000|  0%| F|  |TAMS 0x0000000738400000| PB 0x0000000738400000| Untracked 
| 451|0x0000000738600000, 0x0000000738600000, 0x0000000738800000|  0%| F|  |TAMS 0x0000000738600000| PB 0x0000000738600000| Untracked 
| 452|0x0000000738800000, 0x0000000738800000, 0x0000000738a00000|  0%| F|  |TAMS 0x0000000738800000| PB 0x0000000738800000| Untracked 
| 453|0x0000000738a00000, 0x0000000738a00000, 0x0000000738c00000|  0%| F|  |TAMS 0x0000000738a00000| PB 0x0000000738a00000| Untracked 
| 454|0x0000000738c00000, 0x0000000738c00000, 0x0000000738e00000|  0%| F|  |TAMS 0x0000000738c00000| PB 0x0000000738c00000| Untracked 
| 455|0x0000000738e00000, 0x0000000738e00000, 0x0000000739000000|  0%| F|  |TAMS 0x0000000738e00000| PB 0x0000000738e00000| Untracked 
| 456|0x0000000739000000, 0x0000000739000000, 0x0000000739200000|  0%| F|  |TAMS 0x0000000739000000| PB 0x0000000739000000| Untracked 
| 457|0x0000000739200000, 0x0000000739200000, 0x0000000739400000|  0%| F|  |TAMS 0x0000000739200000| PB 0x0000000739200000| Untracked 
| 458|0x0000000739400000, 0x0000000739400000, 0x0000000739600000|  0%| F|  |TAMS 0x0000000739400000| PB 0x0000000739400000| Untracked 
| 459|0x0000000739600000, 0x0000000739600000, 0x0000000739800000|  0%| F|  |TAMS 0x0000000739600000| PB 0x0000000739600000| Untracked 
| 460|0x0000000739800000, 0x0000000739800000, 0x0000000739a00000|  0%| F|  |TAMS 0x0000000739800000| PB 0x0000000739800000| Untracked 
| 461|0x0000000739a00000, 0x0000000739a00000, 0x0000000739c00000|  0%| F|  |TAMS 0x0000000739a00000| PB 0x0000000739a00000| Untracked 
| 462|0x0000000739c00000, 0x0000000739c00000, 0x0000000739e00000|  0%| F|  |TAMS 0x0000000739c00000| PB 0x0000000739c00000| Untracked 
| 463|0x0000000739e00000, 0x0000000739e00000, 0x000000073a000000|  0%| F|  |TAMS 0x0000000739e00000| PB 0x0000000739e00000| Untracked 
| 464|0x000000073a000000, 0x000000073a000000, 0x000000073a200000|  0%| F|  |TAMS 0x000000073a000000| PB 0x000000073a000000| Untracked 
| 465|0x000000073a200000, 0x000000073a200000, 0x000000073a400000|  0%| F|  |TAMS 0x000000073a200000| PB 0x000000073a200000| Untracked 
| 466|0x000000073a400000, 0x000000073a400000, 0x000000073a600000|  0%| F|  |TAMS 0x000000073a400000| PB 0x000000073a400000| Untracked 
| 467|0x000000073a600000, 0x000000073a600000, 0x000000073a800000|  0%| F|  |TAMS 0x000000073a600000| PB 0x000000073a600000| Untracked 
| 468|0x000000073a800000, 0x000000073a800000, 0x000000073aa00000|  0%| F|  |TAMS 0x000000073a800000| PB 0x000000073a800000| Untracked 
| 469|0x000000073aa00000, 0x000000073aa00000, 0x000000073ac00000|  0%| F|  |TAMS 0x000000073aa00000| PB 0x000000073aa00000| Untracked 
| 470|0x000000073ac00000, 0x000000073ac00000, 0x000000073ae00000|  0%| F|  |TAMS 0x000000073ac00000| PB 0x000000073ac00000| Untracked 
| 471|0x000000073ae00000, 0x000000073ae00000, 0x000000073b000000|  0%| F|  |TAMS 0x000000073ae00000| PB 0x000000073ae00000| Untracked 
| 472|0x000000073b000000, 0x000000073b000000, 0x000000073b200000|  0%| F|  |TAMS 0x000000073b000000| PB 0x000000073b000000| Untracked 
| 473|0x000000073b200000, 0x000000073b200000, 0x000000073b400000|  0%| F|  |TAMS 0x000000073b200000| PB 0x000000073b200000| Untracked 
| 474|0x000000073b400000, 0x000000073b400000, 0x000000073b600000|  0%| F|  |TAMS 0x000000073b400000| PB 0x000000073b400000| Untracked 
| 475|0x000000073b600000, 0x000000073b600000, 0x000000073b800000|  0%| F|  |TAMS 0x000000073b600000| PB 0x000000073b600000| Untracked 
| 476|0x000000073b800000, 0x000000073b800000, 0x000000073ba00000|  0%| F|  |TAMS 0x000000073b800000| PB 0x000000073b800000| Untracked 
| 477|0x000000073ba00000, 0x000000073ba00000, 0x000000073bc00000|  0%| F|  |TAMS 0x000000073ba00000| PB 0x000000073ba00000| Untracked 
| 478|0x000000073bc00000, 0x000000073bc00000, 0x000000073be00000|  0%| F|  |TAMS 0x000000073bc00000| PB 0x000000073bc00000| Untracked 
| 479|0x000000073be00000, 0x000000073be00000, 0x000000073c000000|  0%| F|  |TAMS 0x000000073be00000| PB 0x000000073be00000| Untracked 
| 480|0x000000073c000000, 0x000000073c000000, 0x000000073c200000|  0%| F|  |TAMS 0x000000073c000000| PB 0x000000073c000000| Untracked 
| 481|0x000000073c200000, 0x000000073c200000, 0x000000073c400000|  0%| F|  |TAMS 0x000000073c200000| PB 0x000000073c200000| Untracked 
| 482|0x000000073c400000, 0x000000073c400000, 0x000000073c600000|  0%| F|  |TAMS 0x000000073c400000| PB 0x000000073c400000| Untracked 
| 483|0x000000073c600000, 0x000000073c600000, 0x000000073c800000|  0%| F|  |TAMS 0x000000073c600000| PB 0x000000073c600000| Untracked 
| 484|0x000000073c800000, 0x000000073c800000, 0x000000073ca00000|  0%| F|  |TAMS 0x000000073c800000| PB 0x000000073c800000| Untracked 
| 485|0x000000073ca00000, 0x000000073ca00000, 0x000000073cc00000|  0%| F|  |TAMS 0x000000073ca00000| PB 0x000000073ca00000| Untracked 
| 486|0x000000073cc00000, 0x000000073cc00000, 0x000000073ce00000|  0%| F|  |TAMS 0x000000073cc00000| PB 0x000000073cc00000| Untracked 
| 487|0x000000073ce00000, 0x000000073ce00000, 0x000000073d000000|  0%| F|  |TAMS 0x000000073ce00000| PB 0x000000073ce00000| Untracked 
| 488|0x000000073d000000, 0x000000073d000000, 0x000000073d200000|  0%| F|  |TAMS 0x000000073d000000| PB 0x000000073d000000| Untracked 
| 489|0x000000073d200000, 0x000000073d200000, 0x000000073d400000|  0%| F|  |TAMS 0x000000073d200000| PB 0x000000073d200000| Untracked 
| 490|0x000000073d400000, 0x000000073d400000, 0x000000073d600000|  0%| F|  |TAMS 0x000000073d400000| PB 0x000000073d400000| Untracked 
| 491|0x000000073d600000, 0x000000073d600000, 0x000000073d800000|  0%| F|  |TAMS 0x000000073d600000| PB 0x000000073d600000| Untracked 
| 492|0x000000073d800000, 0x000000073d800000, 0x000000073da00000|  0%| F|  |TAMS 0x000000073d800000| PB 0x000000073d800000| Untracked 
| 493|0x000000073da00000, 0x000000073da00000, 0x000000073dc00000|  0%| F|  |TAMS 0x000000073da00000| PB 0x000000073da00000| Untracked 
| 494|0x000000073dc00000, 0x000000073dc00000, 0x000000073de00000|  0%| F|  |TAMS 0x000000073dc00000| PB 0x000000073dc00000| Untracked 
| 495|0x000000073de00000, 0x000000073de00000, 0x000000073e000000|  0%| F|  |TAMS 0x000000073de00000| PB 0x000000073de00000| Untracked 
| 496|0x000000073e000000, 0x000000073e000000, 0x000000073e200000|  0%| F|  |TAMS 0x000000073e000000| PB 0x000000073e000000| Untracked 
| 497|0x000000073e200000, 0x000000073e200000, 0x000000073e400000|  0%| F|  |TAMS 0x000000073e200000| PB 0x000000073e200000| Untracked 
| 498|0x000000073e400000, 0x000000073e400000, 0x000000073e600000|  0%| F|  |TAMS 0x000000073e400000| PB 0x000000073e400000| Untracked 
| 499|0x000000073e600000, 0x000000073e600000, 0x000000073e800000|  0%| F|  |TAMS 0x000000073e600000| PB 0x000000073e600000| Untracked 
| 500|0x000000073e800000, 0x000000073e800000, 0x000000073ea00000|  0%| F|  |TAMS 0x000000073e800000| PB 0x000000073e800000| Untracked 
| 501|0x000000073ea00000, 0x000000073ea00000, 0x000000073ec00000|  0%| F|  |TAMS 0x000000073ea00000| PB 0x000000073ea00000| Untracked 
| 502|0x000000073ec00000, 0x000000073ec00000, 0x000000073ee00000|  0%| F|  |TAMS 0x000000073ec00000| PB 0x000000073ec00000| Untracked 
| 503|0x000000073ee00000, 0x000000073ee00000, 0x000000073f000000|  0%| F|  |TAMS 0x000000073ee00000| PB 0x000000073ee00000| Untracked 
| 504|0x000000073f000000, 0x000000073f000000, 0x000000073f200000|  0%| F|  |TAMS 0x000000073f000000| PB 0x000000073f000000| Untracked 
| 505|0x000000073f200000, 0x000000073f200000, 0x000000073f400000|  0%| F|  |TAMS 0x000000073f200000| PB 0x000000073f200000| Untracked 
| 506|0x000000073f400000, 0x000000073f400000, 0x000000073f600000|  0%| F|  |TAMS 0x000000073f400000| PB 0x000000073f400000| Untracked 
| 507|0x000000073f600000, 0x000000073f600000, 0x000000073f800000|  0%| F|  |TAMS 0x000000073f600000| PB 0x000000073f600000| Untracked 
| 508|0x000000073f800000, 0x000000073f800000, 0x000000073fa00000|  0%| F|  |TAMS 0x000000073f800000| PB 0x000000073f800000| Untracked 
| 509|0x000000073fa00000, 0x000000073fa00000, 0x000000073fc00000|  0%| F|  |TAMS 0x000000073fa00000| PB 0x000000073fa00000| Untracked 
| 510|0x000000073fc00000, 0x000000073fc00000, 0x000000073fe00000|  0%| F|  |TAMS 0x000000073fc00000| PB 0x000000073fc00000| Untracked 
| 511|0x000000073fe00000, 0x000000073fe00000, 0x0000000740000000|  0%| F|  |TAMS 0x000000073fe00000| PB 0x000000073fe00000| Untracked 
| 512|0x0000000740000000, 0x0000000740000000, 0x0000000740200000|  0%| F|  |TAMS 0x0000000740000000| PB 0x0000000740000000| Untracked 
| 513|0x0000000740200000, 0x0000000740200000, 0x0000000740400000|  0%| F|  |TAMS 0x0000000740200000| PB 0x0000000740200000| Untracked 
| 514|0x0000000740400000, 0x0000000740400000, 0x0000000740600000|  0%| F|  |TAMS 0x0000000740400000| PB 0x0000000740400000| Untracked 
| 515|0x0000000740600000, 0x0000000740600000, 0x0000000740800000|  0%| F|  |TAMS 0x0000000740600000| PB 0x0000000740600000| Untracked 
| 516|0x0000000740800000, 0x0000000740800000, 0x0000000740a00000|  0%| F|  |TAMS 0x0000000740800000| PB 0x0000000740800000| Untracked 
| 517|0x0000000740a00000, 0x0000000740a00000, 0x0000000740c00000|  0%| F|  |TAMS 0x0000000740a00000| PB 0x0000000740a00000| Untracked 
| 518|0x0000000740c00000, 0x0000000740c00000, 0x0000000740e00000|  0%| F|  |TAMS 0x0000000740c00000| PB 0x0000000740c00000| Untracked 
| 519|0x0000000740e00000, 0x0000000740e00000, 0x0000000741000000|  0%| F|  |TAMS 0x0000000740e00000| PB 0x0000000740e00000| Untracked 
| 520|0x0000000741000000, 0x0000000741000000, 0x0000000741200000|  0%| F|  |TAMS 0x0000000741000000| PB 0x0000000741000000| Untracked 
| 521|0x0000000741200000, 0x0000000741200000, 0x0000000741400000|  0%| F|  |TAMS 0x0000000741200000| PB 0x0000000741200000| Untracked 
| 522|0x0000000741400000, 0x0000000741400000, 0x0000000741600000|  0%| F|  |TAMS 0x0000000741400000| PB 0x0000000741400000| Untracked 
| 523|0x0000000741600000, 0x0000000741600000, 0x0000000741800000|  0%| F|  |TAMS 0x0000000741600000| PB 0x0000000741600000| Untracked 
| 524|0x0000000741800000, 0x0000000741800000, 0x0000000741a00000|  0%| F|  |TAMS 0x0000000741800000| PB 0x0000000741800000| Untracked 
| 525|0x0000000741a00000, 0x0000000741a00000, 0x0000000741c00000|  0%| F|  |TAMS 0x0000000741a00000| PB 0x0000000741a00000| Untracked 
| 526|0x0000000741c00000, 0x0000000741c00000, 0x0000000741e00000|  0%| F|  |TAMS 0x0000000741c00000| PB 0x0000000741c00000| Untracked 
| 527|0x0000000741e00000, 0x0000000741e00000, 0x0000000742000000|  0%| F|  |TAMS 0x0000000741e00000| PB 0x0000000741e00000| Untracked 
| 528|0x0000000742000000, 0x0000000742000000, 0x0000000742200000|  0%| F|  |TAMS 0x0000000742000000| PB 0x0000000742000000| Untracked 
| 529|0x0000000742200000, 0x0000000742200000, 0x0000000742400000|  0%| F|  |TAMS 0x0000000742200000| PB 0x0000000742200000| Untracked 
| 530|0x0000000742400000, 0x0000000742400000, 0x0000000742600000|  0%| F|  |TAMS 0x0000000742400000| PB 0x0000000742400000| Untracked 
| 531|0x0000000742600000, 0x00000007427f9600, 0x0000000742800000| 98%| S|CS|TAMS 0x0000000742600000| PB 0x0000000742600000| Complete 
| 532|0x0000000742800000, 0x0000000742a00000, 0x0000000742a00000|100%| S|CS|TAMS 0x0000000742800000| PB 0x0000000742800000| Complete 
| 533|0x0000000742a00000, 0x0000000742c00000, 0x0000000742c00000|100%| S|CS|TAMS 0x0000000742a00000| PB 0x0000000742a00000| Complete 
| 534|0x0000000742c00000, 0x0000000742e00000, 0x0000000742e00000|100%| S|CS|TAMS 0x0000000742c00000| PB 0x0000000742c00000| Complete 
| 535|0x0000000742e00000, 0x0000000743000000, 0x0000000743000000|100%| S|CS|TAMS 0x0000000742e00000| PB 0x0000000742e00000| Complete 
| 536|0x0000000743000000, 0x0000000743200000, 0x0000000743200000|100%| S|CS|TAMS 0x0000000743000000| PB 0x0000000743000000| Complete 
| 537|0x0000000743200000, 0x0000000743200000, 0x0000000743400000|  0%| F|  |TAMS 0x0000000743200000| PB 0x0000000743200000| Untracked 
| 538|0x0000000743400000, 0x0000000743400000, 0x0000000743600000|  0%| F|  |TAMS 0x0000000743400000| PB 0x0000000743400000| Untracked 
| 539|0x0000000743600000, 0x0000000743600000, 0x0000000743800000|  0%| F|  |TAMS 0x0000000743600000| PB 0x0000000743600000| Untracked 
| 540|0x0000000743800000, 0x0000000743800000, 0x0000000743a00000|  0%| F|  |TAMS 0x0000000743800000| PB 0x0000000743800000| Untracked 
| 541|0x0000000743a00000, 0x0000000743a00000, 0x0000000743c00000|  0%| F|  |TAMS 0x0000000743a00000| PB 0x0000000743a00000| Untracked 
| 542|0x0000000743c00000, 0x0000000743c00000, 0x0000000743e00000|  0%| F|  |TAMS 0x0000000743c00000| PB 0x0000000743c00000| Untracked 
| 543|0x0000000743e00000, 0x0000000743e00000, 0x0000000744000000|  0%| F|  |TAMS 0x0000000743e00000| PB 0x0000000743e00000| Untracked 
| 544|0x0000000744000000, 0x0000000744000000, 0x0000000744200000|  0%| F|  |TAMS 0x0000000744000000| PB 0x0000000744000000| Untracked 
| 545|0x0000000744200000, 0x0000000744200000, 0x0000000744400000|  0%| F|  |TAMS 0x0000000744200000| PB 0x0000000744200000| Untracked 
| 546|0x0000000744400000, 0x0000000744400000, 0x0000000744600000|  0%| F|  |TAMS 0x0000000744400000| PB 0x0000000744400000| Untracked 
| 547|0x0000000744600000, 0x0000000744600000, 0x0000000744800000|  0%| F|  |TAMS 0x0000000744600000| PB 0x0000000744600000| Untracked 
| 548|0x0000000744800000, 0x0000000744800000, 0x0000000744a00000|  0%| F|  |TAMS 0x0000000744800000| PB 0x0000000744800000| Untracked 
| 549|0x0000000744a00000, 0x0000000744a00000, 0x0000000744c00000|  0%| F|  |TAMS 0x0000000744a00000| PB 0x0000000744a00000| Untracked 
| 550|0x0000000744c00000, 0x0000000744c00000, 0x0000000744e00000|  0%| F|  |TAMS 0x0000000744c00000| PB 0x0000000744c00000| Untracked 
| 551|0x0000000744e00000, 0x0000000744e00000, 0x0000000745000000|  0%| F|  |TAMS 0x0000000744e00000| PB 0x0000000744e00000| Untracked 
| 552|0x0000000745000000, 0x0000000745000000, 0x0000000745200000|  0%| F|  |TAMS 0x0000000745000000| PB 0x0000000745000000| Untracked 
| 553|0x0000000745200000, 0x0000000745200000, 0x0000000745400000|  0%| F|  |TAMS 0x0000000745200000| PB 0x0000000745200000| Untracked 
| 554|0x0000000745400000, 0x0000000745400000, 0x0000000745600000|  0%| F|  |TAMS 0x0000000745400000| PB 0x0000000745400000| Untracked 
| 555|0x0000000745600000, 0x0000000745600000, 0x0000000745800000|  0%| F|  |TAMS 0x0000000745600000| PB 0x0000000745600000| Untracked 
| 556|0x0000000745800000, 0x0000000745800000, 0x0000000745a00000|  0%| F|  |TAMS 0x0000000745800000| PB 0x0000000745800000| Untracked 
| 557|0x0000000745a00000, 0x0000000745a00000, 0x0000000745c00000|  0%| F|  |TAMS 0x0000000745a00000| PB 0x0000000745a00000| Untracked 
| 558|0x0000000745c00000, 0x0000000745c00000, 0x0000000745e00000|  0%| F|  |TAMS 0x0000000745c00000| PB 0x0000000745c00000| Untracked 
| 559|0x0000000745e00000, 0x0000000745e00000, 0x0000000746000000|  0%| F|  |TAMS 0x0000000745e00000| PB 0x0000000745e00000| Untracked 
| 560|0x0000000746000000, 0x0000000746000000, 0x0000000746200000|  0%| F|  |TAMS 0x0000000746000000| PB 0x0000000746000000| Untracked 
| 561|0x0000000746200000, 0x0000000746200000, 0x0000000746400000|  0%| F|  |TAMS 0x0000000746200000| PB 0x0000000746200000| Untracked 
| 562|0x0000000746400000, 0x0000000746400000, 0x0000000746600000|  0%| F|  |TAMS 0x0000000746400000| PB 0x0000000746400000| Untracked 
| 563|0x0000000746600000, 0x0000000746600000, 0x0000000746800000|  0%| F|  |TAMS 0x0000000746600000| PB 0x0000000746600000| Untracked 
| 564|0x0000000746800000, 0x0000000746800000, 0x0000000746a00000|  0%| F|  |TAMS 0x0000000746800000| PB 0x0000000746800000| Untracked 
| 565|0x0000000746a00000, 0x0000000746a00000, 0x0000000746c00000|  0%| F|  |TAMS 0x0000000746a00000| PB 0x0000000746a00000| Untracked 
| 566|0x0000000746c00000, 0x0000000746c00000, 0x0000000746e00000|  0%| F|  |TAMS 0x0000000746c00000| PB 0x0000000746c00000| Untracked 
| 567|0x0000000746e00000, 0x0000000746e00000, 0x0000000747000000|  0%| F|  |TAMS 0x0000000746e00000| PB 0x0000000746e00000| Untracked 
| 568|0x0000000747000000, 0x0000000747000000, 0x0000000747200000|  0%| F|  |TAMS 0x0000000747000000| PB 0x0000000747000000| Untracked 
| 569|0x0000000747200000, 0x0000000747200000, 0x0000000747400000|  0%| F|  |TAMS 0x0000000747200000| PB 0x0000000747200000| Untracked 
| 570|0x0000000747400000, 0x0000000747400000, 0x0000000747600000|  0%| F|  |TAMS 0x0000000747400000| PB 0x0000000747400000| Untracked 
| 571|0x0000000747600000, 0x0000000747600000, 0x0000000747800000|  0%| F|  |TAMS 0x0000000747600000| PB 0x0000000747600000| Untracked 
| 572|0x0000000747800000, 0x0000000747800000, 0x0000000747a00000|  0%| F|  |TAMS 0x0000000747800000| PB 0x0000000747800000| Untracked 
| 573|0x0000000747a00000, 0x0000000747a00000, 0x0000000747c00000|  0%| F|  |TAMS 0x0000000747a00000| PB 0x0000000747a00000| Untracked 
| 574|0x0000000747c00000, 0x0000000747c00000, 0x0000000747e00000|  0%| F|  |TAMS 0x0000000747c00000| PB 0x0000000747c00000| Untracked 
| 575|0x0000000747e00000, 0x0000000747e00000, 0x0000000748000000|  0%| F|  |TAMS 0x0000000747e00000| PB 0x0000000747e00000| Untracked 
| 576|0x0000000748000000, 0x0000000748000000, 0x0000000748200000|  0%| F|  |TAMS 0x0000000748000000| PB 0x0000000748000000| Untracked 
| 577|0x0000000748200000, 0x0000000748200000, 0x0000000748400000|  0%| F|  |TAMS 0x0000000748200000| PB 0x0000000748200000| Untracked 
| 578|0x0000000748400000, 0x0000000748400000, 0x0000000748600000|  0%| F|  |TAMS 0x0000000748400000| PB 0x0000000748400000| Untracked 
| 579|0x0000000748600000, 0x0000000748600000, 0x0000000748800000|  0%| F|  |TAMS 0x0000000748600000| PB 0x0000000748600000| Untracked 
| 580|0x0000000748800000, 0x0000000748800000, 0x0000000748a00000|  0%| F|  |TAMS 0x0000000748800000| PB 0x0000000748800000| Untracked 
| 581|0x0000000748a00000, 0x0000000748a00000, 0x0000000748c00000|  0%| F|  |TAMS 0x0000000748a00000| PB 0x0000000748a00000| Untracked 
| 582|0x0000000748c00000, 0x0000000748c00000, 0x0000000748e00000|  0%| F|  |TAMS 0x0000000748c00000| PB 0x0000000748c00000| Untracked 
| 583|0x0000000748e00000, 0x0000000748e00000, 0x0000000749000000|  0%| F|  |TAMS 0x0000000748e00000| PB 0x0000000748e00000| Untracked 
| 584|0x0000000749000000, 0x0000000749000000, 0x0000000749200000|  0%| F|  |TAMS 0x0000000749000000| PB 0x0000000749000000| Untracked 
| 585|0x0000000749200000, 0x0000000749200000, 0x0000000749400000|  0%| F|  |TAMS 0x0000000749200000| PB 0x0000000749200000| Untracked 
| 586|0x0000000749400000, 0x0000000749400000, 0x0000000749600000|  0%| F|  |TAMS 0x0000000749400000| PB 0x0000000749400000| Untracked 
| 587|0x0000000749600000, 0x0000000749600000, 0x0000000749800000|  0%| F|  |TAMS 0x0000000749600000| PB 0x0000000749600000| Untracked 
| 588|0x0000000749800000, 0x0000000749800000, 0x0000000749a00000|  0%| F|  |TAMS 0x0000000749800000| PB 0x0000000749800000| Untracked 
| 589|0x0000000749a00000, 0x0000000749a00000, 0x0000000749c00000|  0%| F|  |TAMS 0x0000000749a00000| PB 0x0000000749a00000| Untracked 
| 590|0x0000000749c00000, 0x0000000749c00000, 0x0000000749e00000|  0%| F|  |TAMS 0x0000000749c00000| PB 0x0000000749c00000| Untracked 
| 591|0x0000000749e00000, 0x0000000749e00000, 0x000000074a000000|  0%| F|  |TAMS 0x0000000749e00000| PB 0x0000000749e00000| Untracked 
| 592|0x000000074a000000, 0x000000074a000000, 0x000000074a200000|  0%| F|  |TAMS 0x000000074a000000| PB 0x000000074a000000| Untracked 
| 593|0x000000074a200000, 0x000000074a200000, 0x000000074a400000|  0%| F|  |TAMS 0x000000074a200000| PB 0x000000074a200000| Untracked 
| 594|0x000000074a400000, 0x000000074a400000, 0x000000074a600000|  0%| F|  |TAMS 0x000000074a400000| PB 0x000000074a400000| Untracked 
| 595|0x000000074a600000, 0x000000074a600000, 0x000000074a800000|  0%| F|  |TAMS 0x000000074a600000| PB 0x000000074a600000| Untracked 
| 596|0x000000074a800000, 0x000000074a800000, 0x000000074aa00000|  0%| F|  |TAMS 0x000000074a800000| PB 0x000000074a800000| Untracked 
| 597|0x000000074aa00000, 0x000000074aa00000, 0x000000074ac00000|  0%| F|  |TAMS 0x000000074aa00000| PB 0x000000074aa00000| Untracked 
| 598|0x000000074ac00000, 0x000000074ac00000, 0x000000074ae00000|  0%| F|  |TAMS 0x000000074ac00000| PB 0x000000074ac00000| Untracked 
| 599|0x000000074ae00000, 0x000000074ae00000, 0x000000074b000000|  0%| F|  |TAMS 0x000000074ae00000| PB 0x000000074ae00000| Untracked 
| 600|0x000000074b000000, 0x000000074b000000, 0x000000074b200000|  0%| F|  |TAMS 0x000000074b000000| PB 0x000000074b000000| Untracked 
| 601|0x000000074b200000, 0x000000074b200000, 0x000000074b400000|  0%| F|  |TAMS 0x000000074b200000| PB 0x000000074b200000| Untracked 
| 602|0x000000074b400000, 0x000000074b400000, 0x000000074b600000|  0%| F|  |TAMS 0x000000074b400000| PB 0x000000074b400000| Untracked 
| 603|0x000000074b600000, 0x000000074b600000, 0x000000074b800000|  0%| F|  |TAMS 0x000000074b600000| PB 0x000000074b600000| Untracked 
| 604|0x000000074b800000, 0x000000074b800000, 0x000000074ba00000|  0%| F|  |TAMS 0x000000074b800000| PB 0x000000074b800000| Untracked 
| 605|0x000000074ba00000, 0x000000074ba00000, 0x000000074bc00000|  0%| F|  |TAMS 0x000000074ba00000| PB 0x000000074ba00000| Untracked 
| 606|0x000000074bc00000, 0x000000074bc00000, 0x000000074be00000|  0%| F|  |TAMS 0x000000074bc00000| PB 0x000000074bc00000| Untracked 
| 607|0x000000074be00000, 0x000000074be00000, 0x000000074c000000|  0%| F|  |TAMS 0x000000074be00000| PB 0x000000074be00000| Untracked 
| 608|0x000000074c000000, 0x000000074c000000, 0x000000074c200000|  0%| F|  |TAMS 0x000000074c000000| PB 0x000000074c000000| Untracked 
| 609|0x000000074c200000, 0x000000074c200000, 0x000000074c400000|  0%| F|  |TAMS 0x000000074c200000| PB 0x000000074c200000| Untracked 
| 610|0x000000074c400000, 0x000000074c400000, 0x000000074c600000|  0%| F|  |TAMS 0x000000074c400000| PB 0x000000074c400000| Untracked 
| 611|0x000000074c600000, 0x000000074c600000, 0x000000074c800000|  0%| F|  |TAMS 0x000000074c600000| PB 0x000000074c600000| Untracked 
| 612|0x000000074c800000, 0x000000074c800000, 0x000000074ca00000|  0%| F|  |TAMS 0x000000074c800000| PB 0x000000074c800000| Untracked 
| 613|0x000000074ca00000, 0x000000074ca00000, 0x000000074cc00000|  0%| F|  |TAMS 0x000000074ca00000| PB 0x000000074ca00000| Untracked 
| 614|0x000000074cc00000, 0x000000074cc00000, 0x000000074ce00000|  0%| F|  |TAMS 0x000000074cc00000| PB 0x000000074cc00000| Untracked 
| 615|0x000000074ce00000, 0x000000074ce00000, 0x000000074d000000|  0%| F|  |TAMS 0x000000074ce00000| PB 0x000000074ce00000| Untracked 
| 616|0x000000074d000000, 0x000000074d000000, 0x000000074d200000|  0%| F|  |TAMS 0x000000074d000000| PB 0x000000074d000000| Untracked 
| 617|0x000000074d200000, 0x000000074d200000, 0x000000074d400000|  0%| F|  |TAMS 0x000000074d200000| PB 0x000000074d200000| Untracked 
| 618|0x000000074d400000, 0x000000074d400000, 0x000000074d600000|  0%| F|  |TAMS 0x000000074d400000| PB 0x000000074d400000| Untracked 
| 619|0x000000074d600000, 0x000000074d600000, 0x000000074d800000|  0%| F|  |TAMS 0x000000074d600000| PB 0x000000074d600000| Untracked 
| 620|0x000000074d800000, 0x000000074d800000, 0x000000074da00000|  0%| F|  |TAMS 0x000000074d800000| PB 0x000000074d800000| Untracked 
| 621|0x000000074da00000, 0x000000074da00000, 0x000000074dc00000|  0%| F|  |TAMS 0x000000074da00000| PB 0x000000074da00000| Untracked 
| 622|0x000000074dc00000, 0x000000074dc00000, 0x000000074de00000|  0%| F|  |TAMS 0x000000074dc00000| PB 0x000000074dc00000| Untracked 
| 623|0x000000074de00000, 0x000000074de00000, 0x000000074e000000|  0%| F|  |TAMS 0x000000074de00000| PB 0x000000074de00000| Untracked 
| 624|0x000000074e000000, 0x000000074e000000, 0x000000074e200000|  0%| F|  |TAMS 0x000000074e000000| PB 0x000000074e000000| Untracked 
| 625|0x000000074e200000, 0x000000074e200000, 0x000000074e400000|  0%| F|  |TAMS 0x000000074e200000| PB 0x000000074e200000| Untracked 
| 626|0x000000074e400000, 0x000000074e400000, 0x000000074e600000|  0%| F|  |TAMS 0x000000074e400000| PB 0x000000074e400000| Untracked 
| 627|0x000000074e600000, 0x000000074e600000, 0x000000074e800000|  0%| F|  |TAMS 0x000000074e600000| PB 0x000000074e600000| Untracked 
| 628|0x000000074e800000, 0x000000074e800000, 0x000000074ea00000|  0%| F|  |TAMS 0x000000074e800000| PB 0x000000074e800000| Untracked 
| 629|0x000000074ea00000, 0x000000074ea00000, 0x000000074ec00000|  0%| F|  |TAMS 0x000000074ea00000| PB 0x000000074ea00000| Untracked 
| 630|0x000000074ec00000, 0x000000074ec00000, 0x000000074ee00000|  0%| F|  |TAMS 0x000000074ec00000| PB 0x000000074ec00000| Untracked 
| 631|0x000000074ee00000, 0x000000074ee00000, 0x000000074f000000|  0%| F|  |TAMS 0x000000074ee00000| PB 0x000000074ee00000| Untracked 
| 632|0x000000074f000000, 0x000000074f000000, 0x000000074f200000|  0%| F|  |TAMS 0x000000074f000000| PB 0x000000074f000000| Untracked 
| 633|0x000000074f200000, 0x000000074f200000, 0x000000074f400000|  0%| F|  |TAMS 0x000000074f200000| PB 0x000000074f200000| Untracked 
| 634|0x000000074f400000, 0x000000074f400000, 0x000000074f600000|  0%| F|  |TAMS 0x000000074f400000| PB 0x000000074f400000| Untracked 
| 635|0x000000074f600000, 0x000000074f600000, 0x000000074f800000|  0%| F|  |TAMS 0x000000074f600000| PB 0x000000074f600000| Untracked 
| 636|0x000000074f800000, 0x000000074f800000, 0x000000074fa00000|  0%| F|  |TAMS 0x000000074f800000| PB 0x000000074f800000| Untracked 
| 637|0x000000074fa00000, 0x000000074fa00000, 0x000000074fc00000|  0%| F|  |TAMS 0x000000074fa00000| PB 0x000000074fa00000| Untracked 
| 638|0x000000074fc00000, 0x000000074fc00000, 0x000000074fe00000|  0%| F|  |TAMS 0x000000074fc00000| PB 0x000000074fc00000| Untracked 
| 639|0x000000074fe00000, 0x000000074fe00000, 0x0000000750000000|  0%| F|  |TAMS 0x000000074fe00000| PB 0x000000074fe00000| Untracked 
| 640|0x0000000750000000, 0x0000000750000000, 0x0000000750200000|  0%| F|  |TAMS 0x0000000750000000| PB 0x0000000750000000| Untracked 
| 641|0x0000000750200000, 0x0000000750200000, 0x0000000750400000|  0%| F|  |TAMS 0x0000000750200000| PB 0x0000000750200000| Untracked 
| 642|0x0000000750400000, 0x0000000750400000, 0x0000000750600000|  0%| F|  |TAMS 0x0000000750400000| PB 0x0000000750400000| Untracked 
| 643|0x0000000750600000, 0x0000000750600000, 0x0000000750800000|  0%| F|  |TAMS 0x0000000750600000| PB 0x0000000750600000| Untracked 
| 644|0x0000000750800000, 0x0000000750800000, 0x0000000750a00000|  0%| F|  |TAMS 0x0000000750800000| PB 0x0000000750800000| Untracked 
| 645|0x0000000750a00000, 0x0000000750a00000, 0x0000000750c00000|  0%| F|  |TAMS 0x0000000750a00000| PB 0x0000000750a00000| Untracked 
| 646|0x0000000750c00000, 0x0000000750c00000, 0x0000000750e00000|  0%| F|  |TAMS 0x0000000750c00000| PB 0x0000000750c00000| Untracked 
| 647|0x0000000750e00000, 0x0000000750e00000, 0x0000000751000000|  0%| F|  |TAMS 0x0000000750e00000| PB 0x0000000750e00000| Untracked 
| 648|0x0000000751000000, 0x0000000751000000, 0x0000000751200000|  0%| F|  |TAMS 0x0000000751000000| PB 0x0000000751000000| Untracked 
| 649|0x0000000751200000, 0x0000000751200000, 0x0000000751400000|  0%| F|  |TAMS 0x0000000751200000| PB 0x0000000751200000| Untracked 
| 650|0x0000000751400000, 0x0000000751400000, 0x0000000751600000|  0%| F|  |TAMS 0x0000000751400000| PB 0x0000000751400000| Untracked 
| 651|0x0000000751600000, 0x0000000751600000, 0x0000000751800000|  0%| F|  |TAMS 0x0000000751600000| PB 0x0000000751600000| Untracked 
| 652|0x0000000751800000, 0x0000000751800000, 0x0000000751a00000|  0%| F|  |TAMS 0x0000000751800000| PB 0x0000000751800000| Untracked 
| 653|0x0000000751a00000, 0x0000000751a00000, 0x0000000751c00000|  0%| F|  |TAMS 0x0000000751a00000| PB 0x0000000751a00000| Untracked 
| 654|0x0000000751c00000, 0x0000000751c00000, 0x0000000751e00000|  0%| F|  |TAMS 0x0000000751c00000| PB 0x0000000751c00000| Untracked 
| 655|0x0000000751e00000, 0x0000000751e00000, 0x0000000752000000|  0%| F|  |TAMS 0x0000000751e00000| PB 0x0000000751e00000| Untracked 
| 656|0x0000000752000000, 0x0000000752000000, 0x0000000752200000|  0%| F|  |TAMS 0x0000000752000000| PB 0x0000000752000000| Untracked 
| 657|0x0000000752200000, 0x0000000752200000, 0x0000000752400000|  0%| F|  |TAMS 0x0000000752200000| PB 0x0000000752200000| Untracked 
| 658|0x0000000752400000, 0x0000000752400000, 0x0000000752600000|  0%| F|  |TAMS 0x0000000752400000| PB 0x0000000752400000| Untracked 
| 659|0x0000000752600000, 0x0000000752600000, 0x0000000752800000|  0%| F|  |TAMS 0x0000000752600000| PB 0x0000000752600000| Untracked 
| 660|0x0000000752800000, 0x0000000752800000, 0x0000000752a00000|  0%| F|  |TAMS 0x0000000752800000| PB 0x0000000752800000| Untracked 
| 661|0x0000000752a00000, 0x0000000752a00000, 0x0000000752c00000|  0%| F|  |TAMS 0x0000000752a00000| PB 0x0000000752a00000| Untracked 
| 662|0x0000000752c00000, 0x0000000752c00000, 0x0000000752e00000|  0%| F|  |TAMS 0x0000000752c00000| PB 0x0000000752c00000| Untracked 
| 663|0x0000000752e00000, 0x0000000752e00000, 0x0000000753000000|  0%| F|  |TAMS 0x0000000752e00000| PB 0x0000000752e00000| Untracked 
| 664|0x0000000753000000, 0x0000000753000000, 0x0000000753200000|  0%| F|  |TAMS 0x0000000753000000| PB 0x0000000753000000| Untracked 
| 665|0x0000000753200000, 0x0000000753200000, 0x0000000753400000|  0%| F|  |TAMS 0x0000000753200000| PB 0x0000000753200000| Untracked 
| 666|0x0000000753400000, 0x0000000753400000, 0x0000000753600000|  0%| F|  |TAMS 0x0000000753400000| PB 0x0000000753400000| Untracked 
| 667|0x0000000753600000, 0x0000000753600000, 0x0000000753800000|  0%| F|  |TAMS 0x0000000753600000| PB 0x0000000753600000| Untracked 
| 668|0x0000000753800000, 0x0000000753800000, 0x0000000753a00000|  0%| F|  |TAMS 0x0000000753800000| PB 0x0000000753800000| Untracked 
| 669|0x0000000753a00000, 0x0000000753a00000, 0x0000000753c00000|  0%| F|  |TAMS 0x0000000753a00000| PB 0x0000000753a00000| Untracked 
| 670|0x0000000753c00000, 0x0000000753c00000, 0x0000000753e00000|  0%| F|  |TAMS 0x0000000753c00000| PB 0x0000000753c00000| Untracked 
| 671|0x0000000753e00000, 0x0000000753e00000, 0x0000000754000000|  0%| F|  |TAMS 0x0000000753e00000| PB 0x0000000753e00000| Untracked 
| 672|0x0000000754000000, 0x0000000754000000, 0x0000000754200000|  0%| F|  |TAMS 0x0000000754000000| PB 0x0000000754000000| Untracked 
| 673|0x0000000754200000, 0x0000000754200000, 0x0000000754400000|  0%| F|  |TAMS 0x0000000754200000| PB 0x0000000754200000| Untracked 
| 674|0x0000000754400000, 0x0000000754400000, 0x0000000754600000|  0%| F|  |TAMS 0x0000000754400000| PB 0x0000000754400000| Untracked 
| 675|0x0000000754600000, 0x0000000754600000, 0x0000000754800000|  0%| F|  |TAMS 0x0000000754600000| PB 0x0000000754600000| Untracked 
| 676|0x0000000754800000, 0x0000000754800000, 0x0000000754a00000|  0%| F|  |TAMS 0x0000000754800000| PB 0x0000000754800000| Untracked 
| 677|0x0000000754a00000, 0x0000000754a00000, 0x0000000754c00000|  0%| F|  |TAMS 0x0000000754a00000| PB 0x0000000754a00000| Untracked 
| 678|0x0000000754c00000, 0x0000000754c00000, 0x0000000754e00000|  0%| F|  |TAMS 0x0000000754c00000| PB 0x0000000754c00000| Untracked 
| 679|0x0000000754e00000, 0x0000000754e00000, 0x0000000755000000|  0%| F|  |TAMS 0x0000000754e00000| PB 0x0000000754e00000| Untracked 
| 680|0x0000000755000000, 0x0000000755000000, 0x0000000755200000|  0%| F|  |TAMS 0x0000000755000000| PB 0x0000000755000000| Untracked 
| 681|0x0000000755200000, 0x0000000755200000, 0x0000000755400000|  0%| F|  |TAMS 0x0000000755200000| PB 0x0000000755200000| Untracked 
| 682|0x0000000755400000, 0x0000000755400000, 0x0000000755600000|  0%| F|  |TAMS 0x0000000755400000| PB 0x0000000755400000| Untracked 
| 683|0x0000000755600000, 0x0000000755600000, 0x0000000755800000|  0%| F|  |TAMS 0x0000000755600000| PB 0x0000000755600000| Untracked 
| 684|0x0000000755800000, 0x0000000755800000, 0x0000000755a00000|  0%| F|  |TAMS 0x0000000755800000| PB 0x0000000755800000| Untracked 
| 685|0x0000000755a00000, 0x0000000755a00000, 0x0000000755c00000|  0%| F|  |TAMS 0x0000000755a00000| PB 0x0000000755a00000| Untracked 
| 686|0x0000000755c00000, 0x0000000755c00000, 0x0000000755e00000|  0%| F|  |TAMS 0x0000000755c00000| PB 0x0000000755c00000| Untracked 
| 687|0x0000000755e00000, 0x0000000755e00000, 0x0000000756000000|  0%| F|  |TAMS 0x0000000755e00000| PB 0x0000000755e00000| Untracked 
| 688|0x0000000756000000, 0x0000000756000000, 0x0000000756200000|  0%| F|  |TAMS 0x0000000756000000| PB 0x0000000756000000| Untracked 
| 689|0x0000000756200000, 0x0000000756200000, 0x0000000756400000|  0%| F|  |TAMS 0x0000000756200000| PB 0x0000000756200000| Untracked 
| 690|0x0000000756400000, 0x0000000756400000, 0x0000000756600000|  0%| F|  |TAMS 0x0000000756400000| PB 0x0000000756400000| Untracked 
| 691|0x0000000756600000, 0x0000000756600000, 0x0000000756800000|  0%| F|  |TAMS 0x0000000756600000| PB 0x0000000756600000| Untracked 
| 692|0x0000000756800000, 0x0000000756800000, 0x0000000756a00000|  0%| F|  |TAMS 0x0000000756800000| PB 0x0000000756800000| Untracked 
| 693|0x0000000756a00000, 0x0000000756a00000, 0x0000000756c00000|  0%| F|  |TAMS 0x0000000756a00000| PB 0x0000000756a00000| Untracked 
| 694|0x0000000756c00000, 0x0000000756c00000, 0x0000000756e00000|  0%| F|  |TAMS 0x0000000756c00000| PB 0x0000000756c00000| Untracked 
| 695|0x0000000756e00000, 0x0000000756e00000, 0x0000000757000000|  0%| F|  |TAMS 0x0000000756e00000| PB 0x0000000756e00000| Untracked 
| 696|0x0000000757000000, 0x0000000757000000, 0x0000000757200000|  0%| F|  |TAMS 0x0000000757000000| PB 0x0000000757000000| Untracked 
| 697|0x0000000757200000, 0x0000000757200000, 0x0000000757400000|  0%| F|  |TAMS 0x0000000757200000| PB 0x0000000757200000| Untracked 
| 698|0x0000000757400000, 0x0000000757400000, 0x0000000757600000|  0%| F|  |TAMS 0x0000000757400000| PB 0x0000000757400000| Untracked 
| 699|0x0000000757600000, 0x0000000757600000, 0x0000000757800000|  0%| F|  |TAMS 0x0000000757600000| PB 0x0000000757600000| Untracked 
| 700|0x0000000757800000, 0x0000000757800000, 0x0000000757a00000|  0%| F|  |TAMS 0x0000000757800000| PB 0x0000000757800000| Untracked 
| 701|0x0000000757a00000, 0x0000000757a00000, 0x0000000757c00000|  0%| F|  |TAMS 0x0000000757a00000| PB 0x0000000757a00000| Untracked 
| 702|0x0000000757c00000, 0x0000000757c00000, 0x0000000757e00000|  0%| F|  |TAMS 0x0000000757c00000| PB 0x0000000757c00000| Untracked 
| 703|0x0000000757e00000, 0x0000000757e00000, 0x0000000758000000|  0%| F|  |TAMS 0x0000000757e00000| PB 0x0000000757e00000| Untracked 
| 704|0x0000000758000000, 0x0000000758000000, 0x0000000758200000|  0%| F|  |TAMS 0x0000000758000000| PB 0x0000000758000000| Untracked 
| 705|0x0000000758200000, 0x0000000758200000, 0x0000000758400000|  0%| F|  |TAMS 0x0000000758200000| PB 0x0000000758200000| Untracked 
| 706|0x0000000758400000, 0x0000000758400000, 0x0000000758600000|  0%| F|  |TAMS 0x0000000758400000| PB 0x0000000758400000| Untracked 
| 707|0x0000000758600000, 0x0000000758600000, 0x0000000758800000|  0%| F|  |TAMS 0x0000000758600000| PB 0x0000000758600000| Untracked 
| 708|0x0000000758800000, 0x0000000758800000, 0x0000000758a00000|  0%| F|  |TAMS 0x0000000758800000| PB 0x0000000758800000| Untracked 
| 709|0x0000000758a00000, 0x0000000758a00000, 0x0000000758c00000|  0%| F|  |TAMS 0x0000000758a00000| PB 0x0000000758a00000| Untracked 
| 710|0x0000000758c00000, 0x0000000758c00000, 0x0000000758e00000|  0%| F|  |TAMS 0x0000000758c00000| PB 0x0000000758c00000| Untracked 
| 711|0x0000000758e00000, 0x0000000758e00000, 0x0000000759000000|  0%| F|  |TAMS 0x0000000758e00000| PB 0x0000000758e00000| Untracked 
| 712|0x0000000759000000, 0x0000000759000000, 0x0000000759200000|  0%| F|  |TAMS 0x0000000759000000| PB 0x0000000759000000| Untracked 
| 713|0x0000000759200000, 0x0000000759200000, 0x0000000759400000|  0%| F|  |TAMS 0x0000000759200000| PB 0x0000000759200000| Untracked 
| 714|0x0000000759400000, 0x0000000759400000, 0x0000000759600000|  0%| F|  |TAMS 0x0000000759400000| PB 0x0000000759400000| Untracked 
| 715|0x0000000759600000, 0x0000000759600000, 0x0000000759800000|  0%| F|  |TAMS 0x0000000759600000| PB 0x0000000759600000| Untracked 
| 716|0x0000000759800000, 0x0000000759800000, 0x0000000759a00000|  0%| F|  |TAMS 0x0000000759800000| PB 0x0000000759800000| Untracked 
| 717|0x0000000759a00000, 0x0000000759a00000, 0x0000000759c00000|  0%| F|  |TAMS 0x0000000759a00000| PB 0x0000000759a00000| Untracked 
| 718|0x0000000759c00000, 0x0000000759c00000, 0x0000000759e00000|  0%| F|  |TAMS 0x0000000759c00000| PB 0x0000000759c00000| Untracked 
| 719|0x0000000759e00000, 0x0000000759e00000, 0x000000075a000000|  0%| F|  |TAMS 0x0000000759e00000| PB 0x0000000759e00000| Untracked 
| 720|0x000000075a000000, 0x000000075a000000, 0x000000075a200000|  0%| F|  |TAMS 0x000000075a000000| PB 0x000000075a000000| Untracked 
| 721|0x000000075a200000, 0x000000075a200000, 0x000000075a400000|  0%| F|  |TAMS 0x000000075a200000| PB 0x000000075a200000| Untracked 
| 722|0x000000075a400000, 0x000000075a400000, 0x000000075a600000|  0%| F|  |TAMS 0x000000075a400000| PB 0x000000075a400000| Untracked 
| 723|0x000000075a600000, 0x000000075a600000, 0x000000075a800000|  0%| F|  |TAMS 0x000000075a600000| PB 0x000000075a600000| Untracked 
| 724|0x000000075a800000, 0x000000075a800000, 0x000000075aa00000|  0%| F|  |TAMS 0x000000075a800000| PB 0x000000075a800000| Untracked 
| 725|0x000000075aa00000, 0x000000075aa00000, 0x000000075ac00000|  0%| F|  |TAMS 0x000000075aa00000| PB 0x000000075aa00000| Untracked 
| 726|0x000000075ac00000, 0x000000075ac00000, 0x000000075ae00000|  0%| F|  |TAMS 0x000000075ac00000| PB 0x000000075ac00000| Untracked 
| 727|0x000000075ae00000, 0x000000075ae00000, 0x000000075b000000|  0%| F|  |TAMS 0x000000075ae00000| PB 0x000000075ae00000| Untracked 
| 728|0x000000075b000000, 0x000000075b000000, 0x000000075b200000|  0%| F|  |TAMS 0x000000075b000000| PB 0x000000075b000000| Untracked 
| 729|0x000000075b200000, 0x000000075b200000, 0x000000075b400000|  0%| F|  |TAMS 0x000000075b200000| PB 0x000000075b200000| Untracked 
| 730|0x000000075b400000, 0x000000075b400000, 0x000000075b600000|  0%| F|  |TAMS 0x000000075b400000| PB 0x000000075b400000| Untracked 
| 731|0x000000075b600000, 0x000000075b600000, 0x000000075b800000|  0%| F|  |TAMS 0x000000075b600000| PB 0x000000075b600000| Untracked 
| 732|0x000000075b800000, 0x000000075b800000, 0x000000075ba00000|  0%| F|  |TAMS 0x000000075b800000| PB 0x000000075b800000| Untracked 
| 733|0x000000075ba00000, 0x000000075ba00000, 0x000000075bc00000|  0%| F|  |TAMS 0x000000075ba00000| PB 0x000000075ba00000| Untracked 
| 734|0x000000075bc00000, 0x000000075bc00000, 0x000000075be00000|  0%| F|  |TAMS 0x000000075bc00000| PB 0x000000075bc00000| Untracked 
| 735|0x000000075be00000, 0x000000075be00000, 0x000000075c000000|  0%| F|  |TAMS 0x000000075be00000| PB 0x000000075be00000| Untracked 
| 736|0x000000075c000000, 0x000000075c000000, 0x000000075c200000|  0%| F|  |TAMS 0x000000075c000000| PB 0x000000075c000000| Untracked 
| 737|0x000000075c200000, 0x000000075c200000, 0x000000075c400000|  0%| F|  |TAMS 0x000000075c200000| PB 0x000000075c200000| Untracked 
| 738|0x000000075c400000, 0x000000075c400000, 0x000000075c600000|  0%| F|  |TAMS 0x000000075c400000| PB 0x000000075c400000| Untracked 
| 739|0x000000075c600000, 0x000000075c600000, 0x000000075c800000|  0%| F|  |TAMS 0x000000075c600000| PB 0x000000075c600000| Untracked 
| 740|0x000000075c800000, 0x000000075c800000, 0x000000075ca00000|  0%| F|  |TAMS 0x000000075c800000| PB 0x000000075c800000| Untracked 
| 741|0x000000075ca00000, 0x000000075ca00000, 0x000000075cc00000|  0%| F|  |TAMS 0x000000075ca00000| PB 0x000000075ca00000| Untracked 
| 742|0x000000075cc00000, 0x000000075cc00000, 0x000000075ce00000|  0%| F|  |TAMS 0x000000075cc00000| PB 0x000000075cc00000| Untracked 
| 743|0x000000075ce00000, 0x000000075ce00000, 0x000000075d000000|  0%| F|  |TAMS 0x000000075ce00000| PB 0x000000075ce00000| Untracked 
| 744|0x000000075d000000, 0x000000075d000000, 0x000000075d200000|  0%| F|  |TAMS 0x000000075d000000| PB 0x000000075d000000| Untracked 
| 745|0x000000075d200000, 0x000000075d200000, 0x000000075d400000|  0%| F|  |TAMS 0x000000075d200000| PB 0x000000075d200000| Untracked 
| 746|0x000000075d400000, 0x000000075d400000, 0x000000075d600000|  0%| F|  |TAMS 0x000000075d400000| PB 0x000000075d400000| Untracked 
| 747|0x000000075d600000, 0x000000075d600000, 0x000000075d800000|  0%| F|  |TAMS 0x000000075d600000| PB 0x000000075d600000| Untracked 
| 748|0x000000075d800000, 0x000000075d800000, 0x000000075da00000|  0%| F|  |TAMS 0x000000075d800000| PB 0x000000075d800000| Untracked 
| 749|0x000000075da00000, 0x000000075da00000, 0x000000075dc00000|  0%| F|  |TAMS 0x000000075da00000| PB 0x000000075da00000| Untracked 
| 750|0x000000075dc00000, 0x000000075dc00000, 0x000000075de00000|  0%| F|  |TAMS 0x000000075dc00000| PB 0x000000075dc00000| Untracked 
| 751|0x000000075de00000, 0x000000075de00000, 0x000000075e000000|  0%| F|  |TAMS 0x000000075de00000| PB 0x000000075de00000| Untracked 
| 752|0x000000075e000000, 0x000000075e000000, 0x000000075e200000|  0%| F|  |TAMS 0x000000075e000000| PB 0x000000075e000000| Untracked 
| 753|0x000000075e200000, 0x000000075e200000, 0x000000075e400000|  0%| F|  |TAMS 0x000000075e200000| PB 0x000000075e200000| Untracked 
| 754|0x000000075e400000, 0x000000075e400000, 0x000000075e600000|  0%| F|  |TAMS 0x000000075e400000| PB 0x000000075e400000| Untracked 
| 755|0x000000075e600000, 0x000000075e600000, 0x000000075e800000|  0%| F|  |TAMS 0x000000075e600000| PB 0x000000075e600000| Untracked 
| 756|0x000000075e800000, 0x000000075e800000, 0x000000075ea00000|  0%| F|  |TAMS 0x000000075e800000| PB 0x000000075e800000| Untracked 
| 757|0x000000075ea00000, 0x000000075ea00000, 0x000000075ec00000|  0%| F|  |TAMS 0x000000075ea00000| PB 0x000000075ea00000| Untracked 
| 758|0x000000075ec00000, 0x000000075ec00000, 0x000000075ee00000|  0%| F|  |TAMS 0x000000075ec00000| PB 0x000000075ec00000| Untracked 
| 759|0x000000075ee00000, 0x000000075ee00000, 0x000000075f000000|  0%| F|  |TAMS 0x000000075ee00000| PB 0x000000075ee00000| Untracked 
| 760|0x000000075f000000, 0x000000075f000000, 0x000000075f200000|  0%| F|  |TAMS 0x000000075f000000| PB 0x000000075f000000| Untracked 
| 761|0x000000075f200000, 0x000000075f200000, 0x000000075f400000|  0%| F|  |TAMS 0x000000075f200000| PB 0x000000075f200000| Untracked 
| 762|0x000000075f400000, 0x000000075f400000, 0x000000075f600000|  0%| F|  |TAMS 0x000000075f400000| PB 0x000000075f400000| Untracked 
| 763|0x000000075f600000, 0x000000075f600000, 0x000000075f800000|  0%| F|  |TAMS 0x000000075f600000| PB 0x000000075f600000| Untracked 
| 764|0x000000075f800000, 0x000000075f800000, 0x000000075fa00000|  0%| F|  |TAMS 0x000000075f800000| PB 0x000000075f800000| Untracked 
| 765|0x000000075fa00000, 0x000000075fa00000, 0x000000075fc00000|  0%| F|  |TAMS 0x000000075fa00000| PB 0x000000075fa00000| Untracked 
| 766|0x000000075fc00000, 0x000000075fc00000, 0x000000075fe00000|  0%| F|  |TAMS 0x000000075fc00000| PB 0x000000075fc00000| Untracked 
| 767|0x000000075fe00000, 0x000000075fe00000, 0x0000000760000000|  0%| F|  |TAMS 0x000000075fe00000| PB 0x000000075fe00000| Untracked 
| 768|0x0000000760000000, 0x0000000760000000, 0x0000000760200000|  0%| F|  |TAMS 0x0000000760000000| PB 0x0000000760000000| Untracked 
| 769|0x0000000760200000, 0x0000000760200000, 0x0000000760400000|  0%| F|  |TAMS 0x0000000760200000| PB 0x0000000760200000| Untracked 
| 770|0x0000000760400000, 0x0000000760400000, 0x0000000760600000|  0%| F|  |TAMS 0x0000000760400000| PB 0x0000000760400000| Untracked 
| 771|0x0000000760600000, 0x0000000760600000, 0x0000000760800000|  0%| F|  |TAMS 0x0000000760600000| PB 0x0000000760600000| Untracked 
| 772|0x0000000760800000, 0x0000000760800000, 0x0000000760a00000|  0%| F|  |TAMS 0x0000000760800000| PB 0x0000000760800000| Untracked 
| 773|0x0000000760a00000, 0x0000000760a00000, 0x0000000760c00000|  0%| F|  |TAMS 0x0000000760a00000| PB 0x0000000760a00000| Untracked 
| 774|0x0000000760c00000, 0x0000000760c00000, 0x0000000760e00000|  0%| F|  |TAMS 0x0000000760c00000| PB 0x0000000760c00000| Untracked 
| 775|0x0000000760e00000, 0x0000000760e00000, 0x0000000761000000|  0%| F|  |TAMS 0x0000000760e00000| PB 0x0000000760e00000| Untracked 
| 776|0x0000000761000000, 0x0000000761000000, 0x0000000761200000|  0%| F|  |TAMS 0x0000000761000000| PB 0x0000000761000000| Untracked 
| 777|0x0000000761200000, 0x0000000761200000, 0x0000000761400000|  0%| F|  |TAMS 0x0000000761200000| PB 0x0000000761200000| Untracked 
| 778|0x0000000761400000, 0x0000000761400000, 0x0000000761600000|  0%| F|  |TAMS 0x0000000761400000| PB 0x0000000761400000| Untracked 
| 779|0x0000000761600000, 0x0000000761600000, 0x0000000761800000|  0%| F|  |TAMS 0x0000000761600000| PB 0x0000000761600000| Untracked 
| 780|0x0000000761800000, 0x0000000761800000, 0x0000000761a00000|  0%| F|  |TAMS 0x0000000761800000| PB 0x0000000761800000| Untracked 
| 781|0x0000000761a00000, 0x0000000761a00000, 0x0000000761c00000|  0%| F|  |TAMS 0x0000000761a00000| PB 0x0000000761a00000| Untracked 
| 782|0x0000000761c00000, 0x0000000761c00000, 0x0000000761e00000|  0%| F|  |TAMS 0x0000000761c00000| PB 0x0000000761c00000| Untracked 
| 783|0x0000000761e00000, 0x0000000761e00000, 0x0000000762000000|  0%| F|  |TAMS 0x0000000761e00000| PB 0x0000000761e00000| Untracked 
| 784|0x0000000762000000, 0x0000000762000000, 0x0000000762200000|  0%| F|  |TAMS 0x0000000762000000| PB 0x0000000762000000| Untracked 
| 785|0x0000000762200000, 0x0000000762200000, 0x0000000762400000|  0%| F|  |TAMS 0x0000000762200000| PB 0x0000000762200000| Untracked 
| 786|0x0000000762400000, 0x0000000762400000, 0x0000000762600000|  0%| F|  |TAMS 0x0000000762400000| PB 0x0000000762400000| Untracked 
| 787|0x0000000762600000, 0x0000000762600000, 0x0000000762800000|  0%| F|  |TAMS 0x0000000762600000| PB 0x0000000762600000| Untracked 
| 788|0x0000000762800000, 0x0000000762800000, 0x0000000762a00000|  0%| F|  |TAMS 0x0000000762800000| PB 0x0000000762800000| Untracked 
| 789|0x0000000762a00000, 0x0000000762a00000, 0x0000000762c00000|  0%| F|  |TAMS 0x0000000762a00000| PB 0x0000000762a00000| Untracked 
| 790|0x0000000762c00000, 0x0000000762c00000, 0x0000000762e00000|  0%| F|  |TAMS 0x0000000762c00000| PB 0x0000000762c00000| Untracked 
| 791|0x0000000762e00000, 0x0000000762e00000, 0x0000000763000000|  0%| F|  |TAMS 0x0000000762e00000| PB 0x0000000762e00000| Untracked 
| 792|0x0000000763000000, 0x0000000763000000, 0x0000000763200000|  0%| F|  |TAMS 0x0000000763000000| PB 0x0000000763000000| Untracked 
| 793|0x0000000763200000, 0x0000000763200000, 0x0000000763400000|  0%| F|  |TAMS 0x0000000763200000| PB 0x0000000763200000| Untracked 
| 794|0x0000000763400000, 0x0000000763400000, 0x0000000763600000|  0%| F|  |TAMS 0x0000000763400000| PB 0x0000000763400000| Untracked 
| 795|0x0000000763600000, 0x0000000763600000, 0x0000000763800000|  0%| F|  |TAMS 0x0000000763600000| PB 0x0000000763600000| Untracked 
| 796|0x0000000763800000, 0x0000000763800000, 0x0000000763a00000|  0%| F|  |TAMS 0x0000000763800000| PB 0x0000000763800000| Untracked 
| 797|0x0000000763a00000, 0x0000000763a00000, 0x0000000763c00000|  0%| F|  |TAMS 0x0000000763a00000| PB 0x0000000763a00000| Untracked 
| 798|0x0000000763c00000, 0x0000000763c00000, 0x0000000763e00000|  0%| F|  |TAMS 0x0000000763c00000| PB 0x0000000763c00000| Untracked 
| 799|0x0000000763e00000, 0x0000000763e00000, 0x0000000764000000|  0%| F|  |TAMS 0x0000000763e00000| PB 0x0000000763e00000| Untracked 
| 800|0x0000000764000000, 0x0000000764000000, 0x0000000764200000|  0%| F|  |TAMS 0x0000000764000000| PB 0x0000000764000000| Untracked 
| 801|0x0000000764200000, 0x0000000764200000, 0x0000000764400000|  0%| F|  |TAMS 0x0000000764200000| PB 0x0000000764200000| Untracked 
| 802|0x0000000764400000, 0x0000000764400000, 0x0000000764600000|  0%| F|  |TAMS 0x0000000764400000| PB 0x0000000764400000| Untracked 
| 803|0x0000000764600000, 0x0000000764600000, 0x0000000764800000|  0%| F|  |TAMS 0x0000000764600000| PB 0x0000000764600000| Untracked 
| 804|0x0000000764800000, 0x0000000764800000, 0x0000000764a00000|  0%| F|  |TAMS 0x0000000764800000| PB 0x0000000764800000| Untracked 
| 805|0x0000000764a00000, 0x0000000764a00000, 0x0000000764c00000|  0%| F|  |TAMS 0x0000000764a00000| PB 0x0000000764a00000| Untracked 
| 806|0x0000000764c00000, 0x0000000764c00000, 0x0000000764e00000|  0%| F|  |TAMS 0x0000000764c00000| PB 0x0000000764c00000| Untracked 
| 807|0x0000000764e00000, 0x0000000764e00000, 0x0000000765000000|  0%| F|  |TAMS 0x0000000764e00000| PB 0x0000000764e00000| Untracked 
| 808|0x0000000765000000, 0x0000000765000000, 0x0000000765200000|  0%| F|  |TAMS 0x0000000765000000| PB 0x0000000765000000| Untracked 
| 809|0x0000000765200000, 0x0000000765200000, 0x0000000765400000|  0%| F|  |TAMS 0x0000000765200000| PB 0x0000000765200000| Untracked 
| 810|0x0000000765400000, 0x0000000765400000, 0x0000000765600000|  0%| F|  |TAMS 0x0000000765400000| PB 0x0000000765400000| Untracked 
| 811|0x0000000765600000, 0x0000000765600000, 0x0000000765800000|  0%| F|  |TAMS 0x0000000765600000| PB 0x0000000765600000| Untracked 
| 812|0x0000000765800000, 0x0000000765800000, 0x0000000765a00000|  0%| F|  |TAMS 0x0000000765800000| PB 0x0000000765800000| Untracked 
| 813|0x0000000765a00000, 0x0000000765a00000, 0x0000000765c00000|  0%| F|  |TAMS 0x0000000765a00000| PB 0x0000000765a00000| Untracked 
| 814|0x0000000765c00000, 0x0000000765c00000, 0x0000000765e00000|  0%| F|  |TAMS 0x0000000765c00000| PB 0x0000000765c00000| Untracked 
| 815|0x0000000765e00000, 0x0000000765e00000, 0x0000000766000000|  0%| F|  |TAMS 0x0000000765e00000| PB 0x0000000765e00000| Untracked 
| 816|0x0000000766000000, 0x0000000766000000, 0x0000000766200000|  0%| F|  |TAMS 0x0000000766000000| PB 0x0000000766000000| Untracked 
| 817|0x0000000766200000, 0x0000000766200000, 0x0000000766400000|  0%| F|  |TAMS 0x0000000766200000| PB 0x0000000766200000| Untracked 
| 818|0x0000000766400000, 0x0000000766400000, 0x0000000766600000|  0%| F|  |TAMS 0x0000000766400000| PB 0x0000000766400000| Untracked 
| 819|0x0000000766600000, 0x0000000766600000, 0x0000000766800000|  0%| F|  |TAMS 0x0000000766600000| PB 0x0000000766600000| Untracked 
| 820|0x0000000766800000, 0x0000000766800000, 0x0000000766a00000|  0%| F|  |TAMS 0x0000000766800000| PB 0x0000000766800000| Untracked 
| 821|0x0000000766a00000, 0x0000000766a00000, 0x0000000766c00000|  0%| F|  |TAMS 0x0000000766a00000| PB 0x0000000766a00000| Untracked 
| 822|0x0000000766c00000, 0x0000000766c00000, 0x0000000766e00000|  0%| F|  |TAMS 0x0000000766c00000| PB 0x0000000766c00000| Untracked 
| 823|0x0000000766e00000, 0x0000000766e00000, 0x0000000767000000|  0%| F|  |TAMS 0x0000000766e00000| PB 0x0000000766e00000| Untracked 
| 824|0x0000000767000000, 0x0000000767000000, 0x0000000767200000|  0%| F|  |TAMS 0x0000000767000000| PB 0x0000000767000000| Untracked 
| 825|0x0000000767200000, 0x0000000767200000, 0x0000000767400000|  0%| F|  |TAMS 0x0000000767200000| PB 0x0000000767200000| Untracked 
| 826|0x0000000767400000, 0x0000000767400000, 0x0000000767600000|  0%| F|  |TAMS 0x0000000767400000| PB 0x0000000767400000| Untracked 
| 827|0x0000000767600000, 0x0000000767600000, 0x0000000767800000|  0%| F|  |TAMS 0x0000000767600000| PB 0x0000000767600000| Untracked 
| 828|0x0000000767800000, 0x0000000767800000, 0x0000000767a00000|  0%| F|  |TAMS 0x0000000767800000| PB 0x0000000767800000| Untracked 
| 829|0x0000000767a00000, 0x0000000767a00000, 0x0000000767c00000|  0%| F|  |TAMS 0x0000000767a00000| PB 0x0000000767a00000| Untracked 
| 830|0x0000000767c00000, 0x0000000767c00000, 0x0000000767e00000|  0%| F|  |TAMS 0x0000000767c00000| PB 0x0000000767c00000| Untracked 
| 831|0x0000000767e00000, 0x0000000767e00000, 0x0000000768000000|  0%| F|  |TAMS 0x0000000767e00000| PB 0x0000000767e00000| Untracked 
| 832|0x0000000768000000, 0x0000000768000000, 0x0000000768200000|  0%| F|  |TAMS 0x0000000768000000| PB 0x0000000768000000| Untracked 
| 833|0x0000000768200000, 0x0000000768200000, 0x0000000768400000|  0%| F|  |TAMS 0x0000000768200000| PB 0x0000000768200000| Untracked 
| 834|0x0000000768400000, 0x0000000768400000, 0x0000000768600000|  0%| F|  |TAMS 0x0000000768400000| PB 0x0000000768400000| Untracked 
| 835|0x0000000768600000, 0x0000000768600000, 0x0000000768800000|  0%| F|  |TAMS 0x0000000768600000| PB 0x0000000768600000| Untracked 
| 836|0x0000000768800000, 0x0000000768800000, 0x0000000768a00000|  0%| F|  |TAMS 0x0000000768800000| PB 0x0000000768800000| Untracked 
| 837|0x0000000768a00000, 0x0000000768a00000, 0x0000000768c00000|  0%| F|  |TAMS 0x0000000768a00000| PB 0x0000000768a00000| Untracked 
| 838|0x0000000768c00000, 0x0000000768c00000, 0x0000000768e00000|  0%| F|  |TAMS 0x0000000768c00000| PB 0x0000000768c00000| Untracked 
| 839|0x0000000768e00000, 0x0000000768e00000, 0x0000000769000000|  0%| F|  |TAMS 0x0000000768e00000| PB 0x0000000768e00000| Untracked 
| 840|0x0000000769000000, 0x0000000769000000, 0x0000000769200000|  0%| F|  |TAMS 0x0000000769000000| PB 0x0000000769000000| Untracked 
| 841|0x0000000769200000, 0x0000000769200000, 0x0000000769400000|  0%| F|  |TAMS 0x0000000769200000| PB 0x0000000769200000| Untracked 
| 842|0x0000000769400000, 0x0000000769400000, 0x0000000769600000|  0%| F|  |TAMS 0x0000000769400000| PB 0x0000000769400000| Untracked 
| 843|0x0000000769600000, 0x0000000769600000, 0x0000000769800000|  0%| F|  |TAMS 0x0000000769600000| PB 0x0000000769600000| Untracked 
| 844|0x0000000769800000, 0x0000000769800000, 0x0000000769a00000|  0%| F|  |TAMS 0x0000000769800000| PB 0x0000000769800000| Untracked 
| 845|0x0000000769a00000, 0x0000000769a00000, 0x0000000769c00000|  0%| F|  |TAMS 0x0000000769a00000| PB 0x0000000769a00000| Untracked 
| 846|0x0000000769c00000, 0x0000000769c00000, 0x0000000769e00000|  0%| F|  |TAMS 0x0000000769c00000| PB 0x0000000769c00000| Untracked 
| 847|0x0000000769e00000, 0x0000000769e00000, 0x000000076a000000|  0%| F|  |TAMS 0x0000000769e00000| PB 0x0000000769e00000| Untracked 
| 848|0x000000076a000000, 0x000000076a000000, 0x000000076a200000|  0%| F|  |TAMS 0x000000076a000000| PB 0x000000076a000000| Untracked 
| 849|0x000000076a200000, 0x000000076a200000, 0x000000076a400000|  0%| F|  |TAMS 0x000000076a200000| PB 0x000000076a200000| Untracked 
| 850|0x000000076a400000, 0x000000076a400000, 0x000000076a600000|  0%| F|  |TAMS 0x000000076a400000| PB 0x000000076a400000| Untracked 
| 851|0x000000076a600000, 0x000000076a600000, 0x000000076a800000|  0%| F|  |TAMS 0x000000076a600000| PB 0x000000076a600000| Untracked 
| 852|0x000000076a800000, 0x000000076a800000, 0x000000076aa00000|  0%| F|  |TAMS 0x000000076a800000| PB 0x000000076a800000| Untracked 
| 853|0x000000076aa00000, 0x000000076aa00000, 0x000000076ac00000|  0%| F|  |TAMS 0x000000076aa00000| PB 0x000000076aa00000| Untracked 
| 854|0x000000076ac00000, 0x000000076ac00000, 0x000000076ae00000|  0%| F|  |TAMS 0x000000076ac00000| PB 0x000000076ac00000| Untracked 
| 855|0x000000076ae00000, 0x000000076ae00000, 0x000000076b000000|  0%| F|  |TAMS 0x000000076ae00000| PB 0x000000076ae00000| Untracked 
| 856|0x000000076b000000, 0x000000076b000000, 0x000000076b200000|  0%| F|  |TAMS 0x000000076b000000| PB 0x000000076b000000| Untracked 
| 857|0x000000076b200000, 0x000000076b200000, 0x000000076b400000|  0%| F|  |TAMS 0x000000076b200000| PB 0x000000076b200000| Untracked 
| 858|0x000000076b400000, 0x000000076b400000, 0x000000076b600000|  0%| F|  |TAMS 0x000000076b400000| PB 0x000000076b400000| Untracked 
| 859|0x000000076b600000, 0x000000076b600000, 0x000000076b800000|  0%| F|  |TAMS 0x000000076b600000| PB 0x000000076b600000| Untracked 
|2037|0x00000007fea00000, 0x00000007fec00000, 0x00000007fec00000|100%| O|  |TAMS 0x00000007fea00000| PB 0x00000007fea00000| Untracked 
|2038|0x00000007fec00000, 0x00000007fee00000, 0x00000007fee00000|100%| O|  |TAMS 0x00000007fec00000| PB 0x00000007fec00000| Untracked 
|2039|0x00000007fee00000, 0x00000007ff000000, 0x00000007ff000000|100%| O|  |TAMS 0x00000007fee00000| PB 0x00000007fee00000| Untracked 
|2040|0x00000007ff000000, 0x00000007ff200000, 0x00000007ff200000|100%| O|  |TAMS 0x00000007ff000000| PB 0x00000007ff000000| Untracked 
|2041|0x00000007ff200000, 0x00000007ff400000, 0x00000007ff400000|100%| O|  |TAMS 0x00000007ff200000| PB 0x00000007ff200000| Untracked 
|2042|0x00000007ff400000, 0x00000007ff600000, 0x00000007ff600000|100%| O|  |TAMS 0x00000007ff400000| PB 0x00000007ff400000| Untracked 
|2043|0x00000007ff600000, 0x00000007ff600000, 0x00000007ff800000|  0%| F|  |TAMS 0x00000007ff600000| PB 0x00000007ff600000| Untracked 
|2044|0x00000007ff800000, 0x00000007ff800000, 0x00000007ffa00000|  0%| F|  |TAMS 0x00000007ff800000| PB 0x00000007ff800000| Untracked 
|2045|0x00000007ffa00000, 0x00000007ffa00000, 0x00000007ffc00000|  0%| F|  |TAMS 0x00000007ffa00000| PB 0x00000007ffa00000| Untracked 
|2046|0x00000007ffc00000, 0x00000007ffc00000, 0x00000007ffe00000|  0%| F|  |TAMS 0x00000007ffc00000| PB 0x00000007ffc00000| Untracked 
|2047|0x00000007ffe00000, 0x00000007ffe00000, 0x0000000800000000|  0%| F|  |TAMS 0x00000007ffe00000| PB 0x00000007ffe00000| Untracked 

Card table byte_map: [0x0000020398380000,0x0000020398b80000] _byte_map_base: 0x0000020394b80000

Marking Bits: (CMBitMap*) 0x0000020385548750
 Bits: [0x0000020398b80000, 0x000002039cb80000)

Polling page: 0x00000203832e0000

Metaspace:

Usage:
  Non-class:    211.07 MB used.
      Class:     32.46 MB used.
       Both:    243.53 MB used.

Virtual space:
  Non-class space:      256.00 MB reserved,     213.00 MB ( 83%) committed,  4 nodes.
      Class space:      832.00 MB reserved,      34.31 MB (  4%) committed,  1 nodes.
             Both:        1.06 GB reserved,     247.31 MB ( 23%) committed. 

Chunk freelists:
   Non-Class:  26.76 MB
       Class:  13.72 MB
        Both:  40.48 MB

MaxMetaspaceSize: 1.00 GB
CompressedClassSpaceSize: 832.00 MB
Initial GC threshold: 21.00 MB
Current GC threshold: 419.50 MB
CDS: off
 - commit_granule_bytes: 65536.
 - commit_granule_words: 8192.
 - virtual_space_node_default_size: 8388608.
 - enlarge_chunks_in_place: 1.
 - use_allocation_guard: 0.


Internal statistics:

num_allocs_failed_limit: 12.
num_arena_births: 6550.
num_arena_deaths: 86.
num_vsnodes_births: 5.
num_vsnodes_deaths: 0.
num_space_committed: 5808.
num_space_uncommitted: 299.
num_chunks_returned_to_freelist: 4155.
num_chunks_taken_from_freelist: 21677.
num_chunk_merges: 1904.
num_chunk_splits: 15711.
num_chunks_enlarged: 11695.
num_inconsistent_stats: 0.

CodeHeap 'non-profiled nmethods': size=120000Kb used=31949Kb max_used=33607Kb free=88050Kb
 bounds [0x0000020390100000, 0x0000020392230000, 0x0000020397630000]
CodeHeap 'profiled nmethods': size=120000Kb used=47041Kb max_used=58909Kb free=72959Kb
 bounds [0x0000020388630000, 0x000002038bfe0000, 0x000002038fb60000]
CodeHeap 'non-nmethods': size=5760Kb used=2449Kb max_used=2531Kb free=3311Kb
 bounds [0x000002038fb60000, 0x000002038fde0000, 0x0000020390100000]
CodeCache: size=245760Kb, used=81439Kb, max_used=95047Kb, free=164320Kb
 total_blobs=24537, nmethods=23445, adapters=994, full_count=0
Compilation: enabled, stopped_count=0, restarted_count=0

Compilation events (20 events):
Event: 3551.244 Thread 0x000002039f983ae0 67192       1       com.android.tools.r8.internal.ro::B (4 bytes)
Event: 3551.244 Thread 0x000002039f983ae0 nmethod 67192 0x0000020390384b90 code [0x0000020390384d20, 0x0000020390384de8]
Event: 3551.273 Thread 0x000002039f983ae0 67194       2       com.android.tools.r8.internal.xy3$$Lambda/0x0000000801ce8720::<init> (10 bytes)
Event: 3551.274 Thread 0x000002039f983ae0 nmethod 67194 0x0000020388d33110 code [0x0000020388d332a0, 0x0000020388d333f8]
Event: 3551.281 Thread 0x000002039f983ae0 67195       3       com.android.tools.r8.internal.ej0::<init> (16 bytes)
Event: 3551.281 Thread 0x000002039f983ae0 nmethod 67195 0x0000020388ebac90 code [0x0000020388ebae40, 0x0000020388ebaf88]
Event: 3551.300 Thread 0x000002039f983ae0 67197 %     3       com.android.tools.r8.internal.vj1::k @ 41 (145 bytes)
Event: 3551.301 Thread 0x000002039f983ae0 nmethod 67197% 0x0000020388e01a90 code [0x0000020388e01ca0, 0x0000020388e02530]
Event: 3551.325 Thread 0x000002039f983ae0 67199       2       com.android.tools.r8.internal.ri4::a (574 bytes)
Event: 3551.330 Thread 0x000002039f983ae0 nmethod 67199 0x00000203888cbb90 code [0x00000203888cc000, 0x00000203888cddf8]
Event: 3551.369 Thread 0x000002039f983ae0 67200       2       com.android.tools.r8.internal.bd::a (53 bytes)
Event: 3551.370 Thread 0x000002039f983ae0 nmethod 67200 0x0000020388dfcf90 code [0x0000020388dfd160, 0x0000020388dfd460]
Event: 3551.377 Thread 0x000002039f983ae0 67201       2       com.android.tools.r8.internal.zg::a (145 bytes)
Event: 3551.379 Thread 0x000002039f983ae0 nmethod 67201 0x0000020388fec610 code [0x0000020388fec880, 0x0000020388fecf08]
Event: 3551.397 Thread 0x000002039f983ae0 67202       2       com.android.tools.r8.internal.pc1::a (148 bytes)
Event: 3551.400 Thread 0x000002039f983ae0 nmethod 67202 0x000002038885d310 code [0x000002038885d580, 0x000002038885dd18]
Event: 3551.400 Thread 0x000002039f983ae0 67203   !   2       com.android.tools.r8.graph.e8::b (68 bytes)
Event: 3551.402 Thread 0x000002039f983ae0 nmethod 67203 0x0000020389082d90 code [0x0000020389082fc0, 0x00000203890833f0]
Event: 3551.411 Thread 0x000002039f983ae0 67204       1       com.android.tools.r8.internal.gl4::w2 (3 bytes)
Event: 3551.412 Thread 0x000002039f983ae0 nmethod 67204 0x0000020390389890 code [0x0000020390389a20, 0x0000020390389ae8]

GC Heap History (20 events):
Event: 3517.932 GC heap after
{Heap after GC invocations=90 (full 0):
 garbage-first heap   total 1304576K, used 430208K [0x0000000700000000, 0x0000000800000000)
  region size 2048K, 7 young (14336K), 7 survivors (14336K)
 Metaspace       used 260551K, committed 264192K, reserved 1114112K
  class space    used 34388K, committed 36160K, reserved 851968K
}
Event: 3522.329 GC heap before
{Heap before GC invocations=90 (full 0):
 garbage-first heap   total 1304576K, used 479360K [0x0000000700000000, 0x0000000800000000)
  region size 2048K, 31 young (63488K), 7 survivors (14336K)
 Metaspace       used 260651K, committed 264256K, reserved 1114112K
  class space    used 34388K, committed 36160K, reserved 851968K
}
Event: 3522.424 GC heap after
{Heap after GC invocations=91 (full 0):
 garbage-first heap   total 1304576K, used 422909K [0x0000000700000000, 0x0000000800000000)
  region size 2048K, 3 young (6144K), 3 survivors (6144K)
 Metaspace       used 260651K, committed 264256K, reserved 1114112K
  class space    used 34388K, committed 36160K, reserved 851968K
}
Event: 3528.313 GC heap before
{Heap before GC invocations=91 (full 0):
 garbage-first heap   total 1304576K, used 525309K [0x0000000700000000, 0x0000000800000000)
  region size 2048K, 51 young (104448K), 3 survivors (6144K)
 Metaspace       used 261133K, committed 264768K, reserved 1114112K
  class space    used 34449K, committed 36224K, reserved 851968K
}
Event: 3528.388 GC heap after
{Heap after GC invocations=92 (full 0):
 garbage-first heap   total 1304576K, used 426547K [0x0000000700000000, 0x0000000800000000)
  region size 2048K, 7 young (14336K), 7 survivors (14336K)
 Metaspace       used 261133K, committed 264768K, reserved 1114112K
  class space    used 34449K, committed 36224K, reserved 851968K
}
Event: 3533.560 GC heap before
{Heap before GC invocations=92 (full 0):
 garbage-first heap   total 1304576K, used 530995K [0x0000000700000000, 0x0000000800000000)
  region size 2048K, 56 young (114688K), 7 survivors (14336K)
 Metaspace       used 266980K, committed 270656K, reserved 1114112K
  class space    used 35017K, committed 36800K, reserved 851968K
}
Event: 3533.715 GC heap after
{Heap after GC invocations=93 (full 0):
 garbage-first heap   total 1304576K, used 454221K [0x0000000700000000, 0x0000000800000000)
  region size 2048K, 7 young (14336K), 7 survivors (14336K)
 Metaspace       used 266980K, committed 270656K, reserved 1114112K
  class space    used 35017K, committed 36800K, reserved 851968K
}
Event: 3538.249 GC heap before
{Heap before GC invocations=93 (full 0):
 garbage-first heap   total 1304576K, used 562765K [0x0000000700000000, 0x0000000800000000)
  region size 2048K, 60 young (122880K), 7 survivors (14336K)
 Metaspace       used 275494K, committed 279232K, reserved 1114112K
  class space    used 36314K, committed 38080K, reserved 851968K
}
Event: 3538.339 GC heap after
{Heap after GC invocations=94 (full 0):
 garbage-first heap   total 1304576K, used 464487K [0x0000000700000000, 0x0000000800000000)
  region size 2048K, 5 young (10240K), 5 survivors (10240K)
 Metaspace       used 275494K, committed 279232K, reserved 1114112K
  class space    used 36314K, committed 38080K, reserved 851968K
}
Event: 3544.844 GC heap before
{Heap before GC invocations=94 (full 0):
 garbage-first heap   total 1304576K, used 530023K [0x0000000700000000, 0x0000000800000000)
  region size 2048K, 39 young (79872K), 5 survivors (10240K)
 Metaspace       used 249299K, committed 253248K, reserved 1114112K
  class space    used 33242K, committed 35136K, reserved 851968K
}
Event: 3544.916 GC heap after
{Heap after GC invocations=95 (full 0):
 garbage-first heap   total 1304576K, used 462297K [0x0000000700000000, 0x0000000800000000)
  region size 2048K, 2 young (4096K), 2 survivors (4096K)
 Metaspace       used 249299K, committed 253248K, reserved 1114112K
  class space    used 33242K, committed 35136K, reserved 851968K
}
Event: 3549.375 GC heap before
{Heap before GC invocations=96 (full 0):
 garbage-first heap   total 1304576K, used 531929K [0x0000000700000000, 0x0000000800000000)
  region size 2048K, 35 young (71680K), 2 survivors (4096K)
 Metaspace       used 249314K, committed 253248K, reserved 1114112K
  class space    used 33242K, committed 35136K, reserved 851968K
}
Event: 3549.401 GC heap after
{Heap after GC invocations=97 (full 0):
 garbage-first heap   total 1304576K, used 472673K [0x0000000700000000, 0x0000000800000000)
  region size 2048K, 5 young (10240K), 5 survivors (10240K)
 Metaspace       used 249314K, committed 253248K, reserved 1114112K
  class space    used 33242K, committed 35136K, reserved 851968K
}
Event: 3550.457 GC heap before
{Heap before GC invocations=97 (full 0):
 garbage-first heap   total 1304576K, used 597601K [0x0000000700000000, 0x0000000800000000)
  region size 2048K, 67 young (137216K), 5 survivors (10240K)
 Metaspace       used 249365K, committed 253248K, reserved 1114112K
  class space    used 33242K, committed 35136K, reserved 851968K
}
Event: 3550.571 GC heap after
{Heap after GC invocations=98 (full 0):
 garbage-first heap   total 1304576K, used 484508K [0x0000000700000000, 0x0000000800000000)
  region size 2048K, 9 young (18432K), 9 survivors (18432K)
 Metaspace       used 249365K, committed 253248K, reserved 1114112K
  class space    used 33242K, committed 35136K, reserved 851968K
}
Event: 3550.645 GC heap before
{Heap before GC invocations=98 (full 0):
 garbage-first heap   total 1304576K, used 529564K [0x0000000700000000, 0x0000000800000000)
  region size 2048K, 31 young (63488K), 9 survivors (18432K)
 Metaspace       used 249372K, committed 253248K, reserved 1114112K
  class space    used 33242K, committed 35136K, reserved 851968K
}
Event: 3550.709 GC heap after
{Heap after GC invocations=99 (full 0):
 garbage-first heap   total 1304576K, used 483123K [0x0000000700000000, 0x0000000800000000)
  region size 2048K, 3 young (6144K), 3 survivors (6144K)
 Metaspace       used 249372K, committed 253248K, reserved 1114112K
  class space    used 33242K, committed 35136K, reserved 851968K
}
Event: 3551.014 GC heap before
{Heap before GC invocations=99 (full 0):
 garbage-first heap   total 1304576K, used 640819K [0x0000000700000000, 0x0000000800000000)
  region size 2048K, 80 young (163840K), 3 survivors (6144K)
 Metaspace       used 249373K, committed 253248K, reserved 1114112K
  class space    used 33242K, committed 35136K, reserved 851968K
}
Event: 3551.039 GC heap after
{Heap after GC invocations=100 (full 0):
 garbage-first heap   total 1304576K, used 477059K [0x0000000700000000, 0x0000000800000000)
  region size 2048K, 4 young (8192K), 4 survivors (8192K)
 Metaspace       used 249373K, committed 253248K, reserved 1114112K
  class space    used 33242K, committed 35136K, reserved 851968K
}
Event: 3551.478 GC heap before
{Heap before GC invocations=100 (full 0):
 garbage-first heap   total 1304576K, used 661379K [0x0000000700000000, 0x0000000800000000)
  region size 2048K, 94 young (192512K), 4 survivors (8192K)
 Metaspace       used 249376K, committed 253248K, reserved 1114112K
  class space    used 33242K, committed 35136K, reserved 851968K
}

Dll operation events (3 events):
Event: 0.019 Loaded shared library C:\Program Files\Android\Android Studio\jbr\bin\java.dll
Event: 0.027 Loaded shared library C:\Program Files\Android\Android Studio\jbr\bin\zip.dll
Event: 0.832 Loaded shared library C:\Program Files\Android\Android Studio\jbr\bin\verify.dll

Deoptimization events (20 events):
Event: 3551.267 Thread 0x00000203b73163d0 DEOPT PACKING pc=0x000002038b04fc93 sp=0x0000002f73bfbf00
Event: 3551.268 Thread 0x00000203b73163d0 DEOPT UNPACKING pc=0x000002038fbb4e42 sp=0x0000002f73bfb4f0 mode 0
Event: 3551.273 Thread 0x00000203b73163d0 DEOPT PACKING pc=0x000002038b034759 sp=0x0000002f73bfbed0
Event: 3551.273 Thread 0x00000203b73163d0 DEOPT UNPACKING pc=0x000002038fbb4e42 sp=0x0000002f73bfb438 mode 0
Event: 3551.284 Thread 0x00000203a7adf000 DEOPT PACKING pc=0x0000020388a42d2f sp=0x0000002f770fc1d0
Event: 3551.284 Thread 0x00000203a7adf000 DEOPT UNPACKING pc=0x000002038fbb4e42 sp=0x0000002f770fb698 mode 0
Event: 3551.307 Thread 0x00000203b73163d0 DEOPT PACKING pc=0x000002038b04fc93 sp=0x0000002f73bfbf00
Event: 3551.307 Thread 0x00000203b73163d0 DEOPT UNPACKING pc=0x000002038fbb4e42 sp=0x0000002f73bfb4f0 mode 0
Event: 3551.343 Thread 0x00000203b21376f0 DEOPT PACKING pc=0x0000020388a40595 sp=0x0000002f76efb6a0
Event: 3551.343 Thread 0x00000203b21376f0 DEOPT UNPACKING pc=0x000002038fbb4e42 sp=0x0000002f76efac58 mode 0
Event: 3551.360 Thread 0x00000203a89ecac0 DEOPT PACKING pc=0x000002038a4cd3e2 sp=0x0000002f72dfc930
Event: 3551.360 Thread 0x00000203a89ecac0 DEOPT UNPACKING pc=0x000002038fbb4e42 sp=0x0000002f72dfbe78 mode 0
Event: 3551.392 Thread 0x00000203b2797060 DEOPT PACKING pc=0x000002038ba84e20 sp=0x0000002f76dfbf50
Event: 3551.392 Thread 0x00000203b2797060 DEOPT UNPACKING pc=0x000002038fbb4e42 sp=0x0000002f76dfb640 mode 0
Event: 3551.428 Thread 0x00000203b73163d0 DEOPT PACKING pc=0x000002038ba84e20 sp=0x0000002f73bfbfa0
Event: 3551.428 Thread 0x00000203b73163d0 DEOPT UNPACKING pc=0x000002038fbb4e42 sp=0x0000002f73bfb690 mode 0
Event: 3551.441 Thread 0x00000203b21376f0 DEOPT PACKING pc=0x000002038ba84e20 sp=0x0000002f76efb9f0
Event: 3551.441 Thread 0x00000203b21376f0 DEOPT UNPACKING pc=0x000002038fbb4e42 sp=0x0000002f76efb0e0 mode 0
Event: 3551.473 Thread 0x00000203a89ecac0 DEOPT PACKING pc=0x000002038a7a9c25 sp=0x0000002f72dfc810
Event: 3551.473 Thread 0x00000203a89ecac0 DEOPT UNPACKING pc=0x000002038fbb4e42 sp=0x0000002f72dfbdc0 mode 0

Classes loaded (20 events):
Event: 164.380 Loading class javax/management/InstanceNotFoundException
Event: 164.380 Loading class javax/management/InstanceNotFoundException done
Event: 165.625 Loading class java/lang/StackStreamFactory
Event: 165.627 Loading class java/lang/StackStreamFactory done
Event: 165.627 Loading class java/lang/StackWalker$ExtendedOption
Event: 165.627 Loading class java/lang/StackWalker$ExtendedOption done
Event: 165.627 Loading class java/lang/StackStreamFactory$StackFrameTraverser
Event: 165.628 Loading class java/lang/StackStreamFactory$StackFrameTraverser done
Event: 165.628 Loading class java/lang/StackStreamFactory$WalkerState
Event: 165.628 Loading class java/lang/StackStreamFactory$WalkerState done
Event: 165.628 Loading class java/lang/StackStreamFactory$StackFrameTraverser$StackFrameBuffer
Event: 165.629 Loading class java/lang/StackStreamFactory$FrameBuffer
Event: 165.629 Loading class java/lang/StackStreamFactory$FrameBuffer done
Event: 165.629 Loading class java/lang/StackStreamFactory$StackFrameTraverser$StackFrameBuffer done
Event: 165.630 Loading class java/util/logging/LogRecord
Event: 165.631 Loading class java/util/logging/LogRecord done
Event: 807.849 Loading class java/util/Collections$EmptyListIterator
Event: 807.850 Loading class java/util/Collections$EmptyListIterator done
Event: 1182.126 Loading class java/util/concurrent/locks/ReentrantReadWriteLock$Sync$HoldCounter
Event: 1182.133 Loading class java/util/concurrent/locks/ReentrantReadWriteLock$Sync$HoldCounter done

Classes unloaded (20 events):
Event: 3541.339 Thread 0x000002039f817890 Unloading class 0x0000000802400000 'kotlin/jvm/functions/Function0'
Event: 3541.340 Thread 0x000002039f817890 Unloading class 0x000000080219fbe8 'dagger/spi/internal/shaded/androidx/room/compiler/processing/javac/JavacBasicAnnotationProcessor$2'
Event: 3541.340 Thread 0x000002039f817890 Unloading class 0x000000080219f990 'kotlin/jvm/internal/Lambda'
Event: 3541.340 Thread 0x000002039f817890 Unloading class 0x000000080219f760 'kotlin/jvm/internal/FunctionBase'
Event: 3541.340 Thread 0x000002039f817890 Unloading class 0x000000080219f530 'kotlin/jvm/functions/Function1'
Event: 3541.340 Thread 0x000002039f817890 Unloading class 0x000000080219f300 'kotlin/Function'
Event: 3541.340 Thread 0x000002039f817890 Unloading class 0x000000080219f070 'kotlin/UninitializedPropertyAccessException'
Event: 3541.340 Thread 0x000002039f817890 Unloading class 0x000000080219edd8 'kotlin/KotlinNullPointerException'
Event: 3541.340 Thread 0x000002039f817890 Unloading class 0x000000080219eba0 'kotlin/jvm/internal/Intrinsics'
Event: 3541.340 Thread 0x000002039f817890 Unloading class 0x000000080219e968 'dagger/spi/internal/shaded/androidx/room/compiler/processing/XProcessingEnvConfig$Companion'
Event: 3541.340 Thread 0x000002039f817890 Unloading class 0x000000080219e730 'dagger/spi/internal/shaded/androidx/room/compiler/processing/XProcessingEnvConfig'
Event: 3541.340 Thread 0x000002039f817890 Unloading class 0x000000080219e4f0 'dagger/spi/internal/shaded/androidx/room/compiler/processing/XProcessingEnvConfig$Builder'
Event: 3541.340 Thread 0x000002039f817890 Unloading class 0x000000080219e2b8 'dagger/hilt/processor/internal/HiltProcessingEnvConfigs'
Event: 3541.340 Thread 0x000002039f817890 Unloading class 0x000000080219e000 'dagger/hilt/processor/internal/uninstallmodules/UninstallModulesProcessingStep'
Event: 3541.340 Thread 0x000002039f817890 Unloading class 0x000000080219db80 'dagger/hilt/processor/internal/BaseProcessingStep'
Event: 3541.340 Thread 0x000002039f817890 Unloading class 0x000000080219d950 'dagger/spi/internal/shaded/androidx/room/compiler/processing/XProcessingStep'
Event: 3541.340 Thread 0x000002039f817890 Unloading class 0x000000080219d630 'dagger/hilt/processor/internal/uninstallmodules/UninstallModulesProcessor'
Event: 3541.340 Thread 0x000002039f817890 Unloading class 0x000000080219d310 'dagger/hilt/processor/internal/JavacBaseProcessingStepProcessor'
Event: 3541.340 Thread 0x000002039f817890 Unloading class 0x000000080219d000 'dagger/spi/internal/shaded/androidx/room/compiler/processing/javac/JavacBasicAnnotationProcessor'
Event: 3541.340 Thread 0x000002039f817890 Unloading class 0x000000080219cc00 'dagger/spi/internal/shaded/androidx/room/compiler/processing/XBasicAnnotationProcessor'

Classes redefined (0 events):
No events

Internal exceptions (20 events):
Event: 3548.078 Thread 0x00000203b73163d0 Exception <a 'sun/nio/fs/WindowsException'{0x000000074d021250}> (0x000000074d021250) 
thrown [s\src\hotspot\share\prims\jni.cpp, line 537]
Event: 3548.083 Thread 0x00000203b73163d0 Exception <a 'sun/nio/fs/WindowsException'{0x000000074d027418}> (0x000000074d027418) 
thrown [s\src\hotspot\share\prims\jni.cpp, line 537]
Event: 3548.087 Thread 0x00000203b73163d0 Exception <a 'sun/nio/fs/WindowsException'{0x000000074d02fc58}> (0x000000074d02fc58) 
thrown [s\src\hotspot\share\prims\jni.cpp, line 537]
Event: 3548.091 Thread 0x00000203b73163d0 Exception <a 'sun/nio/fs/WindowsException'{0x000000074d035d70}> (0x000000074d035d70) 
thrown [s\src\hotspot\share\prims\jni.cpp, line 537]
Event: 3548.096 Thread 0x00000203b73163d0 Exception <a 'sun/nio/fs/WindowsException'{0x000000074d03efd0}> (0x000000074d03efd0) 
thrown [s\src\hotspot\share\prims\jni.cpp, line 537]
Event: 3548.101 Thread 0x00000203b73163d0 Exception <a 'sun/nio/fs/WindowsException'{0x000000074d045308}> (0x000000074d045308) 
thrown [s\src\hotspot\share\prims\jni.cpp, line 537]
Event: 3548.107 Thread 0x00000203b73163d0 Exception <a 'sun/nio/fs/WindowsException'{0x000000074d04f1b0}> (0x000000074d04f1b0) 
thrown [s\src\hotspot\share\prims\jni.cpp, line 537]
Event: 3548.116 Thread 0x00000203b73163d0 Exception <a 'sun/nio/fs/WindowsException'{0x000000074d0553b8}> (0x000000074d0553b8) 
thrown [s\src\hotspot\share\prims\jni.cpp, line 537]
Event: 3548.120 Thread 0x00000203b73163d0 Exception <a 'sun/nio/fs/WindowsException'{0x000000074d05dd10}> (0x000000074d05dd10) 
thrown [s\src\hotspot\share\prims\jni.cpp, line 537]
Event: 3548.125 Thread 0x00000203b73163d0 Exception <a 'sun/nio/fs/WindowsException'{0x000000074d063ed8}> (0x000000074d063ed8) 
thrown [s\src\hotspot\share\prims\jni.cpp, line 537]
Event: 3548.136 Thread 0x00000203b73163d0 Exception <a 'sun/nio/fs/WindowsException'{0x000000074d06d698}> (0x000000074d06d698) 
thrown [s\src\hotspot\share\prims\jni.cpp, line 537]
Event: 3548.142 Thread 0x00000203b73163d0 Exception <a 'sun/nio/fs/WindowsException'{0x000000074d073720}> (0x000000074d073720) 
thrown [s\src\hotspot\share\prims\jni.cpp, line 537]
Event: 3548.146 Thread 0x00000203b73163d0 Exception <a 'sun/nio/fs/WindowsException'{0x000000074d07bda0}> (0x000000074d07bda0) 
thrown [s\src\hotspot\share\prims\jni.cpp, line 537]
Event: 3548.149 Thread 0x00000203b73163d0 Exception <a 'sun/nio/fs/WindowsException'{0x000000074d081e68}> (0x000000074d081e68) 
thrown [s\src\hotspot\share\prims\jni.cpp, line 537]
Event: 3549.693 Thread 0x00000203b73163d0 Implicit null exception at 0x0000020390d72a03 to 0x0000020390d73290
Event: 3549.693 Thread 0x00000203b2797060 Implicit null exception at 0x0000020390d72a03 to 0x0000020390d73290
Event: 3549.693 Thread 0x00000203a7adc8a0 Implicit null exception at 0x0000020390d72a03 to 0x0000020390d73290
Event: 3549.693 Thread 0x00000203b21376f0 Implicit null exception at 0x0000020390d72a03 to 0x0000020390d73290
Event: 3549.693 Thread 0x00000203a89ecac0 Implicit null exception at 0x0000020390d72a03 to 0x0000020390d73290
Event: 3549.693 Thread 0x00000203a7adf000 Implicit null exception at 0x0000020390d72a03 to 0x0000020390d73290

ZGC Phase Switch (0 events):
No events

VM Operations (20 events):
Event: 3543.671 Executing VM operation: G1PauseRemark done
Event: 3544.823 Executing VM operation: G1CollectForAllocation (G1 Evacuation Pause)
Event: 3544.917 Executing VM operation: G1CollectForAllocation (G1 Evacuation Pause) done
Event: 3545.494 Executing VM operation: G1PauseCleanup
Event: 3545.497 Executing VM operation: G1PauseCleanup done
Event: 3547.497 Executing VM operation: Cleanup
Event: 3547.498 Executing VM operation: Cleanup done
Event: 3549.372 Executing VM operation: G1CollectForAllocation (G1 Evacuation Pause)
Event: 3549.401 Executing VM operation: G1CollectForAllocation (G1 Evacuation Pause) done
Event: 3550.024 Executing VM operation: ICBufferFull
Event: 3550.033 Executing VM operation: ICBufferFull done
Event: 3550.265 Executing VM operation: ICBufferFull
Event: 3550.266 Executing VM operation: ICBufferFull done
Event: 3550.457 Executing VM operation: G1CollectForAllocation (G1 Evacuation Pause)
Event: 3550.571 Executing VM operation: G1CollectForAllocation (G1 Evacuation Pause) done
Event: 3550.642 Executing VM operation: G1CollectForAllocation (G1 Evacuation Pause)
Event: 3550.710 Executing VM operation: G1CollectForAllocation (G1 Evacuation Pause) done
Event: 3551.010 Executing VM operation: G1CollectForAllocation (G1 Evacuation Pause)
Event: 3551.039 Executing VM operation: G1CollectForAllocation (G1 Evacuation Pause) done
Event: 3551.477 Executing VM operation: G1CollectForAllocation (G1 Evacuation Pause)

Memory protections (0 events):
No events

Nmethod flushes (20 events):
Event: 3543.376 Thread 0x000002039f817890 flushing  nmethod 0x000002038b6c3810
Event: 3543.376 Thread 0x000002039f817890 flushing  nmethod 0x000002038b6c3d90
Event: 3543.376 Thread 0x000002039f817890 flushing  nmethod 0x000002038b6c5390
Event: 3543.376 Thread 0x000002039f817890 flushing  nmethod 0x000002038b6ca810
Event: 3543.376 Thread 0x000002039f817890 flushing  nmethod 0x000002038b776810
Event: 3543.376 Thread 0x000002039f817890 flushing osr nmethod 0x000002038b86b710
Event: 3543.376 Thread 0x000002039f817890 flushing  nmethod 0x000002038ba3b410
Event: 3543.376 Thread 0x000002039f817890 flushing  nmethod 0x000002038ba3b790
Event: 3543.376 Thread 0x000002039f817890 flushing  nmethod 0x000002038ba3bc10
Event: 3543.376 Thread 0x000002039f817890 flushing  nmethod 0x000002038ba3bf90
Event: 3543.376 Thread 0x000002039f817890 flushing  nmethod 0x000002038ba3c390
Event: 3543.376 Thread 0x000002039f817890 flushing  nmethod 0x000002038ba3c710
Event: 3543.376 Thread 0x000002039f817890 flushing  nmethod 0x000002038ba3ca90
Event: 3543.376 Thread 0x000002039f817890 flushing  nmethod 0x000002038ba3ce10
Event: 3543.376 Thread 0x000002039f817890 flushing  nmethod 0x000002038ba99090
Event: 3543.376 Thread 0x000002039f817890 flushing  nmethod 0x000002038bacd810
Event: 3543.376 Thread 0x000002039f817890 flushing  nmethod 0x000002038bacfd90
Event: 3543.376 Thread 0x000002039f817890 flushing  nmethod 0x000002038bca7910
Event: 3543.376 Thread 0x000002039f817890 flushing  nmethod 0x000002038bd1ff90
Event: 3543.376 Thread 0x000002039f817890 flushing  nmethod 0x000002038be67f10

Events (20 events):
Event: 3544.420 Thread 0x00000203b1a2d130 Thread added: 0x00000203b7e752c0
Event: 3544.422 Thread 0x00000203b1a2d130 Thread added: 0x00000203b7e76670
Event: 3544.426 Thread 0x00000203b1a2d130 Thread added: 0x00000203b7e780b0
Event: 3544.429 Thread 0x00000203b1a2d130 Thread added: 0x00000203b7e76d00
Event: 3544.431 Thread 0x00000203b1a2d130 Thread added: 0x00000203b7e77390
Event: 3544.431 Thread 0x00000203b1a2d130 Thread added: 0x00000203b1ace500
Event: 3544.433 Thread 0x00000203b1a2d130 Thread added: 0x00000203b1acbda0
Event: 3544.434 Thread 0x00000203b1a2d130 Thread added: 0x00000203b1accac0
Event: 3545.033 Thread 0x00000203b1a2d130 Thread added: 0x00000203b2797060
Event: 3549.315 Thread 0x00000203b11166d0 Thread added: 0x00000203b21376f0
Event: 3549.317 Thread 0x00000203b11166d0 Thread added: 0x00000203a7adc8a0
Event: 3549.319 Thread 0x00000203b11166d0 Thread added: 0x00000203a7adf000
Event: 3549.320 Thread 0x00000203b11166d0 Thread added: 0x00000203a7adf690
Event: 3549.323 Thread 0x00000203b11166d0 Thread added: 0x00000203a7add5c0
Event: 3549.331 Thread 0x00000203b11166d0 Thread added: 0x00000203a7adfd20
Event: 3549.333 Thread 0x00000203b11166d0 Thread added: 0x00000203a7ade970
Event: 3549.337 Thread 0x00000203b11166d0 Thread added: 0x00000203b815c920
Event: 3549.340 Thread 0x00000203b11166d0 Thread added: 0x00000203b815c290
Event: 3549.346 Thread 0x00000203b11166d0 Thread added: 0x00000203b815cfb0
Event: 3551.375 Thread 0x00000203a7adfd20 Thread exited: 0x00000203a7adfd20


Dynamic libraries:
0x00007ff792e80000 - 0x00007ff792e8a000 	C:\Program Files\Android\Android Studio\jbr\bin\java.exe
0x00007ff8ff640000 - 0x00007ff8ff8a7000 	C:\WINDOWS\SYSTEM32\ntdll.dll
0x00007ff8fdc10000 - 0x00007ff8fdcd9000 	C:\WINDOWS\System32\KERNEL32.DLL
0x00007ff8fc2c0000 - 0x00007ff8fc6b1000 	C:\WINDOWS\System32\KERNELBASE.dll
0x00007ff8fc170000 - 0x00007ff8fc2bb000 	C:\WINDOWS\System32\ucrtbase.dll
0x00007ff8f5aa0000 - 0x00007ff8f5abb000 	C:\Program Files\Android\Android Studio\jbr\bin\VCRUNTIME140.dll
0x00007ff8e5f10000 - 0x00007ff8e5f28000 	C:\Program Files\Android\Android Studio\jbr\bin\jli.dll
0x00007ff8fdd60000 - 0x00007ff8fdf25000 	C:\WINDOWS\System32\USER32.dll
0x00007ff8e9240000 - 0x00007ff8e94d3000 	C:\WINDOWS\WinSxS\amd64_microsoft.windows.common-controls_6595b64144ccf1df_6.0.26100.8037_none_3e092faae333b53b\COMCTL32.dll
0x00007ff8fbf20000 - 0x00007ff8fbf47000 	C:\WINDOWS\System32\win32u.dll
0x00007ff8fd7a0000 - 0x00007ff8fd849000 	C:\WINDOWS\System32\msvcrt.dll
0x00007ff8fdd30000 - 0x00007ff8fdd5b000 	C:\WINDOWS\System32\GDI32.dll
0x00007ff8fd2b0000 - 0x00007ff8fd3db000 	C:\WINDOWS\System32\gdi32full.dll
0x00007ff8fc0c0000 - 0x00007ff8fc163000 	C:\WINDOWS\System32\msvcp_win.dll
0x00007ff8fe540000 - 0x00007ff8fe571000 	C:\WINDOWS\System32\IMM32.DLL
0x00007ff8f5ba0000 - 0x00007ff8f5bac000 	C:\Program Files\Android\Android Studio\jbr\bin\vcruntime140_1.dll
0x00007ff86b970000 - 0x00007ff86b9fd000 	C:\Program Files\Android\Android Studio\jbr\bin\msvcp140.dll
0x00007ff86d7b0000 - 0x00007ff86e446000 	C:\Program Files\Android\Android Studio\jbr\bin\server\jvm.dll
0x00007ff8fdb50000 - 0x00007ff8fdc0b000 	C:\WINDOWS\System32\ADVAPI32.dll
0x00007ff8fef30000 - 0x00007ff8fefd7000 	C:\WINDOWS\System32\sechost.dll
0x00007ff8fd4a0000 - 0x00007ff8fd5b8000 	C:\WINDOWS\System32\RPCRT4.dll
0x00007ff8ff070000 - 0x00007ff8ff0e4000 	C:\WINDOWS\System32\WS2_32.dll
0x00007ff8fbd80000 - 0x00007ff8fbdde000 	C:\WINDOWS\SYSTEM32\POWRPROF.dll
0x00007ff8f0260000 - 0x00007ff8f0295000 	C:\WINDOWS\SYSTEM32\WINMM.dll
0x00007ff8f3750000 - 0x00007ff8f375b000 	C:\WINDOWS\SYSTEM32\VERSION.dll
0x00007ff8fbd60000 - 0x00007ff8fbd74000 	C:\WINDOWS\SYSTEM32\UMPDC.dll
0x00007ff8facb0000 - 0x00007ff8faccb000 	C:\WINDOWS\SYSTEM32\kernel.appcore.dll
0x00007ff8f5a90000 - 0x00007ff8f5a9a000 	C:\Program Files\Android\Android Studio\jbr\bin\jimage.dll
0x00007ff8f3020000 - 0x00007ff8f3262000 	C:\WINDOWS\SYSTEM32\DBGHELP.DLL
0x00007ff8ff170000 - 0x00007ff8ff4f2000 	C:\WINDOWS\System32\combase.dll
0x00007ff8fdf30000 - 0x00007ff8fe007000 	C:\WINDOWS\System32\OLEAUT32.dll
0x00007ff8b9e60000 - 0x00007ff8b9e9b000 	C:\WINDOWS\SYSTEM32\dbgcore.DLL
0x00007ff8fcfc0000 - 0x00007ff8fd065000 	C:\WINDOWS\System32\bcryptPrimitives.dll
0x00007ff8e3c10000 - 0x00007ff8e3c1e000 	C:\Program Files\Android\Android Studio\jbr\bin\instrument.dll
0x00007ff890520000 - 0x00007ff890540000 	C:\Program Files\Android\Android Studio\jbr\bin\java.dll
0x00007ff890500000 - 0x00007ff890518000 	C:\Program Files\Android\Android Studio\jbr\bin\zip.dll
0x00007ff8fe7c0000 - 0x00007ff8fef1f000 	C:\WINDOWS\System32\SHELL32.dll
0x00007ff8fbf50000 - 0x00007ff8fc0ba000 	C:\WINDOWS\System32\wintypes.dll
0x00007ff8fc750000 - 0x00007ff8fcfb4000 	C:\WINDOWS\System32\windows.storage.dll
0x00007ff8ff500000 - 0x00007ff8ff5f7000 	C:\WINDOWS\System32\SHCORE.dll
0x00007ff8fd3e0000 - 0x00007ff8fd447000 	C:\WINDOWS\System32\shlwapi.dll
0x00007ff8fbe40000 - 0x00007ff8fbe69000 	C:\WINDOWS\SYSTEM32\profapi.dll
0x00007ff8f5a80000 - 0x00007ff8f5a90000 	C:\Program Files\Android\Android Studio\jbr\bin\net.dll
0x00007ff8f4d60000 - 0x00007ff8f4e87000 	C:\WINDOWS\SYSTEM32\WINHTTP.dll
0x00007ff8fb220000 - 0x00007ff8fb28b000 	C:\WINDOWS\system32\mswsock.dll
0x00007ff879350000 - 0x00007ff879366000 	C:\Program Files\Android\Android Studio\jbr\bin\nio.dll
0x00007ff8f5940000 - 0x00007ff8f5950000 	C:\Program Files\Android\Android Studio\jbr\bin\verify.dll
0x00007ff8452f0000 - 0x00007ff845317000 	C:\Users\Manush G R\.gradle\native\1def1411415f61bf3af743bc5b6707747c0891f09f0c88961ee8f79bc544acac\windows-amd64\native-platform.dll
0x00007ff86b8f0000 - 0x00007ff86b967000 	C:\Users\Manush G R\.gradle\native\0.2.8\x86_64-windows-gnu\gradle-fileevents.dll
0x00007ff879340000 - 0x00007ff879349000 	C:\Program Files\Android\Android Studio\jbr\bin\management.dll
0x00007ff879330000 - 0x00007ff87933b000 	C:\Program Files\Android\Android Studio\jbr\bin\management_ext.dll
0x00007ff8fe7b0000 - 0x00007ff8fe7b8000 	C:\WINDOWS\System32\PSAPI.DLL
0x00007ff8fa6a0000 - 0x00007ff8fa6d3000 	C:\WINDOWS\SYSTEM32\IPHLPAPI.DLL
0x00007ff8fe530000 - 0x00007ff8fe53a000 	C:\WINDOWS\System32\NSI.dll
0x00007ff8904f0000 - 0x00007ff8904f9000 	C:\Program Files\Android\Android Studio\jbr\bin\extnet.dll
0x00007ff8fb510000 - 0x00007ff8fb52b000 	C:\WINDOWS\SYSTEM32\CRYPTSP.dll
0x00007ff8fac10000 - 0x00007ff8fac49000 	C:\WINDOWS\system32\rsaenh.dll
0x00007ff8fb2d0000 - 0x00007ff8fb302000 	C:\WINDOWS\SYSTEM32\USERENV.dll
0x00007ff8fbe10000 - 0x00007ff8fbe3a000 	C:\WINDOWS\SYSTEM32\bcrypt.dll
0x00007ff8fb500000 - 0x00007ff8fb50c000 	C:\WINDOWS\SYSTEM32\CRYPTBASE.dll
0x00007ff89e330000 - 0x00007ff89e338000 	C:\WINDOWS\system32\wshunix.dll
0x00007ff8f7550000 - 0x00007ff8f7557000 	C:\Program Files\Android\Android Studio\jbr\bin\rmi.dll
0x00007ff8fadd0000 - 0x00007ff8fae06000 	C:\WINDOWS\SYSTEM32\ntmarta.dll

JVMTI agents:
C:\Users\Manush G R\.gradle\wrapper\dists\gradle-9.1.0-bin\9agqghryom9wkf8r80qlhnts3\gradle-9.1.0\lib\agents\gradle-instrumentation-agent-9.1.0.jar path:C:\Program Files\Android\Android Studio\jbr\bin\instrument.dll, loaded, initialized, instrumentlib options:none

dbghelp: loaded successfully - version: 4.0.5 - missing functions: none
symbol engine: initialized successfully - sym options: 0x614 - pdb path: .;C:\Program Files\Android\Android Studio\jbr\bin;C:\WINDOWS\SYSTEM32;C:\WINDOWS\WinSxS\amd64_microsoft.windows.common-controls_6595b64144ccf1df_6.0.26100.8037_none_3e092faae333b53b;C:\Program Files\Android\Android Studio\jbr\bin\server;C:\Users\Manush G R\.gradle\native\1def1411415f61bf3af743bc5b6707747c0891f09f0c88961ee8f79bc544acac\windows-amd64;C:\Users\Manush G R\.gradle\native\0.2.8\x86_64-windows-gnu

VM Arguments:
jvm_args: --add-opens=java.base/java.lang=ALL-UNNAMED --add-opens=java.base/java.lang.invoke=ALL-UNNAMED --add-opens=java.base/java.util=ALL-UNNAMED --add-opens=java.prefs/java.util.prefs=ALL-UNNAMED --add-exports=jdk.compiler/com.sun.tools.javac.api=ALL-UNNAMED --add-exports=jdk.compiler/com.sun.tools.javac.util=ALL-UNNAMED --add-opens=java.base/java.util=ALL-UNNAMED --add-opens=java.prefs/java.util.prefs=ALL-UNNAMED --add-opens=java.base/java.nio.charset=ALL-UNNAMED --add-opens=java.base/java.net=ALL-UNNAMED --add-opens=java.base/java.util.concurrent=ALL-UNNAMED --add-opens=java.base/java.util.concurrent.atomic=ALL-UNNAMED --add-opens=java.xml/javax.xml.namespace=ALL-UNNAMED --add-opens=java.base/java.time=ALL-UNNAMED -XX:MaxMetaspaceSize=1024m -XX:+HeapDumpOnOutOfMemoryError -Xms512m -Xmx4096m -Dfile.encoding=UTF-8 -Duser.country=IN -Duser.language=en -Duser.variant -javaagent:C:\Users\Manush G R\.gradle\wrapper\dists\gradle-9.1.0-bin\9agqghryom9wkf8r80qlhnts3\gradle-9.1.0\lib\agents\gradle-instrumentation-agent-9.1.0.jar 
java_command: org.gradle.launcher.daemon.bootstrap.GradleDaemon 9.1.0
java_class_path (initial): C:\Users\Manush G R\.gradle\wrapper\dists\gradle-9.1.0-bin\9agqghryom9wkf8r80qlhnts3\gradle-9.1.0\lib\gradle-daemon-main-9.1.0.jar
Launcher Type: SUN_STANDARD

[Global flags]
     intx CICompilerCount                          = 4                                         {product} {ergonomic}
   size_t CompressedClassSpaceSize                 = 872415232                                 {product} {ergonomic}
     uint ConcGCThreads                            = 3                                         {product} {ergonomic}
     uint G1ConcRefinementThreads                  = 10                                        {product} {ergonomic}
   size_t G1HeapRegionSize                         = 2097152                                   {product} {ergonomic}
    uintx GCDrainStackTargetSize                   = 64                                        {product} {ergonomic}
     bool HeapDumpOnOutOfMemoryError               = true                                   {manageable} {command line}
   size_t InitialHeapSize                          = 536870912                                 {product} {command line}
   size_t MarkStackSize                            = 4194304                                   {product} {ergonomic}
   size_t MaxHeapSize                              = 4294967296                                {product} {command line}
   size_t MaxMetaspaceSize                         = 1073741824                                {product} {command line}
   size_t MaxNewSize                               = 2575302656                                {product} {ergonomic}
   size_t MinHeapDeltaBytes                        = 2097152                                   {product} {ergonomic}
   size_t MinHeapSize                              = 536870912                                 {product} {command line}
    uintx NonNMethodCodeHeapSize                   = 5839372                                {pd product} {ergonomic}
    uintx NonProfiledCodeHeapSize                  = 122909434                              {pd product} {ergonomic}
    uintx ProfiledCodeHeapSize                     = 122909434                              {pd product} {ergonomic}
    uintx ReservedCodeCacheSize                    = 251658240                              {pd product} {ergonomic}
     bool SegmentedCodeCache                       = true                                      {product} {ergonomic}
   size_t SoftMaxHeapSize                          = 4294967296                             {manageable} {ergonomic}
     bool UseCompressedOops                        = true                           {product lp64_product} {ergonomic}
     bool UseG1GC                                  = true                                      {product} {ergonomic}
     bool UseLargePagesIndividualAllocation        = false                                  {pd product} {ergonomic}

Logging:
Log output configuration:
 #0: stdout all=warning uptime,level,tags foldmultilines=false
 #1: stderr all=off uptime,level,tags foldmultilines=false

Environment Variables:
JAVA_HOME=C:\Program Files\Java\jdk-21
PATH=C:\Program Files\Java\jdk1.8.0_144\bin;C:\Program Files\Java\jdk-21\bin;C:\sqlplus\dbhomeXE\bin;C:\ProgramData\Oracle\Java\javapath;C:\Program Files\Common Files\Oracle\Java\javapath;C:\Program Files (x86)\Common Files\Oracle\Java\javapath;C:\windows\system32;C:\windows;C:\windows\System32\Wbem;C:\windows\System32\WindowsPowerShell\v1.0\;C:\windows\System32\OpenSSH\;C:\Program Files (x86)\NVIDIA Corporation\PhysX\Common;C:\Program Files\NVIDIA Corporation\NVIDIA NvDLISR;C:\Users\Administrator\AppData\Local\Microsoft\WindowsApps;C:\Program Files\HP\OMEN-Broadcast\Common;C:\Program Files\Git\cmd;C:\Program Files\HP\HP One Agent;C:\Program Files\dotnet\;C:\Program Files\Microsoft SQL Server\150\Tools\Binn\;C:\Program Files\Microsoft SQL Server\Client SDK\ODBC\170\Tools\Binn\;C:\Program Files (x86)\Microsoft SQL Server\160\Tools\Binn\;C:\Program Files\Microsoft SQL Server\160\Tools\Binn\;C:\Program Files\Microsoft SQL Server\160\DTS\Binn\;C:\Program Files (x86)\Microsoft SQL Server\160\DTS\Binn\;C:\Program Files\nodejs\;C:\WINDOWS\system32;C:\WINDOWS;C:\WINDOWS\System32\Wbem;C:\WINDOWS\System32\WindowsPowerShell\v1.0\;C:\WINDOWS\System32\OpenSSH\;C:\xampp\php;C:\ProgramData\ComposerSetup\bin;C:\Program Files\MySQL\MySQL Shell 8.0\bin\;C:\Users\Manush G R\AppData\Local\Programs\Python\Python312\Scripts\;C:\Users\Manush G R\AppData\Local\Programs\Python\Python312\;C:\Users\Manush G R\AppData\Local\Microsoft\WindowsApps;C:\Program Files\JetBrains\IntelliJ IDEA Community Edition 2023.3.2\bin;;C:\Users\Manush G R\AppData\Local\GitHubDesktop\bin;C:\Users\Manush G R\.dotnet\tools;C:\Users\Manush G R\AppData\Roaming\npm;C:\Program Files\MySQL\MySQL Server 8.0\bin;C:\Users\Manush G R\AppData\Local\Programs\cursor\resources\app\bin;C:\Users\Manush G R\AppData\Local\Programs\Microsoft VS Code\bin;C:\Users\Manush G R\AppData\Roaming\Composer\vendor\bin;C:\Users\Manush G R\AppData\Local\Android\flutter\bin;
USERNAME=Manush G R
OS=Windows_NT
PROCESSOR_IDENTIFIER=AMD64 Family 25 Model 68 Stepping 1, AuthenticAMD
TMP=C:\Users\MANUSH~1\AppData\Local\Temp
TEMP=C:\Users\MANUSH~1\AppData\Local\Temp




Periodic native trim disabled

JNI global refs:
JNI global refs: 29, weak refs: 116

JNI global refs memory usage: 835, weak refs: 1657

Process memory usage:
Resident Set Size: 465708K (6% of 7558520K total physical memory with 48352K free physical memory)

OOME stack traces (most recent first):
Classloader memory used:
Loader org.gradle.internal.classloader.VisitableURLClassLoader$InstrumentingVisitableURLClassLoader: 99209K
Loader org.gradle.internal.classloader.VisitableURLClassLoader                         : 59187K
Loader bootstrap                                                                       : 34580K
Loader java.net.URLClassLoader                                                         : 16934K
Loader org.gradle.initialization.MixInLegacyTypesClassLoader                           : 16244K
Loader jdk.internal.loader.ClassLoaders$AppClassLoader                                 : 10490K
Loader org.gradle.internal.classloader.VisitableURLClassLoader                         : 9041K
Loader jdk.internal.reflect.DelegatingClassLoader                                      : 1637K
Loader org.gradle.groovy.scripts.internal.DefaultScriptCompilationHandler$ScriptClassLoader: 892K
Loader jdk.internal.loader.ClassLoaders$PlatformClassLoader                            : 855K
Loader jdk.internal.jrtfs.JrtFileSystemProvider$JrtFsLoader                            : 296K
Loader org.codehaus.groovy.runtime.callsite.CallSiteClassLoader                        : 3520B
Loader sun.reflect.misc.MethodUtil                                                     : 2984B

Classes loaded by more than one classloader:
Class com.intellij.gradle.toolingExtension.util.GradleVersionUtil                     : loaded 15 times (x 71B)
Class org.jetbrains.plugins.gradle.model.ExternalDependency                           : loaded 8 times (x 70B)
Class org.jetbrains.plugins.gradle.model.GradleBuildScriptClasspathModel              : loaded 8 times (x 70B)
Class com.intellij.util.containers.IntObjectHashMap                                   : loaded 8 times (x 72B)
Class com.amazon.ion.impl.lite.IonLobLite                                             : loaded 8 times (x 184B)
Class com.android.ide.gradle.model.dependencies.DeclaredDependencies                  : loaded 8 times (x 70B)
Class org.jetbrains.plugins.gradle.model.IntelliJProjectSettings                      : loaded 8 times (x 70B)
Class com.amazon.ion.impl.lite.IonTextLite                                            : loaded 8 times (x 181B)
Class com.amazon.ion.IonNumber                                                        : loaded 8 times (x 70B)
Class org.gradle.internal.impldep.gnu.trove.TObjectIntProcedure                       : loaded 8 times (x 70B)
Class com.amazon.ion.IonClob                                                          : loaded 8 times (x 70B)
Class com.amazon.ion.UnknownSymbolException                                           : loaded 8 times (x 86B)
Class com.amazon.ion.impl.bin.IonManagedBinaryWriter$UserState$1                      : loaded 8 times (x 85B)
Class org.jetbrains.plugins.gradle.tooling.serialization.internal.IdeaProjectSerializationService$ReadContext: loaded 8 times (x 72B)
Class com.android.ide.gradle.model.composites.BuildMap                                : loaded 8 times (x 70B)
Class org.jetbrains.plugins.gradle.tooling.serialization.RepositoriesModelSerializationService$WriteContext: loaded 8 times (x 72B)
Class com.amazon.ion.impl._Private_IonBinaryWriterBuilder                             : loaded 8 times (x 115B)
Class com.amazon.ion.BufferConfiguration$DataHandler                                  : loaded 8 times (x 70B)
Class com.amazon.ion.impl._Private_LocalSymbolTable                                   : loaded 8 times (x 70B)
Class com.amazon.ion.ReadOnlyValueException                                           : loaded 8 times (x 84B)
Class com.amazon.ion.IonSexp                                                          : loaded 8 times (x 70B)
Class com.amazon.ion.UnexpectedEofException                                           : loaded 8 times (x 84B)
Class com.amazon.ion.impl.bin.IonRawBinaryWriter$ThrowingRunnable                     : loaded 8 times (x 70B)
Class com.amazon.ion.IonStruct                                                        : loaded 8 times (x 70B)
Class com.amazon.ion.impl.bin.IonManagedBinaryWriter$SymbolState                      : loaded 8 times (x 80B)
Class com.amazon.ion.impl.bin.IonManagedBinaryWriter$LocalSymbolTableView             : loaded 8 times (x 107B)
Class com.amazon.ion.impl._Private_RecyclingStack$Recycler                            : loaded 8 times (x 70B)
Class com.amazon.ion.impl.bin.IonManagedBinaryWriter$SymbolState$1                    : loaded 8 times (x 80B)
Class [Lcom.amazon.ion.impl.bin.IonManagedBinaryWriter$UserState;                     : loaded 8 times (x 69B)
Class com.amazon.ion.impl.bin.utf8.Utf8StringEncoder                                  : loaded 8 times (x 80B)
Class org.jetbrains.plugins.gradle.tooling.serialization.ExternalTestsSerializationService$WriteContext: loaded 8 times (x 72B)
Class org.jetbrains.kotlin.idea.gradleTooling.KotlinGradleModel                       : loaded 8 times (x 70B)
Class com.amazon.ion.impl.bin.IonManagedBinaryWriter$UserState$2                      : loaded 8 times (x 85B)
Class com.amazon.ion.impl._Private_IonValue                                           : loaded 8 times (x 70B)
Class com.amazon.ion.impl.bin.IonManagedBinaryWriter$SymbolResolverBuilder            : loaded 8 times (x 70B)
Class com.intellij.gradle.toolingExtension.impl.model.sourceSetModel.GradleSourceSetSerialisationService$Companion: loaded 8 times (x 71B)
Class com.amazon.ion.system.IonSystemBuilder$Mutable                                  : loaded 8 times (x 75B)
Class com.amazon.ion.IonBool                                                          : loaded 8 times (x 70B)
Class com.amazon.ion.impl.LocalSymbolTableAsStruct$Factory                            : loaded 8 times (x 79B)
Class com.amazon.ion.UnsupportedIonVersionException                                   : loaded 8 times (x 85B)
Class [Lcom.amazon.ion.IonType;                                                       : loaded 8 times (x 69B)
Class com.android.ide.gradle.model.LegacyAndroidGradlePluginProperties                : loaded 8 times (x 70B)
Class [Lcom.amazon.ion.impl.bin.IonRawBinaryWriter$StreamFlushMode;                   : loaded 8 times (x 69B)
Class org.jetbrains.plugins.gradle.model.VersionCatalogsModel                         : loaded 8 times (x 70B)
Class org.jetbrains.plugins.gradle.tooling.serialization.KotlinDslScriptsModelSerializationService: loaded 8 times (x 81B)
Class org.jetbrains.plugins.gradle.model.ExternalProjectDependency                    : loaded 8 times (x 70B)
Class org.jetbrains.plugins.gradle.tooling.serialization.GradleExtensionsSerializationService$ReadContext: loaded 8 times (x 72B)
Class ijJvmDebugger1_ckepr6s4nov30zjmoumww5h9s$_run_closure1$_closure2                : loaded 8 times (x 140B)
Class com.intellij.gradle.toolingExtension.impl.model.sourceSetDependencyModel.GradleSourceSetDependencySerialisationService$SourceSetDependencyModelReadContext: loaded 8 times (x 72B)
Class com.intellij.gradle.toolingExtension.impl.model.dependencyModel.DependencyReadContext: loaded 8 times (x 72B)
Class com.amazon.ion.IonLoader                                                        : loaded 8 times (x 70B)
Class com.intellij.gradle.toolingExtension.model.repositoryModel.ProjectRepositoriesModel: loaded 8 times (x 70B)
Class com.amazon.ion.impl.bin.IonManagedBinaryWriter$UserState$3                      : loaded 8 times (x 85B)
Class com.amazon.ion.util.GzipStreamInterceptor                                       : loaded 8 times (x 85B)
Class com.amazon.ion.IonException                                                     : loaded 8 times (x 84B)
Class org.jetbrains.plugins.gradle.tooling.util.IntObjectMap$ObjectFactory            : loaded 8 times (x 70B)
Class org.jetbrains.plugins.gradle.model.GradleProperty                               : loaded 8 times (x 70B)
Class com.amazon.ion.impl.lite.ContainerlessContext                                   : loaded 8 times (x 80B)
Class com.amazon.ion.impl._Private_RecyclingQueue$Recycler                            : loaded 8 times (x 70B)
Class org.jetbrains.plugins.gradle.model.ProjectImportModelProvider                   : loaded 8 times (x 70B)
Class org.jetbrains.plugins.gradle.model.ExternalSourceSet                            : loaded 8 times (x 70B)
Class com.amazon.ion.impl.bin.IonManagedBinaryWriter$SymbolState$2                    : loaded 8 times (x 80B)
Class ijKotlinCoroutineJvmDebugInit1_3cncoyxzej6hi9z01ko4fguf9$_run_closure1          : loaded 8 times (x 139B)
Class com.amazon.ion.IonNull                                                          : loaded 8 times (x 70B)
Class [Lcom.amazon.ion.SymbolToken;                                                   : loaded 8 times (x 69B)
Class com.intellij.gradle.toolingExtension.impl.model.warmUp.GradleTaskWarmUpRequest  : loaded 8 times (x 70B)
Class com.amazon.ion.IonReader                                                        : loaded 8 times (x 70B)
Class com.intellij.gradle.toolingExtension.impl.model.sourceSetModel.GradleSourceSetSerialisationService$SourceSetModelWriteContext: loaded 8 times (x 72B)
Class org.jetbrains.plugins.gradle.model.UnresolvedExternalDependency                 : loaded 8 times (x 70B)
Class org.jetbrains.plugins.gradle.model.AnnotationProcessingConfig                   : loaded 8 times (x 70B)
Class com.amazon.ion.system.IonReaderBuilder                                          : loaded 8 times (x 95B)
Class com.intellij.gradle.toolingExtension.impl.model.projectModel.GradleExternalProjectSerializationService$WriteContext: loaded 8 times (x 73B)
Class com.amazon.ion.impl.bin._Private_IonManagedBinaryWriterBuilder                  : loaded 8 times (x 72B)
Class com.amazon.ion.impl._Private_IonWriter                                          : loaded 8 times (x 70B)
Class com.amazon.ion.impl.bin.IonManagedBinaryWriter$UserState$4                      : loaded 8 times (x 85B)
Class com.amazon.ion.system.IonBinaryWriterBuilder                                    : loaded 8 times (x 99B)
Class org.jetbrains.plugins.gradle.model.AnnotationProcessingModel                    : loaded 8 times (x 70B)
Class org.jetbrains.plugins.gradle.model.GradleExtensions                             : loaded 8 times (x 70B)
Class com.amazon.ion.impl.bin.IonManagedBinaryWriter$UserState                        : loaded 8 times (x 85B)
Class com.amazon.ion.impl.bin.IonRawBinaryWriter$ContainerInfo                        : loaded 8 times (x 74B)
Class com.amazon.ion.impl.bin.IonManagedBinaryWriter$SymbolState$3                    : loaded 8 times (x 80B)
Class com.amazon.ion.impl.bin.IonRawBinaryWriter$StreamFlushMode                      : loaded 8 times (x 79B)
Class org.gradle.internal.impldep.com.google.common.base.Preconditions                : loaded 8 times (x 71B)
Class org.jetbrains.plugins.gradle.tooling.util.IntObjectMap$1                        : loaded 8 times (x 77B)
Class com.amazon.ion.IonBinaryWriter                                                  : loaded 8 times (x 70B)
Class com.intellij.gradle.toolingExtension.impl.model.sourceSetArtifactIndex.GradleSourceSetArtifactBuildRequest: loaded 8 times (x 70B)
Class com.amazon.ion.impl._Private_Utils                                              : loaded 8 times (x 71B)
Class com.intellij.util.ThrowableConsumer                                             : loaded 8 times (x 70B)
Class org.jetbrains.plugins.gradle.tooling.serialization.RepositoriesModelSerializationService$ReadContext: loaded 8 times (x 72B)
Class [Lcom.amazon.ion.impl.bin.AbstractIonWriter$WriteValueOptimization;             : loaded 8 times (x 69B)
Class com.amazon.ion.impl.bin.IonManagedBinaryWriter$SymbolState$4                    : loaded 8 times (x 80B)
Class [Lcom.amazon.ion.util.InputStreamInterceptor;                                   : loaded 8 times (x 69B)
Class com.intellij.gradle.toolingExtension.impl.model.sourceSetModel.GradleSourceSetSerialisationService$SourceSetModelReadContext: loaded 8 times (x 72B)
Class com.intellij.gradle.toolingExtension.impl.model.utilTurnOffDefaultTasksModel.TurnOffDefaultTasks: loaded 8 times (x 70B)
Class org.jetbrains.plugins.gradle.tooling.serialization.RepositoriesModelSerializationService: loaded 8 times (x 82B)
Class com.amazon.ion.IonCatalog                                                       : loaded 8 times (x 70B)
Class com.amazon.ion.system.IonSystemBuilder                                          : loaded 8 times (x 75B)
Class com.amazon.ion.impl.bin.Symbols                                                 : loaded 8 times (x 71B)
Class com.amazon.ion.impl._Private_IonWriterBase                                      : loaded 8 times (x 162B)
Class [Lcom.amazon.ion.impl.bin.IonManagedBinaryWriter$SymbolState;                   : loaded 8 times (x 69B)
Class com.amazon.ion.IonBufferConfiguration                                           : loaded 8 times (x 73B)
Class com.android.ide.gradle.model.artifacts.AdditionalClassifierArtifactsModel       : loaded 8 times (x 70B)
Class com.intellij.gradle.toolingExtension.impl.model.projectModel.GradleExternalProjectSerializationService$ReadContext: loaded 8 times (x 73B)
Class org.jetbrains.kotlin.idea.gradleTooling.AndroidAwareGradleModelProvider$Companion: loaded 8 times (x 71B)
Class com.intellij.gradle.toolingExtension.impl.model.dependencyModel.DependencyWriteContext: loaded 8 times (x 72B)
Class [Lcom.amazon.ion.impl.bin.IonRawBinaryWriter$StreamCloseMode;                   : loaded 8 times (x 69B)
Class com.amazon.ion.impl.lite.IonSymbolLite                                          : loaded 8 times (x 246B)
Class com.amazon.ion.impl.bin.IonManagedBinaryWriter$ImportedSymbolResolverMode$1     : loaded 8 times (x 80B)
Class org.jetbrains.plugins.gradle.tooling.serialization.internal.IdeaProjectSerializationService$WriteContext$1: loaded 8 times (x 83B)
Class com.intellij.util.containers.IntObjectHashMap$ArrayProducer                     : loaded 8 times (x 70B)
Class org.jetbrains.plugins.gradle.model.ExternalProject                              : loaded 8 times (x 70B)
Class org.jetbrains.plugins.gradle.model.GradleConfiguration                          : loaded 8 times (x 70B)
Class ijInit5_4cvx06icy52u82joeftbi0bi6$_run_closure1                                 : loaded 8 times (x 140B)
Class com.amazon.ion.impl.bin.utf8.Utf8StringEncoderPool                              : loaded 8 times (x 74B)
Class com.amazon.ion.impl.bin.utf8.Pool                                               : loaded 8 times (x 74B)
Class com.amazon.ion.impl._Private_IonSystem                                          : loaded 8 times (x 70B)
Class org.gradle.internal.impldep.gnu.trove.TObjectIdentityHashingStrategy            : loaded 8 times (x 78B)
Class org.jetbrains.plugins.gradle.tooling.serialization.ProjectDependenciesSerializationService$ReadContext: loaded 8 times (x 72B)
Class com.amazon.ion.impl.IonWriterSystemTextMarkup                                   : loaded 8 times (x 192B)
Class com.amazon.ion.impl.bin.BlockAllocator                                          : loaded 8 times (x 80B)
Class com.intellij.gradle.toolingExtension.impl.model.taskModel.GradleTaskSerialisationService: loaded 8 times (x 76B)
Class com.intellij.openapi.externalSystem.model.project.dependencies.ProjectDependencies: loaded 8 times (x 70B)
Class com.amazon.ion.BufferConfiguration$OversizedValueHandler                        : loaded 8 times (x 70B)
Class com.amazon.ion.impl._Private_SymtabExtendsCache                                 : loaded 8 times (x 72B)
Class com.amazon.ion.impl.bin.IonManagedBinaryWriter$ImportedSymbolResolverMode$2     : loaded 8 times (x 80B)
Class org.jetbrains.plugins.gradle.tooling.serialization.internal.IdeaProjectSerializationService$WriteContext$2: loaded 8 times (x 83B)
Class com.intellij.openapi.externalSystem.model.project.IExternalSystemSourceType     : loaded 8 times (x 70B)
Class com.amazon.ion.impl._Private_IonReaderBuilder$Mutable                           : loaded 8 times (x 97B)
Class com.amazon.ion.system.SimpleCatalog                                             : loaded 8 times (x 91B)
Class com.intellij.gradle.toolingExtension.impl.model.taskModel.GradleTaskSerialisationService$Companion: loaded 8 times (x 71B)
Class com.amazon.ion.BufferConfiguration                                              : loaded 8 times (x 73B)
Class org.jetbrains.plugins.gradle.tooling.serialization.GradleExtensionsSerializationService$WriteContext: loaded 8 times (x 72B)
Class org.jetbrains.plugins.gradle.javaModel.JavaGradleManifestModel                  : loaded 8 times (x 70B)
Class [Lcom.amazon.ion.util.GzipStreamInterceptor;                                    : loaded 8 times (x 69B)
Class org.jetbrains.kotlin.idea.projectModel.KotlinTaskProperties                     : loaded 8 times (x 70B)
Class org.jetbrains.plugins.gradle.tooling.util.ObjectCollector$Processor             : loaded 8 times (x 70B)
Class org.jetbrains.plugins.gradle.tooling.serialization.internal.IdeaProjectSerializationService: loaded 8 times (x 77B)
Class com.amazon.ion.SymbolTable                                                      : loaded 8 times (x 70B)
Class com.amazon.ion.impl.bin.IonManagedBinaryWriter$ImportDescriptor                 : loaded 8 times (x 76B)
Class com.amazon.ion.impl.bin.AbstractIonWriter                                       : loaded 8 times (x 161B)
Class ijKotlinCoroutineJvmDebugInit1_3cncoyxzej6hi9z01ko4fguf9                        : loaded 8 times (x 171B)
Class com.amazon.ion.impl._Private_IonSymbol                                          : loaded 8 times (x 70B)
Class com.amazon.ion.impl.lite.IonValueLite                                           : loaded 8 times (x 147B)
Class com.amazon.ion.IonContainer                                                     : loaded 8 times (x 70B)
Class com.amazon.ion.impl.bin.PooledBlockAllocatorProvider                            : loaded 8 times (x 73B)
Class com.amazon.ion.impl.lite.IonSystemLite                                          : loaded 8 times (x 275B)
Class com.amazon.ion.util.InputStreamInterceptor                                      : loaded 8 times (x 70B)
Class com.amazon.ion.impl.bin.IonRawBinaryWriter$PreallocationMode                    : loaded 8 times (x 82B)
Class com.amazon.ion.impl.bin._Private_IonRawWriter                                   : loaded 8 times (x 70B)
Class com.amazon.ion.IonWriter                                                        : loaded 8 times (x 70B)
Class org.jetbrains.plugins.gradle.tooling.util.ObjectCollector                       : loaded 8 times (x 72B)
Class org.jetbrains.plugins.gradle.model.GradleTaskModel                              : loaded 8 times (x 70B)
Class com.android.ide.gradle.model.LegacyV1AgpVersionModel                            : loaded 8 times (x 70B)
Class com.amazon.ion.impl.bin._Private_IonManagedBinaryWriterBuilder$AllocatorMode    : loaded 8 times (x 80B)
Class com.amazon.ion.impl._Private_SymbolToken                                        : loaded 8 times (x 70B)
Class com.amazon.ion.impl.bin.IonManagedBinaryWriter$SymbolResolver                   : loaded 8 times (x 70B)
Class org.jetbrains.plugins.gradle.tooling.serialization.AnnotationProcessingModelSerializationService$ReadContext: loaded 8 times (x 72B)
Class org.jetbrains.plugins.gradle.model.GradleSourceSetDependencyModel               : loaded 8 times (x 70B)
Class com.amazon.ion.IonString                                                        : loaded 8 times (x 70B)
Class org.jetbrains.plugins.gradle.tooling.serialization.internal.IdeaProjectSerializationService$WriteContext$3: loaded 8 times (x 83B)
Class com.amazon.ion.IonDecimal                                                       : loaded 8 times (x 70B)
Class com.amazon.ion.SubstituteSymbolTableException                                   : loaded 8 times (x 84B)
Class org.jetbrains.plugins.gradle.model.tests.ExternalTestsModel                     : loaded 8 times (x 70B)
Class com.amazon.ion.ValueFactory                                                     : loaded 8 times (x 70B)
Class [Lcom.amazon.ion.impl.bin.IonManagedBinaryWriter$ImportedSymbolResolverMode;    : loaded 8 times (x 69B)
Class com.amazon.ion.impl._Private_RecyclingQueue$ElementFactory                      : loaded 8 times (x 70B)
Class com.amazon.ion.impl._Private_IonContainer                                       : loaded 8 times (x 70B)
Class com.intellij.gradle.toolingExtension.impl.model.buildScriptClasspathModel.GradleBuildScriptClasspathSerializationService$ReadContext: loaded 8 times (x 72B)
Class org.gradle.internal.impldep.gnu.trove.TObjectIntHashMap                         : loaded 8 times (x 109B)
Class com.amazon.ion.impl.SymbolTokenImpl                                             : loaded 8 times (x 81B)
Class com.amazon.ion.IonText                                                          : loaded 8 times (x 70B)
Class com.amazon.ion.impl.bin.utf8.Pool$Allocator                                     : loaded 8 times (x 70B)
Class com.amazon.ion.impl.bin.utf8.Utf8StringEncoder$Result                           : loaded 8 times (x 74B)
Class com.amazon.ion.impl.IonWriterSystemText                                         : loaded 8 times (x 190B)
Class com.amazon.ion.impl.lite.IonContext                                             : loaded 8 times (x 70B)
Class com.amazon.ion.impl.lite.IonLoaderLite                                          : loaded 8 times (x 82B)
Class com.amazon.ion.impl.bin.utf8.Utf8StringEncoderPool$1                            : loaded 8 times (x 76B)
Class org.jetbrains.plugins.gradle.model.ExternalTask                                 : loaded 8 times (x 70B)
Class com.intellij.openapi.externalSystem.model.ExternalSystemException               : loaded 8 times (x 86B)
Class org.jetbrains.kotlin.idea.gradleTooling.AndroidAwareGradleModelProvider         : loaded 8 times (x 79B)
Class ijJvmDebugger1_ckepr6s4nov30zjmoumww5h9s                                        : loaded 8 times (x 171B)
Class com.amazon.ion.impl._Private_RecyclingQueue                                     : loaded 8 times (x 80B)
Class org.jetbrains.plugins.gradle.tooling.serialization.internal.IdeaProjectSerializationService$WriteContext$4: loaded 8 times (x 83B)
Class com.intellij.gradle.toolingExtension.impl.model.sourceSetDependencyModel.GradleSourceSetDependencySerialisationService$Companion: loaded 8 times (x 71B)
Class com.amazon.ion.impl.bin.IonRawBinaryWriter$StreamCloseMode                      : loaded 8 times (x 79B)
Class com.amazon.ion.impl._Private_IonBinaryWriterBuilder$Mutable                     : loaded 8 times (x 115B)
Class ijInit5_4cvx06icy52u82joeftbi0bi6                                               : loaded 8 times (x 171B)
Class com.amazon.ion.impl._Private_RecyclingStack$$Iterator                           : loaded 8 times (x 99B)
Class com.amazon.ion.impl.SharedSymbolTable                                           : loaded 8 times (x 93B)
Class com.amazon.ion.impl.bin.IonRawBinaryWriter                                      : loaded 8 times (x 169B)
Class com.amazon.ion.SymbolToken                                                      : loaded 8 times (x 70B)
Class com.amazon.ion.impl.bin.Block                                                   : loaded 8 times (x 79B)
Class ijJvmDebugger1_ckepr6s4nov30zjmoumww5h9s$_run_closure1                          : loaded 8 times (x 139B)
Class com.amazon.ion.BufferConfiguration$Builder                                      : loaded 8 times (x 78B)
Class org.jetbrains.plugins.gradle.tooling.serialization.internal.IdeaProjectSerializationService$WriteContext$5: loaded 8 times (x 83B)
Class com.intellij.gradle.toolingExtension.impl.model.sourceSetDependencyModel.GradleSourceSetDependencySerialisationService$SourceSetDependencyModelWriteContext: loaded 8 times (x 72B)
Class com.amazon.ion.system.IonWriterBuilderBase                                      : loaded 8 times (x 83B)
Class com.intellij.gradle.toolingExtension.impl.model.projectModel.GradleExternalProjectSerializationService: loaded 8 times (x 77B)
Class com.intellij.gradle.toolingExtension.impl.model.utilDummyModel.DummyModel       : loaded 8 times (x 70B)
Class com.amazon.ion.impl.SymbolTableAsStruct                                         : loaded 8 times (x 70B)
Class org.gradle.internal.impldep.gnu.trove.TObjectHashingStrategy                    : loaded 8 times (x 70B)
Class com.amazon.ion.impl.lite.IonStringLite                                          : loaded 8 times (x 212B)
Class [Lcom.amazon.ion.impl.bin.IonRawBinaryWriter$ContainerType;                     : loaded 8 times (x 69B)
Class org.jetbrains.plugins.gradle.model.FileCollectionDependency                     : loaded 8 times (x 70B)
Class ijKotlinCoroutineJvmDebugInit1_3cncoyxzej6hi9z01ko4fguf9$_run_closure1$_closure2: loaded 8 times (x 139B)
Class com.amazon.ion.impl.bin.PooledBlockAllocatorProvider$PooledBlockAllocator$1     : loaded 8 times (x 79B)
Class com.amazon.ion.impl.bin.IntList                                                 : loaded 8 times (x 77B)
Class com.amazon.ion.impl._Private_RecyclingQueue$ElementIterator                     : loaded 8 times (x 82B)
Class com.amazon.ion.impl.lite._Private_LiteDomTrampoline                             : loaded 8 times (x 71B)
Class com.amazon.ion.impl.lite.IonBoolLite                                            : loaded 8 times (x 178B)
Class org.gradle.internal.impldep.gnu.trove.TObjectHash$NULL                          : loaded 8 times (x 71B)
Class com.amazon.ion.IonType                                                          : loaded 8 times (x 79B)
Class org.jetbrains.plugins.gradle.tooling.serialization.internal.IdeaProjectSerializationService$WriteContext$6: loaded 8 times (x 83B)
Class org.jetbrains.plugins.gradle.tooling.util.IntObjectMap                          : loaded 8 times (x 73B)
Class com.amazon.ion.impl._Private_Utils$1                                            : loaded 8 times (x 89B)
Class org.gradle.internal.impldep.gnu.trove.TObjectCanonicalHashingStrategy           : loaded 8 times (x 80B)
Class com.amazon.ion.impl.lite.IonTimestampLite                                       : loaded 8 times (x 192B)
Class com.amazon.ion.impl.lite.IonSequenceLite                                        : loaded 8 times (x 432B)
Class com.amazon.ion.impl.LocalSymbolTableAsStruct                                    : loaded 8 times (x 126B)
Class com.amazon.ion.impl.bin.IonRawBinaryWriter$PatchPoint                           : loaded 8 times (x 73B)
Class com.amazon.ion.IonBlob                                                          : loaded 8 times (x 70B)
Class com.amazon.ion.IonLob                                                           : loaded 8 times (x 70B)
Class com.amazon.ion.IonSequence                                                      : loaded 8 times (x 70B)
Class org.jetbrains.plugins.gradle.tooling.serialization.ExternalTestsSerializationService: loaded 8 times (x 77B)
Class com.amazon.ion.impl.lite.ValueFactoryLite                                       : loaded 8 times (x 218B)
Class org.jetbrains.kotlin.idea.gradleTooling.model.kapt.KaptGradleModel              : loaded 8 times (x 70B)
Class org.gradle.internal.impldep.gnu.trove.PrimeFinder                               : loaded 8 times (x 71B)
Class com.intellij.gradle.toolingExtension.impl.model.buildScriptClasspathModel.GradleBuildScriptClasspathSerializationService$WriteContext: loaded 8 times (x 72B)
Class org.jetbrains.kotlin.idea.gradleTooling.KotlinDslScriptAdditionalTask           : loaded 8 times (x 70B)
Class org.jetbrains.plugins.gradle.model.ClasspathEntryModel                          : loaded 8 times (x 70B)
Class com.amazon.ion.IonMutableCatalog                                                : loaded 8 times (x 70B)
Class com.amazon.ion.impl._Private_IonReaderBuilder                                   : loaded 8 times (x 97B)
Class com.amazon.ion.impl._Private_RecyclingStack                                     : loaded 8 times (x 79B)
Class org.jetbrains.plugins.gradle.ExternalDependencyId                               : loaded 8 times (x 70B)
Class org.jetbrains.plugins.gradle.model.RepositoryModels                             : loaded 8 times (x 70B)
Class com.amazon.ion.IonBufferConfiguration$Builder                                   : loaded 8 times (x 78B)
Class org.jetbrains.plugins.gradle.tooling.serialization.internal.IdeaProjectSerializationService$WriteContext$7: loaded 8 times (x 83B)
Class com.intellij.gradle.toolingExtension.impl.model.buildScriptClasspathModel.GradleBuildScriptClasspathSerializationService: loaded 8 times (x 77B)
Class com.amazon.ion.impl.lite.IonDecimalLite                                         : loaded 8 times (x 188B)
Class com.android.ide.gradle.model.dependencies.Coordinates                           : loaded 8 times (x 70B)
Class org.gradle.internal.impldep.gnu.trove.Equality                                  : loaded 8 times (x 70B)
Class com.amazon.ion.impl.bin._Private_IonManagedBinaryWriterBuilder$AllocatorMode$2  : loaded 8 times (x 80B)
Class org.jetbrains.plugins.gradle.model.GradleExtension                              : loaded 8 times (x 70B)
Class com.amazon.ion.impl._Private_IonTextWriterBuilder                               : loaded 8 times (x 102B)
Class com.amazon.ion.impl.lite.IonFloatLite                                           : loaded 8 times (x 186B)
Class com.amazon.ion.IonTimestamp                                                     : loaded 8 times (x 70B)
Class com.amazon.ion.impl.bin.PooledBlockAllocatorProvider$PooledBlockAllocator       : loaded 8 times (x 81B)
Class org.jetbrains.kotlin.tooling.core.KotlinToolingVersion                          : loaded 8 times (x 75B)
Class org.jetbrains.plugins.gradle.tooling.serialization.GradleExtensionsSerializationService: loaded 8 times (x 77B)
Class com.amazon.ion.impl.bin.WriteBuffer                                             : loaded 8 times (x 78B)
Class com.amazon.ion.impl.bin.IonManagedBinaryWriter$ImportedSymbolResolverMode       : loaded 8 times (x 80B)
Class com.amazon.ion.impl.LocalSymbolTable$Factory                                    : loaded 8 times (x 77B)
Class com.amazon.ion.impl.bin.IonManagedBinaryWriter                                  : loaded 8 times (x 166B)
Class com.amazon.ion.system.IonTextWriterBuilder                                      : loaded 8 times (x 98B)
Class com.amazon.ion.impl.bin.IonRawBinaryWriter$PreallocationMode$3                  : loaded 8 times (x 82B)
Class com.amazon.ion.impl.bin.IonManagedBinaryWriter$ImportedSymbolResolverMode$1$1$1 : loaded 8 times (x 76B)
Class org.jetbrains.plugins.gradle.tooling.serialization.internal.IdeaProjectSerializationService$WriteContext$8: loaded 8 times (x 83B)
Class com.amazon.ion.impl._Private_LocalSymbolTableFactory                            : loaded 8 times (x 70B)
Class org.jetbrains.plugins.gradle.tooling.serialization.AnnotationProcessingModelSerializationService: loaded 8 times (x 77B)
Class org.jetbrains.plugins.gradle.tooling.serialization.ProjectDependenciesSerializationService: loaded 8 times (x 77B)
Class com.android.ide.gradle.model.GradlePluginModel                                  : loaded 8 times (x 70B)
Class com.amazon.ion.IonFloat                                                         : loaded 8 times (x 70B)
Class com.amazon.ion.impl.lite.IonListLite                                            : loaded 8 times (x 490B)
Class com.amazon.ion.impl.lite.IonSexpLite                                            : loaded 8 times (x 490B)
Class org.jetbrains.plugins.gradle.tooling.serialization.ProjectDependenciesSerializationService$WriteContext: loaded 8 times (x 72B)
Class com.amazon.ion.impl.bin._Private_IonManagedBinaryWriterBuilder$AllocatorMode$1  : loaded 8 times (x 80B)
Class com.amazon.ion.Decimal                                                          : loaded 8 times (x 133B)
Class com.amazon.ion.impl.bin.AbstractSymbolTable                                     : loaded 8 times (x 107B)
Class com.amazon.ion.impl._Private_ReaderWriter                                       : loaded 8 times (x 70B)
Class com.amazon.ion.IonDatagram                                                      : loaded 8 times (x 70B)
Class com.amazon.ion.impl._Private_RecyclingStack$ElementFactory                      : loaded 8 times (x 70B)
Class com.amazon.ion.impl.bin.IonManagedBinaryWriter$ImportedSymbolResolverMode$1$1   : loaded 8 times (x 78B)
Class com.amazon.ion.impl._Private_ByteTransferSink                                   : loaded 8 times (x 70B)
Class com.amazon.ion.impl.lite.IonStructLite                                          : loaded 8 times (x 298B)
Class com.intellij.openapi.externalSystem.model.project.dependencies.ResolutionState  : loaded 8 times (x 79B)
Class com.intellij.compose.ide.plugin.gradleTooling.rt.ComposeResourcesModel          : loaded 8 times (x 70B)
Class org.jetbrains.kotlin.idea.gradleTooling.PrepareKotlinIdeImportTaskModel         : loaded 8 times (x 70B)
Class com.amazon.ion.impl.bin.IonRawBinaryWriter$PreallocationMode$2                  : loaded 8 times (x 82B)
Class com.amazon.ion.IonInt                                                           : loaded 8 times (x 70B)
Class org.jetbrains.kotlin.idea.gradleTooling.KotlinGradlePluginVersion               : loaded 8 times (x 70B)
Class org.jetbrains.plugins.gradle.model.GradleSourceSetModel                         : loaded 8 times (x 70B)
Class com.intellij.gradle.toolingExtension.impl.model.sourceSetDependencyModel.GradleSourceSetDependencySerialisationService: loaded 8 times (x 77B)
Class org.jetbrains.plugins.gradle.tooling.serialization.internal.IdeaProjectSerializationService$WriteContext: loaded 8 times (x 72B)
Class org.jetbrains.plugins.gradle.model.ExternalLibraryDependency                    : loaded 8 times (x 70B)
Class org.gradle.internal.impldep.gnu.trove.THash                                     : loaded 8 times (x 81B)
Class org.jetbrains.plugins.gradle.tooling.serialization.AnnotationProcessingModelSerializationService$WriteContext: loaded 8 times (x 72B)
Class com.amazon.ion.IonSymbol                                                        : loaded 8 times (x 70B)
Class com.amazon.ion.impl.bin.utf8.Poolable                                           : loaded 8 times (x 79B)
Class com.amazon.ion.impl.bin.BlockAllocatorProvider                                  : loaded 8 times (x 72B)
Class com.amazon.ion.impl.lite.IonBlobLite                                            : loaded 8 times (x 219B)
Class com.amazon.ion.impl.LocalSymbolTable                                            : loaded 8 times (x 121B)
Class com.amazon.ion.impl.bin.IonRawBinaryWriter$1                                    : loaded 8 times (x 77B)
Class [Lcom.amazon.ion.SymbolTable;                                                   : loaded 8 times (x 69B)
Class com.amazon.ion.impl.bin.IonBinaryWriterAdapter$Factory                          : loaded 8 times (x 70B)
Class com.amazon.ion.impl.BlockedBuffer$BufferedOutputStream                          : loaded 8 times (x 90B)
Class com.amazon.ion.facet.Faceted                                                    : loaded 8 times (x 70B)
Class org.jetbrains.plugins.gradle.tooling.serialization.ExternalTestsSerializationService$ReadContext: loaded 8 times (x 72B)
Class org.jetbrains.plugins.gradle.tooling.serialization.ToolingStreamApiUtils        : loaded 8 times (x 71B)
Class com.amazon.ion.system.IonWriterBuilder                                          : loaded 8 times (x 74B)
Class com.intellij.gradle.toolingExtension.impl.model.dependencyDownloadPolicyModel.GradleDependencyDownloadPolicy: loaded 8 times (x 70B)
Class [Lcom.amazon.ion.impl.bin.IonRawBinaryWriter$PreallocationMode;                 : loaded 8 times (x 69B)
Class com.amazon.ion.util._Private_FastAppendable                                     : loaded 8 times (x 70B)
Class com.amazon.ion.impl._Private_IonReaderBuilder$TwoElementInputStream             : loaded 8 times (x 92B)
Class com.amazon.ion.impl.lite.IonIntLite                                             : loaded 8 times (x 189B)
Class com.amazon.ion.IonBufferConfiguration$OversizedSymbolTableHandler               : loaded 8 times (x 70B)
Class com.amazon.ion.impl.lite.IonContainerLite                                       : loaded 8 times (x 248B)
Class org.jetbrains.plugins.gradle.tooling.serialization.SerializationService         : loaded 8 times (x 70B)
Class org.jetbrains.kotlin.idea.gradleTooling.model.kapt.KaptSourceSetModel           : loaded 8 times (x 70B)
Class com.amazon.ion.impl.lite.IonNullLite                                            : loaded 8 times (x 175B)
Class com.amazon.ion.IonValue                                                         : loaded 8 times (x 70B)
Class org.jetbrains.plugins.gradle.model.DependencyAccessorsModel                     : loaded 8 times (x 70B)
Class org.jetbrains.plugins.gradle.tooling.ModelBuilderService$Parameter              : loaded 8 times (x 70B)
Class org.gradle.internal.impldep.gnu.trove.TObjectHash                               : loaded 8 times (x 94B)
Class org.jetbrains.kotlin.idea.gradleTooling.KotlinMPPGradleModel                    : loaded 8 times (x 70B)
Class [Lcom.amazon.ion.impl.bin._Private_IonManagedBinaryWriterBuilder$AllocatorMode; : loaded 8 times (x 69B)
Class com.amazon.ion.impl.bin.IonRawBinaryWriter$PreallocationMode$1                  : loaded 8 times (x 82B)
Class com.amazon.ion.impl._Private_ValueFactory                                       : loaded 8 times (x 70B)
Class com.amazon.ion.impl.bin._Private_IonManagedWriter                               : loaded 8 times (x 70B)
Class com.intellij.gradle.toolingExtension.impl.model.sourceSetModel.GradleSourceSetSerialisationService: loaded 8 times (x 77B)
Class com.amazon.ion.impl.bin.Symbols$2                                               : loaded 8 times (x 107B)
Class com.amazon.ion.impl.lite.IonClobLite                                            : loaded 8 times (x 220B)
Class com.amazon.ion.impl.IonWriterSystem                                             : loaded 8 times (x 171B)
Class com.android.ide.gradle.model.GradlePropertiesModel                              : loaded 8 times (x 70B)
Class [Lcom.intellij.openapi.externalSystem.model.project.dependencies.ResolutionState;: loaded 8 times (x 69B)
Class com.amazon.ion.IonList                                                          : loaded 8 times (x 70B)
Class com.amazon.ion.impl.bin.IonRawBinaryWriter$ContainerType                        : loaded 8 times (x 79B)
Class com.amazon.ion.impl._Private_IonTextWriterBuilder$Mutable                       : loaded 8 times (x 102B)
Class org.jetbrains.plugins.gradle.tooling.serialization.internal.adapter.Supplier    : loaded 8 times (x 70B)
Class com.amazon.ion.IonSystem                                                        : loaded 8 times (x 70B)
Class com.amazon.ion.impl.bin.IonManagedBinaryWriter$ImportedSymbolContext            : loaded 8 times (x 72B)
Class com.amazon.ion.impl.bin.AbstractIonWriter$WriteValueOptimization                : loaded 8 times (x 79B)
Class org.jetbrains.plugins.gradle.model.IntelliJSettings                             : loaded 8 times (x 70B)
Class org.jetbrains.kotlin.idea.gradleTooling.KotlinSourceSetContainer                : loaded 8 times (x 70B)
Class [Lcom.android.ide.gradle.model.builder.LegacyAndroidGradlePluginPropertiesModelBuilder$PluginType;: loaded 7 times (x 69B)
Class com.intellij.gradle.toolingExtension.impl.model.dependencyModel.GradleDependencyResolver$1: loaded 7 times (x 77B)
Class org.gradle.internal.impldep.com.google.gson.internal.bind.ArrayTypeAdapter      : loaded 7 times (x 74B)
Class org.gradle.internal.impldep.com.google.common.base.Objects                      : loaded 7 times (x 71B)
Class com.intellij.gradle.toolingExtension.impl.model.buildScriptClasspathModel.DefaultGradleBuildScriptClasspathModel: loaded 7 times (x 83B)
Class org.gradle.internal.impldep.com.google.common.collect.AbstractIterator          : loaded 7 times (x 82B)
Class org.gradle.internal.impldep.com.google.gson.internal.bind.TypeAdapters$19       : loaded 7 times (x 75B)
Class org.gradle.internal.impldep.com.google.gson.FieldNamingPolicy$2                 : loaded 7 times (x 83B)
Class org.gradle.internal.impldep.com.google.gson.internal.bind.ReflectiveTypeAdapterFactory$Adapter: loaded 7 times (x 77B)
Class org.jetbrains.kotlin.idea.gradleTooling.PrepareKotlinIdeaImportTaskModelBuilder : loaded 7 times (x 86B)
Class org.jetbrains.kotlin.idea.gradleTooling.reflect.KotlinSourceSetReflectionImpl$Companion: loaded 7 times (x 71B)
Class com.intellij.gradle.toolingExtension.impl.model.sourceSetModel.GradleSourceSetModelBuilder: loaded 7 times (x 86B)
Class org.jetbrains.kotlin.idea.gradleTooling.reflect.ReflectionKt                    : loaded 7 times (x 71B)
Class org.jetbrains.kotlin.idea.gradleTooling.AndroidAwareGradleModelProvider$Result  : loaded 7 times (x 72B)
Class org.gradle.internal.impldep.com.google.gson.reflect.TypeToken                   : loaded 7 times (x 75B)
Class org.gradle.internal.impldep.com.google.common.collect.Lists$StringAsImmutableList: loaded 7 times (x 207B)
Class com.intellij.gradle.toolingExtension.impl.javaModel.manifestModel.JavaGradleManifestModelBuilder: loaded 7 times (x 86B)
Class org.jetbrains.kotlin.idea.gradleTooling.OrphanSourceSetImportingChecker         : loaded 7 times (x 74B)
Class org.jetbrains.kotlin.idea.gradleTooling.KotlinDslScriptTaskModelBuilder$Companion: loaded 7 times (x 71B)
Class org.jetbrains.kotlin.idea.gradleTooling.model.samWithReceiver.SamWithReceiverModelBuilderService: loaded 7 times (x 85B)
Class org.jetbrains.kotlin.idea.gradleTooling.ModelBuilderUtilsKt                     : loaded 7 times (x 71B)
Class org.gradle.internal.impldep.com.google.gson.internal.bind.CollectionTypeAdapterFactory: loaded 7 times (x 75B)
Class org.gradle.internal.impldep.com.google.gson.internal.bind.TypeAdapters$1        : loaded 7 times (x 75B)
Class org.jetbrains.plugins.gradle.tooling.serialization.ExternalTestsSerializationService$1: loaded 7 times (x 76B)
Class org.jetbrains.kotlin.idea.gradleTooling.reflect.KotlinCompilerArgumentsResolverReflection: loaded 7 times (x 70B)
Class org.jetbrains.kotlin.tooling.core.InternerImpl$Store$Strong                     : loaded 7 times (x 76B)
Class com.intellij.gradle.toolingExtension.impl.model.sourceSetDependencyModel.GradleSourceSetDependencyResolver: loaded 7 times (x 72B)
Class org.jetbrains.plugins.gradle.model.DefaultExternalProject                       : loaded 7 times (x 95B)
Class com.intellij.gradle.toolingExtension.impl.model.sourceSetDependencyModel.GradleSourceSetDependencyModelBuilder: loaded 7 times (x 86B)
Class org.gradle.internal.impldep.com.google.common.collect.Iterators                 : loaded 7 times (x 71B)
Class org.jetbrains.kotlin.idea.gradleTooling.model.allopen.AllOpenModelBuilderService: loaded 7 times (x 85B)
Class org.jetbrains.kotlin.idea.gradleTooling.model.lombok.LombokModelBuilderService  : loaded 7 times (x 87B)
Class org.gradle.internal.impldep.com.google.common.collect.Iterators$9               : loaded 7 times (x 81B)
Class org.jetbrains.kotlin.idea.gradleTooling.KotlinTaskPropertiesImpl                : loaded 7 times (x 78B)
Class org.jetbrains.kotlin.idea.gradleTooling.reflect.TypeToken                       : loaded 7 times (x 72B)
Class org.jetbrains.plugins.gradle.tooling.util.StringUtils                           : loaded 7 times (x 71B)
Class org.jetbrains.plugins.gradle.model.DefaultExternalTask                          : loaded 7 times (x 83B)
Class org.gradle.internal.impldep.com.google.gson.internal.sql.SqlDateTypeAdapter$1   : loaded 7 times (x 75B)
Class org.jetbrains.plugins.gradle.tooling.builder.EarModelBuilderImpl                : loaded 7 times (x 86B)
Class org.jetbrains.plugins.gradle.tooling.ModelBuilderService$ParameterizedModelBuilderService: loaded 7 times (x 70B)
Class org.jetbrains.plugins.gradle.tooling.serialization.GradleExtensionsSerializationService$3: loaded 7 times (x 76B)
Class com.android.ide.gradle.model.dependencies.DeclaredDependenciesImpl              : loaded 7 times (x 76B)
Class com.intellij.compose.ide.plugin.gradleTooling.rt.ComposeResourcesExtension      : loaded 7 times (x 72B)
Class org.gradle.internal.impldep.com.google.gson.internal.ObjectConstructor          : loaded 7 times (x 70B)
Class org.gradle.internal.impldep.com.google.gson.internal.sql.SqlDateTypeAdapter     : loaded 7 times (x 74B)
Class org.gradle.internal.impldep.com.google.gson.stream.MalformedJsonException       : loaded 7 times (x 82B)
Class com.android.ide.gradle.model.composites.BuildMapImpl                            : loaded 7 times (x 75B)
Class org.gradle.internal.impldep.com.google.gson.internal.bind.TypeAdapters$2        : loaded 7 times (x 75B)
Class org.jetbrains.plugins.gradle.tooling.AbstractModelBuilderService                : loaded 7 times (x 86B)
Class org.gradle.internal.impldep.com.google.common.collect.ImmutableList             : loaded 7 times (x 206B)
Class com.intellij.gradle.toolingExtension.impl.util.javaPluginUtil.JavaPluginUtil    : loaded 7 times (x 71B)
Class JetGradlePlugin$_apply_closure1                                                 : loaded 7 times (x 140B)
Class org.gradle.internal.impldep.com.google.gson.FieldNamingPolicy$1                 : loaded 7 times (x 83B)
Class org.jetbrains.kotlin.idea.gradleTooling.reflect.GradleReflectionLogger          : loaded 7 times (x 75B)
Class org.gradle.internal.impldep.com.google.gson.internal.sql.SqlTimeTypeAdapter$1   : loaded 7 times (x 75B)
Class org.gradle.internal.impldep.com.google.gson.ToNumberPolicy$1                    : loaded 7 times (x 83B)
Class JetGradlePlugin                                                                 : loaded 7 times (x 96B)
Class org.gradle.internal.impldep.com.google.gson.FieldNamingPolicy$3                 : loaded 7 times (x 83B)
Class org.gradle.internal.impldep.com.google.gson.internal.bind.JsonTreeReader        : loaded 7 times (x 98B)
Class org.jetbrains.kotlin.idea.gradleTooling.reflect.KotlinExtensionReflection$Companion: loaded 7 times (x 71B)
Class org.jetbrains.kotlin.idea.gradleTooling.reflect.KotlinExtensionReflection       : loaded 7 times (x 72B)
Class org.gradle.internal.impldep.com.google.gson.internal.Streams$AppendableWriter   : loaded 7 times (x 99B)
Class org.gradle.internal.impldep.com.google.gson.internal.Primitives                 : loaded 7 times (x 71B)
Class com.intellij.gradle.toolingExtension.impl.util.javaPluginUtil.JavaPluginAccessor: loaded 7 times (x 70B)
Class org.jetbrains.kotlin.idea.gradleTooling.reflect.ParameterList                   : loaded 7 times (x 173B)
Class org.jetbrains.plugins.gradle.tooling.serialization.GradleExtensionsSerializationService$2: loaded 7 times (x 76B)
Class org.jetbrains.plugins.gradle.tooling.builder.WarModelBuilderImplKt              : loaded 7 times (x 71B)
Class com.android.ide.gradle.model.artifacts.builder.AdditionalClassifierArtifactsModelBuilder: loaded 7 times (x 79B)
Class org.jetbrains.kotlin.idea.gradleTooling.model.parcelize.ParcelizeModelBuilderService: loaded 7 times (x 81B)
Class org.gradle.internal.impldep.com.google.gson.stream.JsonReader                   : loaded 7 times (x 97B)
Class org.gradle.internal.impldep.com.google.gson.internal.bind.TypeAdapters$18       : loaded 7 times (x 75B)
Class org.gradle.internal.impldep.com.google.common.collect.UnmodifiableIterator      : loaded 7 times (x 80B)
Class com.intellij.gradle.toolingExtension.impl.modelBuilder.DefaultMessageReporter   : loaded 7 times (x 75B)
Class com.intellij.gradle.toolingExtension.impl.util.collectionUtil.GradleCollections : loaded 7 times (x 71B)
Class com.android.ide.gradle.model.dependencies.DeclaredDependenciesModelBuilderKt    : loaded 7 times (x 71B)
Class [Lorg.gradle.internal.impldep.com.google.gson.ToNumberPolicy;                   : loaded 7 times (x 69B)
Class org.gradle.internal.impldep.com.google.gson.Gson$1                              : loaded 7 times (x 76B)
Class org.gradle.internal.impldep.com.google.gson.internal.bind.TypeAdapters$3        : loaded 7 times (x 75B)
Class com.intellij.gradle.toolingExtension.impl.util.GradleProjectUtil                : loaded 7 times (x 71B)
Class org.gradle.internal.impldep.com.google.gson.internal.sql.SqlTimestampTypeAdapter: loaded 7 times (x 76B)
Class org.jetbrains.kotlin.idea.gradleTooling.reflect.ReflectionReceiver              : loaded 7 times (x 70B)
Class org.jetbrains.plugins.gradle.tooling.serialization.GradleExtensionsSerializationService$1: loaded 7 times (x 76B)
Class org.gradle.internal.impldep.com.google.gson.internal.ConstructorConstructor     : loaded 7 times (x 72B)
Class org.jetbrains.kotlin.tooling.core.InternerImpl                                  : loaded 7 times (x 76B)
Class com.intellij.gradle.toolingExtension.impl.modelBuilder.DefaultModelBuilderContext: loaded 7 times (x 77B)
Class org.jetbrains.plugins.gradle.tooling.builder.ProjectExtensionsDataBuilderImpl   : loaded 7 times (x 78B)
Class com.intellij.gradle.toolingExtension.impl.model.warmUp.GradleTaskWarmUpService  : loaded 7 times (x 86B)
Class org.gradle.internal.impldep.com.google.gson.internal.bind.TypeAdapters$4        : loaded 7 times (x 75B)
Class com.intellij.gradle.toolingExtension.impl.model.dependencyModel.GradleDependencyTraverser: loaded 7 times (x 80B)
Class org.gradle.internal.impldep.com.google.gson.internal.bind.DefaultDateTypeAdapter$DateType: loaded 7 times (x 73B)
Class com.intellij.gradle.toolingExtension.impl.model.sourceSetDependencyModel.DefaultGradleSourceSetDependencyModel: loaded 7 times (x 77B)
Class org.jetbrains.kotlin.idea.gradleTooling.reflect.TypeToken$Companion             : loaded 7 times (x 71B)
Class org.jetbrains.plugins.gradle.model.tests.DefaultExternalTestsModel              : loaded 7 times (x 77B)
Class org.jetbrains.kotlin.idea.gradleTooling.AbstractKotlinGradleModelBuilder$Companion: loaded 7 times (x 71B)
Class org.jetbrains.plugins.gradle.tooling.builder.DependencyAccessorsModelBuilder    : loaded 7 times (x 81B)
Class org.gradle.internal.impldep.com.google.gson.internal.bind.SerializationDelegatingTypeAdapter: loaded 7 times (x 74B)
Class com.intellij.gradle.toolingExtension.impl.model.buildScriptClasspathModel.GradleBuildScriptClasspathSerializationService$1: loaded 7 times (x 76B)
Class ijJvmDebugger1_ckepr6s4nov30zjmoumww5h9s$_run_closure1$_closure2$_closure4      : loaded 7 times (x 139B)
Class com.intellij.gradle.toolingExtension.impl.initScript.util.GradleJvmForkedDebuggerHelper: loaded 7 times (x 71B)
Class com.intellij.gradle.toolingExtension.impl.util.GradleIdeaPluginUtil             : loaded 7 times (x 71B)
Class org.jetbrains.kotlin.idea.gradleTooling.reflect.ParameterList$Companion         : loaded 7 times (x 71B)
Class org.gradle.internal.impldep.com.google.gson.Gson$2                              : loaded 7 times (x 76B)
Class org.gradle.internal.impldep.com.google.gson.internal.reflect.ReflectionHelper   : loaded 7 times (x 71B)
Class com.android.ide.gradle.model.impl.GradlePluginModelImpl$Companion               : loaded 7 times (x 71B)
Class [Lorg.gradle.internal.impldep.com.google.gson.ReflectionAccessFilter$FilterResult;: loaded 7 times (x 69B)
Class org.gradle.internal.impldep.com.google.gson.internal.bind.ReflectiveTypeAdapterFactory$RecordAdapter: loaded 7 times (x 77B)
Class org.gradle.internal.impldep.com.google.gson.internal.bind.DefaultDateTypeAdapter: loaded 7 times (x 74B)
Class org.jetbrains.plugins.gradle.tooling.builder.WarModelBuilderImpl                : loaded 7 times (x 86B)
Class com.intellij.gradle.toolingExtension.impl.modelBuilder.ExtraModelBuilder        : loaded 7 times (x 85B)
Class org.gradle.internal.impldep.com.google.gson.internal.bind.TypeAdapters$17       : loaded 7 times (x 75B)
Class org.jetbrains.kotlin.idea.gradleTooling.reflect.ReflectionReceiver$Static       : loaded 7 times (x 77B)
Class org.gradle.internal.impldep.com.google.gson.Gson$3                              : loaded 7 times (x 75B)
Class org.jetbrains.kotlin.idea.gradleTooling.reflect.KotlinSourceSetReflectionKt     : loaded 7 times (x 71B)
Class org.gradle.internal.impldep.com.google.common.collect.Iterators$5               : loaded 7 times (x 82B)
Class com.intellij.openapi.externalSystem.model.project.dependencies.UnknownDependencyNode: loaded 7 times (x 87B)
Class com.intellij.gradle.toolingExtension.impl.model.sourceSetModel.GradleSourceSetResolutionContext: loaded 7 times (x 73B)
Class [Lorg.gradle.internal.impldep.com.google.gson.LongSerializationPolicy;          : loaded 7 times (x 69B)
Class org.jetbrains.kotlin.tooling.core.InternerImpl$Store                            : loaded 7 times (x 70B)
Class com.intellij.compose.ide.plugin.gradleTooling.rt.ComposeResourcesExtension$Companion: loaded 7 times (x 71B)
Class ijKotlinCoroutineJvmDebugInit1_3cncoyxzej6hi9z01ko4fguf9$_run_closure1$_closure3: loaded 7 times (x 139B)
Class org.jetbrains.kotlin.tooling.core.KotlinToolingVersionKt                        : loaded 7 times (x 71B)
Class com.android.ide.gradle.model.composites.BuildMapModelBuilder                    : loaded 7 times (x 75B)
Class org.jetbrains.kotlin.idea.gradleTooling.reflect.Parameter                       : loaded 7 times (x 72B)
Class ijJvmDebugger1_ckepr6s4nov30zjmoumww5h9s$_run_closure1$_closure2$_closure3      : loaded 7 times (x 140B)
Class org.jetbrains.plugins.gradle.tooling.internal.ClasspathEntryModelImpl           : loaded 7 times (x 80B)
Class org.gradle.internal.impldep.com.google.gson.ToNumberPolicy$2                    : loaded 7 times (x 83B)
Class org.gradle.internal.impldep.com.google.gson.internal.bind.TypeAdapters$5        : loaded 7 times (x 75B)
Class org.gradle.internal.impldep.com.google.gson.FieldNamingPolicy$4                 : loaded 7 times (x 83B)
Class com.android.ide.gradle.model.impl.GradlePluginModelImpl                         : loaded 7 times (x 77B)
Class org.jetbrains.plugins.gradle.model.DefaultDependencyAccessorsModel              : loaded 7 times (x 76B)
Class org.gradle.internal.impldep.com.google.gson.Gson$4                              : loaded 7 times (x 76B)
Class org.gradle.internal.impldep.com.google.gson.internal.bind.TreeTypeAdapter       : loaded 7 times (x 75B)
Class org.gradle.internal.impldep.com.google.gson.internal.bind.ReflectiveTypeAdapterFactory: loaded 7 times (x 75B)
Class org.jetbrains.plugins.gradle.model.DefaultGradleConfiguration                   : loaded 7 times (x 79B)
Class com.intellij.gradle.toolingExtension.impl.model.dependencyModel.auxiliary.AuxiliaryConfigurationArtifacts: loaded 7 times (x 74B)
Class com.android.ide.gradle.model.builder.LegacyAndroidGradlePluginPropertiesModelBuilder$Companion: loaded 7 times (x 71B)
Class org.gradle.internal.impldep.com.google.gson.internal.bind.DefaultDateTypeAdapter$DateType$1: loaded 7 times (x 73B)
Class [Lorg.gradle.internal.impldep.com.google.gson.FieldNamingStrategy;              : loaded 7 times (x 69B)
Class org.gradle.internal.impldep.com.google.gson.JsonPrimitive                       : loaded 7 times (x 93B)
Class org.gradle.internal.impldep.com.google.common.collect.Iterators$4               : loaded 7 times (x 82B)
Class org.gradle.internal.impldep.com.google.gson.TypeAdapterFactory                  : loaded 7 times (x 70B)
Class org.gradle.internal.impldep.com.google.gson.annotations.JsonAdapter             : loaded 7 times (x 70B)
Class org.jetbrains.kotlin.idea.gradleTooling.reflect.KotlinMultiplatformImportReflection: loaded 7 times (x 70B)
Class org.gradle.internal.impldep.com.google.gson.internal.bind.ArrayTypeAdapter$1    : loaded 7 times (x 75B)
Class com.intellij.gradle.toolingExtension.impl.model.dependencyModel.auxiliary.AuxiliaryArtifactResolverImpl: loaded 7 times (x 76B)
Class com.android.ide.gradle.model.builder.LegacyAndroidGradlePluginPropertiesModelBuilder$PluginType: loaded 7 times (x 79B)
Class org.jetbrains.kotlin.idea.gradleTooling.reflect.KotlinAndroidSourceSetInfoReflection: loaded 7 times (x 70B)
Class org.gradle.internal.impldep.com.google.gson.Gson$5                              : loaded 7 times (x 76B)
Class org.gradle.internal.impldep.com.google.gson.internal.bind.TypeAdapters$31       : loaded 7 times (x 76B)
Class com.android.ide.gradle.model.builder.LegacyV1AgpVersionModelBuilder             : loaded 7 times (x 75B)
Class org.jetbrains.kotlin.idea.gradleTooling.PrepareKotlinIdeaImportTaskModelBuilder$KotlinNativePlatformDependenciesKt: loaded 7 times (x 71B)
Class org.jetbrains.kotlin.idea.gradleTooling.KotlinMPPGradleModelBuilder$Companion   : loaded 7 times (x 71B)
Class com.intellij.gradle.toolingExtension.impl.model.projectModel.GradleExternalProjectModelBuilder: loaded 7 times (x 86B)
Class com.intellij.gradle.toolingExtension.impl.model.buildScriptClasspathModel.GradleBuildScriptClasspathModelBuilder: loaded 7 times (x 86B)
Class org.jetbrains.plugins.gradle.tooling.builder.ProjectExtensionsDataBuilderImpl$Companion: loaded 7 times (x 71B)
Class org.jetbrains.kotlin.idea.gradleTooling.KotlinGradleModelBuilder                : loaded 7 times (x 86B)
Class com.android.ide.gradle.model.dependencies.DeclaredDependenciesModelBuilder      : loaded 7 times (x 75B)
Class org.jetbrains.kotlin.idea.gradleTooling.KotlinGradlePluginVersion$Companion     : loaded 7 times (x 71B)
Class com.intellij.gradle.toolingExtension.impl.model.utilTurnOffDefaultTasksModel.TurnOffDefaultTasksModelBuilder: loaded 7 times (x 86B)
Class org.gradle.internal.impldep.com.google.gson.internal.LazilyParsedNumber         : loaded 7 times (x 78B)
Class org.gradle.internal.impldep.com.google.gson.internal.bind.NumberTypeAdapter     : loaded 7 times (x 74B)
Class [Lorg.jetbrains.kotlin.tooling.core.KotlinToolingVersion$Maturity;              : loaded 7 times (x 69B)
Class org.jetbrains.kotlin.idea.gradleTooling.KotlinMPPGradleModelBuilder             : loaded 7 times (x 86B)
Class org.jetbrains.kotlin.idea.gradleTooling.reflect.ReflectionReceiver$Instance     : loaded 7 times (x 77B)
Class org.jetbrains.kotlin.idea.gradleTooling.reflect.KotlinMultiplatformImportReflectionImpl: loaded 7 times (x 76B)
Class org.jetbrains.kotlin.idea.gradleTooling.ResolveCompilerArgumentsKt              : loaded 7 times (x 71B)
Class org.gradle.internal.impldep.com.google.gson.internal.bind.TypeAdapters$32       : loaded 7 times (x 76B)
Class org.jetbrains.plugins.gradle.tooling.internal.DefaultRepositoryModels           : loaded 7 times (x 76B)
Class org.jetbrains.kotlin.idea.gradleTooling.model.lombok.LombokModel                : loaded 7 times (x 70B)
Class org.jetbrains.kotlin.idea.gradleTooling.reflect.ReflectionLogger                : loaded 7 times (x 70B)
Class org.jetbrains.plugins.gradle.tooling.serialization.internal.adapter.InternalProjectIdentifier: loaded 7 times (x 76B)
Class org.gradle.internal.impldep.com.google.common.collect.Iterators$ArrayItr        : loaded 7 times (x 97B)
Class com.intellij.util.ExceptionUtilRt$1                                             : loaded 7 times (x 129B)
Class org.gradle.internal.impldep.com.google.gson.LongSerializationPolicy$2           : loaded 7 times (x 80B)
Class com.intellij.gradle.toolingExtension.impl.model.dependencyModel.GradleDependencyTraverser$Itr: loaded 7 times (x 83B)
Class org.gradle.internal.impldep.com.google.common.base.ExtraObjectsMethodsForWeb    : loaded 7 times (x 71B)
Class com.intellij.gradle.toolingExtension.impl.initScript.util.GradleTasksUtil       : loaded 7 times (x 71B)
Class com.intellij.gradle.toolingExtension.impl.model.resourceFilterModel.GradleResourceFilterModelBuilder: loaded 7 times (x 71B)
Class org.gradle.internal.impldep.com.google.gson.internal.bind.TypeAdapters$20       : loaded 7 times (x 75B)
Class org.gradle.internal.impldep.com.google.gson.Gson                                : loaded 7 times (x 72B)
Class [Lorg.gradle.internal.impldep.com.google.gson.ToNumberStrategy;                 : loaded 7 times (x 69B)
Class org.gradle.internal.impldep.com.google.gson.internal.bind.DateTypeAdapter       : loaded 7 times (x 74B)
Class org.jetbrains.kotlin.idea.gradleTooling.GetAdditionalVisibleSourceSetsKt        : loaded 7 times (x 71B)
Class org.jetbrains.plugins.gradle.model.DefaultGradleProperty                        : loaded 7 times (x 78B)
Class com.intellij.gradle.toolingExtension.impl.model.buildScriptClasspathModel.GradleBuildScriptClasspathCache: loaded 7 times (x 75B)
Class org.gradle.internal.impldep.com.google.gson.internal.sql.SqlTimestampTypeAdapter$1: loaded 7 times (x 75B)
Class org.gradle.internal.impldep.com.google.gson.internal.bind.TypeAdapters$EnumTypeAdapter: loaded 7 times (x 74B)
Class org.gradle.internal.impldep.com.google.gson.internal.bind.TypeAdapters$33       : loaded 7 times (x 76B)
Class org.gradle.internal.impldep.com.google.gson.FieldNamingPolicy                   : loaded 7 times (x 83B)
Class org.gradle.internal.impldep.com.google.gson.JsonElement                         : loaded 7 times (x 92B)
Class org.jetbrains.kotlin.idea.gradleTooling.KotlinGradlePluginVersionImpl           : loaded 7 times (x 78B)
Class org.gradle.internal.impldep.com.google.gson.internal.bind.TypeAdapters$6        : loaded 7 times (x 75B)
Class org.gradle.internal.impldep.com.google.gson.JsonParseException                  : loaded 7 times (x 82B)
Class org.jetbrains.plugins.gradle.tooling.serialization.RepositoriesModelSerializationService$1: loaded 7 times (x 76B)
Class org.jetbrains.kotlin.idea.gradleTooling.model.allopen.AllOpenModel              : loaded 7 times (x 70B)
Class org.jetbrains.plugins.gradle.tooling.Message$FilePosition                       : loaded 7 times (x 75B)
Class org.jetbrains.kotlin.idea.gradleTooling.MultiplatformModelImportingChecker      : loaded 7 times (x 70B)
Class org.gradle.internal.impldep.com.google.gson.ToNumberPolicy$3                    : loaded 7 times (x 83B)
Class org.gradle.internal.impldep.com.google.gson.FieldNamingPolicy$5                 : loaded 7 times (x 83B)
Class org.gradle.internal.impldep.com.google.gson.LongSerializationPolicy$1           : loaded 7 times (x 80B)
Class com.intellij.openapi.externalSystem.model.project.dependencies.ProjectDependenciesImpl: loaded 7 times (x 77B)
Class com.intellij.gradle.toolingExtension.impl.model.sourceSetModel.GradleSourceSetModelBuilder$3: loaded 7 times (x 83B)
Class org.jetbrains.plugins.gradle.tooling.builder.ScalaModelBuilderImpl              : loaded 7 times (x 81B)
Class org.jetbrains.plugins.gradle.tooling.Message$Kind                               : loaded 7 times (x 79B)
Class org.jetbrains.plugins.gradle.tooling.ModelBuilderContext                        : loaded 7 times (x 70B)
Class org.gradle.internal.impldep.com.google.common.collect.ImmutableCollection       : loaded 7 times (x 125B)
Class org.gradle.internal.impldep.com.google.gson.internal.bind.TypeAdapters$34       : loaded 7 times (x 76B)
Class org.gradle.internal.impldep.com.google.gson.internal.bind.TypeAdapters$16       : loaded 7 times (x 75B)
Class org.gradle.internal.impldep.com.google.common.collect.Iterators$SingletonIterator: loaded 7 times (x 81B)
Class com.intellij.gradle.toolingExtension.impl.model.sourceSetArtifactIndex.GradleSourceSetArtifactModel: loaded 7 times (x 76B)
Class org.jetbrains.plugins.gradle.tooling.builder.IntelliJProjectSettingsBuilder     : loaded 7 times (x 78B)
Class org.gradle.internal.impldep.com.google.common.collect.Iterators$1               : loaded 7 times (x 81B)
Class com.intellij.openapi.externalSystem.model.project.dependencies.DependencyNode   : loaded 7 times (x 70B)
Class org.jetbrains.plugins.gradle.tooling.builder.ProjectRepositoriesModelBuilder    : loaded 7 times (x 78B)
Class com.android.ide.gradle.model.builder.GradlePropertiesModelBuilder               : loaded 7 times (x 75B)
Class org.jetbrains.kotlin.idea.gradleTooling.reflect.KotlinMultiplatformImportReflectionImpl$Companion: loaded 7 times (x 71B)
Class org.gradle.internal.impldep.com.google.gson.internal.bind.TypeAdapters$10       : loaded 7 times (x 75B)
Class org.gradle.internal.impldep.com.google.gson.internal.bind.TypeAdapters$7        : loaded 7 times (x 75B)
Class org.jetbrains.kotlin.idea.gradleTooling.KotlinTasksPropertyUtilsKt              : loaded 7 times (x 71B)
Class org.jetbrains.kotlin.idea.gradleTooling.model.samWithReceiver.SamWithReceiverModel: loaded 7 times (x 70B)
Class org.gradle.internal.impldep.com.google.gson.internal.bind.TypeAdapters$21       : loaded 7 times (x 75B)
Class org.jetbrains.kotlin.tooling.core.Interner                                      : loaded 7 times (x 70B)
Class com.intellij.gradle.toolingExtension.impl.model.taskModel.GradleTaskModelBuilder: loaded 7 times (x 86B)
Class org.jetbrains.kotlin.idea.gradleTooling.KotlinGradleModelImpl                   : loaded 7 times (x 84B)
Class com.android.ide.gradle.model.builder.GradlePluginModelBuilder                   : loaded 7 times (x 75B)
Class org.jetbrains.plugins.gradle.model.scala.ScalaModel                             : loaded 7 times (x 70B)
Class com.intellij.openapi.externalSystem.model.project.dependencies.ProjectDependencyNodeImpl: loaded 7 times (x 93B)
Class com.intellij.gradle.toolingExtension.impl.util.GradleObjectUtil                 : loaded 7 times (x 71B)
Class com.intellij.openapi.externalSystem.model.project.dependencies.ArtifactDependencyNodeImpl: loaded 7 times (x 95B)
Class org.jetbrains.kotlin.idea.gradleTooling.model.annotation.AnnotationBasedPluginModelBuilderService: loaded 7 times (x 85B)
Class org.jetbrains.plugins.gradle.tooling.MessageReportBuilder                       : loaded 7 times (x 70B)
Class com.intellij.gradle.toolingExtension.impl.model.sourceSetModel.GradleSourceSetModelBuilder$2: loaded 7 times (x 83B)
Class org.jetbrains.plugins.gradle.tooling.builder.ExternalTestsModelBuilderImpl      : loaded 7 times (x 78B)
Class org.jetbrains.plugins.gradle.tooling.DefaultMessageBuilder                      : loaded 7 times (x 84B)
Class org.gradle.internal.impldep.com.google.gson.internal.bind.DateTypeAdapter$1     : loaded 7 times (x 75B)
Class org.gradle.internal.impldep.com.google.gson.internal.reflect.ReflectionHelper$RecordHelper: loaded 7 times (x 75B)
Class org.jetbrains.kotlin.tooling.core.InternerKt                                    : loaded 7 times (x 71B)
Class org.gradle.internal.impldep.com.google.gson.internal.Excluder$1                 : loaded 7 times (x 74B)
Class org.gradle.internal.impldep.com.google.common.collect.Iterators$MergingIterator : loaded 7 times (x 81B)
Class org.gradle.internal.impldep.com.google.common.collect.PeekingIterator           : loaded 7 times (x 70B)
Class org.gradle.internal.impldep.com.google.gson.internal.bind.TypeAdapters$15       : loaded 7 times (x 75B)
Class org.jetbrains.plugins.gradle.model.DefaultGradleExtensions                      : loaded 7 times (x 88B)
Class org.jetbrains.kotlin.idea.gradleTooling.model.kapt.KaptSourceSetModelImpl       : loaded 7 times (x 85B)
Class org.gradle.internal.impldep.com.google.gson.internal.sql.SqlTypesSupport$2      : loaded 7 times (x 74B)
Class com.intellij.gradle.toolingExtension.impl.model.repositoryModel.DefaultProjectRepositoriesModel: loaded 7 times (x 76B)
Class org.gradle.internal.impldep.com.google.gson.internal.bind.TypeAdapters$22       : loaded 7 times (x 75B)
Class org.gradle.internal.impldep.com.google.gson.ToNumberPolicy                      : loaded 7 times (x 83B)
Class org.gradle.internal.impldep.com.google.gson.TypeAdapter                         : loaded 7 times (x 73B)
Class org.gradle.internal.impldep.com.google.gson.internal.bind.JsonTreeWriter        : loaded 7 times (x 98B)
Class org.gradle.internal.impldep.com.google.gson.JsonArray                           : loaded 7 times (x 100B)
Class org.gradle.internal.impldep.com.google.gson.internal.bind.MapTypeAdapterFactory : loaded 7 times (x 75B)
Class com.android.ide.gradle.model.builder.AndroidStudioToolingPlugin                 : loaded 7 times (x 75B)
Class org.jetbrains.kotlin.idea.gradleTooling.KotlinMPPGradleModelBinaryBuilder       : loaded 7 times (x 86B)
Class [Lcom.intellij.openapi.externalSystem.model.project.ExternalSystemSourceType;   : loaded 7 times (x 69B)
Class org.jetbrains.plugins.gradle.tooling.builder.AnnotationProcessingModelBuilder   : loaded 7 times (x 86B)
Class org.jetbrains.kotlin.idea.gradleTooling.model.noarg.NoArgModel                  : loaded 7 times (x 70B)
Class org.gradle.internal.impldep.com.google.gson.ToNumberStrategy                    : loaded 7 times (x 70B)
Class com.intellij.gradle.toolingExtension.impl.model.sourceSetModel.GradleSourceSetModelBuilder$1: loaded 7 times (x 83B)
Class org.gradle.internal.impldep.com.google.gson.internal.sql.SqlTypesSupport        : loaded 7 times (x 71B)
Class org.gradle.internal.impldep.com.google.gson.internal.bind.JsonAdapterAnnotationTypeAdapterFactory: loaded 7 times (x 75B)
Class org.gradle.internal.impldep.com.google.gson.internal.bind.ObjectTypeAdapter$1   : loaded 7 times (x 76B)
Class org.gradle.internal.impldep.com.google.gson.internal.sql.SqlTimeTypeAdapter     : loaded 7 times (x 74B)
Class org.gradle.internal.impldep.com.google.gson.internal.bind.ObjectTypeAdapter     : loaded 7 times (x 74B)
Class org.jetbrains.plugins.gradle.model.DefaultUnresolvedExternalDependency          : loaded 7 times (x 111B)
Class com.intellij.gradle.toolingExtension.impl.model.dependencyDownloadPolicyModel.DefaultGradleDependencyDownloadPolicy: loaded 7 times (x 77B)
Class org.jetbrains.kotlin.idea.gradleTooling.model.parcelize.ParcelizeGradleModel    : loaded 7 times (x 70B)
Class org.gradle.internal.impldep.com.google.gson.internal.sql.SqlTypesSupport$1      : loaded 7 times (x 74B)
Class org.gradle.internal.impldep.com.google.gson.ReflectionAccessFilter$FilterResult : loaded 7 times (x 79B)
Class org.gradle.internal.impldep.com.google.gson.internal.bind.TypeAdapters$8        : loaded 7 times (x 75B)
Class org.jetbrains.plugins.gradle.model.DefaultExternalLibraryDependency             : loaded 7 times (x 111B)
Class com.android.ide.gradle.model.dependencies.DeclaredDependenciesModelBuilder$Companion: loaded 7 times (x 71B)
Class com.android.ide.gradle.model.dependencies.CoordinatesImpl                       : loaded 7 times (x 77B)
Class org.jetbrains.plugins.gradle.tooling.util.BiFunction                            : loaded 7 times (x 70B)
Class org.jetbrains.plugins.gradle.model.AbstractExternalDependency                   : loaded 7 times (x 106B)
Class org.gradle.internal.impldep.com.google.gson.ToNumberPolicy$4                    : loaded 7 times (x 83B)
Class org.gradle.internal.impldep.com.google.gson.FieldNamingPolicy$6                 : loaded 7 times (x 83B)
Class org.gradle.internal.impldep.com.google.gson.LongSerializationPolicy             : loaded 7 times (x 80B)
Class [Lorg.gradle.internal.impldep.com.google.gson.FieldNamingPolicy;                : loaded 7 times (x 69B)
Class org.gradle.internal.impldep.com.google.gson.internal.bind.TypeAdapters$11       : loaded 7 times (x 75B)
Class org.jetbrains.plugins.gradle.model.ear.EarConfiguration                         : loaded 7 times (x 70B)
Class com.intellij.gradle.toolingExtension.impl.model.dependencyDownloadPolicyModel.GradleDependencyDownloadPolicyBuilder: loaded 7 times (x 86B)
Class com.intellij.gradle.toolingExtension.impl.model.taskModel.DefaultGradleTaskModel: loaded 7 times (x 75B)
Class org.gradle.internal.impldep.com.google.gson.internal.bind.ReflectiveTypeAdapterFactory$FieldReflectionAdapter: loaded 7 times (x 77B)
Class org.gradle.internal.impldep.com.google.gson.JsonNull                            : loaded 7 times (x 92B)
Class org.jetbrains.plugins.gradle.tooling.internal.VersionCatalogsModelImpl          : loaded 7 times (x 76B)
Class org.jetbrains.kotlin.idea.gradleTooling.reflect.KotlinCompilerArgumentsResolverReflectionKt: loaded 7 times (x 71B)
Class [Lorg.jetbrains.plugins.gradle.tooling.Message$Kind;                            : loaded 7 times (x 69B)
Class org.jetbrains.kotlin.idea.gradleTooling.reflect.KotlinSourceSetReflectionImpl   : loaded 7 times (x 82B)
Class org.gradle.internal.impldep.com.google.gson.internal.bind.TypeAdapters$23       : loaded 7 times (x 75B)
Class com.intellij.gradle.toolingExtension.impl.model.sourceSetModel.DefaultGradleSourceSetModel: loaded 7 times (x 80B)
Class com.intellij.gradle.toolingExtension.impl.model.dependencyModel.auxiliary.AuxiliaryArtifactResolver: loaded 7 times (x 70B)
Class com.intellij.openapi.externalSystem.model.project.dependencies.ProjectDependencyNode: loaded 7 times (x 70B)
Class com.intellij.gradle.toolingExtension.impl.modelBuilder.DefaultMessageReportBuilder: loaded 7 times (x 94B)
Class org.jetbrains.plugins.gradle.tooling.serialization.internal.adapter.InternalBuildIdentifier: loaded 7 times (x 75B)
Class org.gradle.internal.impldep.com.google.gson.FieldNamingStrategy                 : loaded 7 times (x 70B)
Class org.jetbrains.plugins.gradle.tooling.builder.EarModelBuilderImplKt              : loaded 7 times (x 71B)
Class org.gradle.internal.impldep.com.google.gson.stream.JsonWriter                   : loaded 7 times (x 98B)
Class org.jetbrains.plugins.gradle.tooling.builder.MavenRepositoriesModelBuilder      : loaded 7 times (x 81B)
Class org.jetbrains.kotlin.idea.gradleTooling.model.kapt.KaptGradleModelImpl          : loaded 7 times (x 77B)
Class org.gradle.internal.impldep.com.google.gson.internal.bind.TypeAdapters$29       : loaded 7 times (x 75B)
Class org.jetbrains.kotlin.idea.gradleTooling.PrepareKotlinIdeaImportTaskModelBuilder$Messages: loaded 7 times (x 71B)
Class com.intellij.gradle.toolingExtension.impl.model.dependencyModel.GradleDependencyResolver: loaded 7 times (x 72B)
Class org.gradle.internal.impldep.com.google.gson.internal.Streams                    : loaded 7 times (x 71B)
Class org.jetbrains.plugins.gradle.model.DefaultExternalProjectDependency             : loaded 7 times (x 120B)
Class org.gradle.internal.impldep.com.google.common.collect.Lists                     : loaded 7 times (x 71B)
Class org.jetbrains.kotlin.idea.gradleTooling.PrepareKotlinIdeaImportTaskModelBuilder$Companion: loaded 7 times (x 71B)
Class org.jetbrains.plugins.gradle.tooling.ModelBuilderService                        : loaded 7 times (x 70B)
Class org.jetbrains.kotlin.idea.gradleTooling.KotlinDslScriptTaskModelBuilder         : loaded 7 times (x 86B)
Class org.jetbrains.plugins.gradle.model.DefaultFileCollectionDependency              : loaded 7 times (x 110B)
Class org.gradle.internal.impldep.com.google.gson.internal.bind.TypeAdapters$24       : loaded 7 times (x 75B)
Class com.intellij.util.ExceptionUtilRt$RethrownStack                                 : loaded 7 times (x 82B)
Class org.gradle.internal.impldep.com.google.gson.internal.reflect.ReflectionHelper$RecordSupportedHelper: loaded 7 times (x 78B)
Class com.intellij.gradle.toolingExtension.impl.model.utilDummyModel.DefaultDummyModel: loaded 7 times (x 73B)
Class org.jetbrains.plugins.gradle.model.web.WebConfiguration                         : loaded 7 times (x 70B)
Class org.gradle.internal.impldep.com.google.gson.JsonSyntaxException                 : loaded 7 times (x 82B)
Class com.intellij.gradle.toolingExtension.impl.model.dependencyGraphModel.GradleDependencyReportGenerator: loaded 7 times (x 73B)
Class org.gradle.internal.impldep.com.google.gson.internal.bind.TypeAdapters$28       : loaded 7 times (x 75B)
Class org.gradle.internal.impldep.com.google.gson.internal.bind.TypeAdapterRuntimeTypeWrapper: loaded 7 times (x 74B)
Class com.intellij.gradle.toolingExtension.impl.initScript.util.GradleDebuggerUtil    : loaded 7 times (x 71B)
Class com.intellij.gradle.toolingExtension.impl.initScript.util.GradleLifecycleUtil   : loaded 7 times (x 71B)
Class org.gradle.internal.impldep.com.google.gson.JsonObject                          : loaded 7 times (x 93B)
Class com.intellij.gradle.toolingExtension.impl.util.javaPluginUtil.ExtensionJavaPluginAccessor: loaded 7 times (x 82B)
Class org.gradle.internal.impldep.com.google.gson.internal.bind.TypeAdapters$9        : loaded 7 times (x 75B)
Class org.jetbrains.kotlin.idea.gradleTooling.reflect.KotlinSourceSetReflection       : loaded 7 times (x 70B)
Class com.intellij.gradle.toolingExtension.impl.javaModel.manifestModel.DefaultJavaGradleManifestModel: loaded 7 times (x 76B)
Class com.intellij.openapi.externalSystem.model.project.ExternalSystemSourceType      : loaded 7 times (x 85B)
Class org.gradle.internal.impldep.com.google.gson.internal.bind.TypeAdapters$12       : loaded 7 times (x 75B)
Class org.jetbrains.kotlin.idea.gradleTooling.model.kapt.KaptModelBuilderService      : loaded 7 times (x 86B)
Class com.intellij.gradle.toolingExtension.impl.model.sourceSetArtifactIndex.GradleSourceSetArtifactIndexBuilder: loaded 7 times (x 86B)
Class com.intellij.util.ExceptionUtilRt                                               : loaded 7 times (x 71B)
Class org.jetbrains.plugins.gradle.tooling.util.GradleContainerUtil                   : loaded 7 times (x 71B)
Class org.jetbrains.plugins.gradle.tooling.ModelBuilderService$Ex                     : loaded 7 times (x 70B)
Class com.intellij.openapi.externalSystem.model.project.dependencies.ComponentDependencies: loaded 7 times (x 70B)
Class org.jetbrains.kotlin.idea.gradleTooling.UtilsKt                                 : loaded 7 times (x 71B)
Class com.intellij.gradle.toolingExtension.impl.util.collectionUtil.GradleCollectionVisitor: loaded 7 times (x 70B)
Class org.gradle.internal.impldep.com.google.gson.internal.bind.TypeAdapters$34$1     : loaded 7 times (x 74B)
Class org.gradle.internal.impldep.com.google.gson.GsonBuilder                         : loaded 7 times (x 72B)
Class com.intellij.gradle.toolingExtension.impl.model.dependencyGraphModel.GradleDependencyGraphModelBuilder: loaded 7 times (x 82B)
Class com.intellij.gradle.toolingExtension.impl.model.utilTurnOffDefaultTasksModel.DefaultTurnOffDefaultTasks: loaded 7 times (x 71B)
Class org.gradle.internal.impldep.com.google.gson.internal.bind.TypeAdapters$27       : loaded 7 times (x 75B)
Class org.gradle.internal.impldep.com.google.gson.internal.reflect.ReflectionHelper$RecordNotSupportedHelper: loaded 7 times (x 78B)
Class org.gradle.internal.impldep.com.google.gson.internal.bind.TypeAdapters$14       : loaded 7 times (x 75B)
Class org.jetbrains.plugins.gradle.tooling.util.BooleanBiFunction                     : loaded 7 times (x 70B)
Class org.jetbrains.plugins.gradle.model.DefaultGradleExtension                       : loaded 7 times (x 80B)
Class org.jetbrains.kotlin.idea.gradleTooling.model.assignment.AssignmentModel        : loaded 7 times (x 70B)
Class org.jetbrains.plugins.gradle.tooling.MessageBuilder                             : loaded 7 times (x 70B)
Class com.intellij.gradle.toolingExtension.impl.util.collectionUtil.GradleCollectionUtil: loaded 7 times (x 71B)
Class org.jetbrains.plugins.gradle.DefaultExternalDependencyId                        : loaded 7 times (x 80B)
Class org.jetbrains.kotlin.idea.gradleTooling.reflect.KotlinLanguageSettingsReflection: loaded 7 times (x 70B)
Class org.jetbrains.kotlin.idea.gradleTooling.reflect.KotlinCompilerArgumentsResolverReflectionImpl: loaded 7 times (x 75B)
Class org.gradle.internal.impldep.com.google.gson.internal.bind.TypeAdapters$13       : loaded 7 times (x 75B)
Class org.gradle.internal.impldep.com.google.gson.internal.bind.TypeAdapters$25       : loaded 7 times (x 75B)
Class org.jetbrains.kotlin.idea.gradleTooling.model.noarg.NoArgModelBuilderService    : loaded 7 times (x 85B)
Class org.gradle.internal.impldep.com.google.common.collect.UnmodifiableListIterator  : loaded 7 times (x 95B)
Class org.gradle.internal.impldep.com.google.gson.internal.Excluder                   : loaded 7 times (x 75B)
Class org.gradle.internal.impldep.com.google.gson.JsonIOException                     : loaded 7 times (x 82B)
Class org.gradle.internal.impldep.com.google.gson.internal.bind.NumberTypeAdapter$1   : loaded 7 times (x 76B)
Class org.gradle.internal.impldep.com.google.gson.internal.bind.ReflectiveTypeAdapterFactory$1: loaded 7 times (x 79B)
Class org.gradle.internal.impldep.com.google.gson.Gson$FutureTypeAdapter              : loaded 7 times (x 76B)
Class [Lorg.jetbrains.kotlin.idea.gradleTooling.reflect.Parameter;                    : loaded 7 times (x 69B)
Class org.gradle.internal.impldep.com.google.gson.annotations.SerializedName          : loaded 7 times (x 70B)
Class org.jetbrains.plugins.gradle.model.ModelFactory                                 : loaded 7 times (x 71B)
Class org.gradle.internal.impldep.com.google.gson.internal.ConstructorConstructor$19  : loaded 7 times (x 76B)
Class org.gradle.internal.impldep.com.google.gson.FieldNamingPolicy$7                 : loaded 7 times (x 83B)
Class org.jetbrains.kotlin.idea.gradleTooling.AbstractKotlinGradleModelBuilder        : loaded 7 times (x 81B)
Class org.gradle.internal.impldep.com.google.gson.internal.ReflectionAccessFilterHelper: loaded 7 times (x 71B)
Class org.jetbrains.plugins.gradle.tooling.Message                                    : loaded 7 times (x 72B)
Class org.jetbrains.plugins.gradle.tooling.serialization.ToolingStreamApiUtilsKt      : loaded 7 times (x 71B)
Class org.gradle.internal.impldep.com.google.gson.TypeAdapter$1                       : loaded 7 times (x 74B)
Class org.jetbrains.plugins.gradle.tooling.ModelBuilderContext$DataProvider           : loaded 7 times (x 70B)
Class com.intellij.gradle.toolingExtension.impl.model.utilDummyModel.DummyModelBuilder: loaded 7 times (x 86B)
Class com.intellij.openapi.externalSystem.model.project.dependencies.AbstractDependencyNode: loaded 7 times (x 87B)
Class org.gradle.internal.impldep.com.google.gson.internal.bind.TypeAdapters          : loaded 7 times (x 71B)
Class org.jetbrains.plugins.gradle.tooling.builder.VersionCatalogsModelBuilder        : loaded 7 times (x 86B)
Class [Lcom.intellij.openapi.externalSystem.model.project.IExternalSystemSourceType;  : loaded 7 times (x 69B)
Class org.gradle.internal.impldep.com.google.gson.internal.bind.TypeAdapters$26       : loaded 7 times (x 75B)
Class org.gradle.internal.impldep.com.google.gson.internal.bind.CollectionTypeAdapterFactory$Adapter: loaded 7 times (x 74B)
Class com.android.ide.gradle.model.impl.GradlePropertiesModelImpl                     : loaded 7 times (x 79B)
Class org.gradle.internal.impldep.com.google.gson.internal.bind.TypeAdapters$EnumTypeAdapter$1: loaded 7 times (x 77B)
Class org.gradle.internal.impldep.com.google.gson.internal.$Gson$Types                : loaded 7 times (x 71B)
Class org.jetbrains.kotlin.idea.gradleTooling.model.annotation.AnnotationBasedPluginModel: loaded 7 times (x 70B)
Class org.gradle.internal.impldep.com.google.common.collect.Multimap                  : loaded 7 times (x 70B)
Class com.intellij.gradle.toolingExtension.impl.model.dependencyDownloadPolicyModel.GradleDependencyDownloadPolicyCache: loaded 7 times (x 75B)
Class com.android.ide.gradle.model.builder.AndroidStudioToolingPluginKt               : loaded 7 times (x 71B)
Class org.jetbrains.plugins.gradle.tooling.MessageReporter                            : loaded 7 times (x 70B)
Class com.intellij.compose.ide.plugin.gradleTooling.rt.ComposeResourcesModelBuilder   : loaded 7 times (x 78B)
Class org.jetbrains.kotlin.idea.gradleTooling.model.assignment.AssignmentModelBuilderService: loaded 7 times (x 85B)
Class com.intellij.gradle.toolingExtension.impl.model.sourceSetArtifactIndex.GradleSourceSetArtifactIndex: loaded 7 times (x 78B)
Class org.gradle.internal.impldep.com.google.gson.internal.bind.MapTypeAdapterFactory$Adapter: loaded 7 times (x 74B)
Class org.jetbrains.kotlin.tooling.core.KotlinToolingVersion$Maturity                 : loaded 7 times (x 79B)
Class org.jetbrains.kotlin.idea.gradleTooling.KotlinMPPGradleModelBinary              : loaded 7 times (x 70B)
Class com.intellij.openapi.externalSystem.model.project.dependencies.ArtifactDependencyNode: loaded 7 times (x 70B)
Class org.gradle.internal.impldep.com.google.gson.internal.bind.ReflectiveTypeAdapterFactory$BoundField: loaded 7 times (x 75B)
Class com.android.ide.gradle.model.builder.LegacyAndroidGradlePluginPropertiesModelBuilder: loaded 7 times (x 80B)
Class org.gradle.internal.impldep.com.google.common.collect.AbstractIndexedListIterator: loaded 7 times (x 96B)
Class org.jetbrains.plugins.gradle.tooling.builder.IntelliJSettingsBuilder            : loaded 7 times (x 78B)
Class Program                                                                         : loaded 5 times (x 72B)
Class kotlin.NotImplementedError                                                      : loaded 4 times (x 82B)
Class com.google.common.collect.SortedIterable                                        : loaded 4 times (x 70B)
Class com.google.common.collect.Iterators$4                                           : loaded 4 times (x 82B)
Class kotlin.sequences.SequencesKt__SequenceBuilderKt                                 : loaded 4 times (x 71B)
Class com.google.common.base.CharMatcher$IsEither                                     : loaded 4 times (x 111B)
Class kotlin.text.CharsKt__CharJVMKt                                                  : loaded 4 times (x 71B)
Class kotlin.collections.MapsKt__MapWithDefaultKt                                     : loaded 4 times (x 71B)
Class com.google.common.base.CharMatcher$BitSetMatcher                                : loaded 4 times (x 112B)
Class com.google.common.collect.ImmutableSet                                          : loaded 4 times (x 145B)
Class kotlin.collections.CollectionsKt__ReversedViewsKt                               : loaded 4 times (x 71B)
Class kotlin.text.StringsKt___StringsKt                                               : loaded 4 times (x 71B)
Class kotlin.enums.EnumEntriesKt                                                      : loaded 4 times (x 71B)
Class kotlin.collections.CollectionsKt__MutableCollectionsJVMKt                       : loaded 4 times (x 71B)
Class kotlin.UninitializedPropertyAccessException                                     : loaded 4 times (x 82B)
Class com.google.common.collect.SingletonImmutableSet                                 : loaded 4 times (x 146B)
Class com.google.common.collect.ImmutableList$1                                       : loaded 4 times (x 97B)
Class com.google.common.collect.Iterators$5                                           : loaded 4 times (x 82B)
Class kotlin.collections.SetsKt___SetsKt                                              : loaded 4 times (x 71B)
Class kotlin.sequences.SequencesKt__SequencesKt                                       : loaded 4 times (x 71B)
Class kotlin.collections.CollectionsKt___CollectionsJvmKt                             : loaded 4 times (x 71B)
Class com.google.common.collect.Iterators$1                                           : loaded 4 times (x 81B)
Class com.google.common.collect.RegularImmutableSet                                   : loaded 4 times (x 149B)
Class kotlin.collections.MapsKt__MapsKt                                               : loaded 4 times (x 71B)
Class com.google.common.collect.Iterators$MergingIterator                             : loaded 4 times (x 81B)
Class com.google.common.collect.UnmodifiableListIterator                              : loaded 4 times (x 95B)
Class com.google.common.collect.ImmutableList$ReverseImmutableList                    : loaded 4 times (x 209B)
Class kotlin.collections.CollectionsKt                                                : loaded 4 times (x 71B)
Class com.google.common.collect.ImmutableSet$RegularSetBuilderImpl                    : loaded 4 times (x 77B)
Class kotlin.collections.MapsKt___MapsKt                                              : loaded 4 times (x 71B)
Class kotlin.collections.ArraysKt___ArraysKt                                          : loaded 4 times (x 71B)
Class kotlin.sequences.SequencesKt___SequencesKt                                      : loaded 4 times (x 71B)
Class kotlin.collections.AbstractList$Companion                                       : loaded 4 times (x 71B)
Class com.google.common.collect.ImmutableList$SubList                                 : loaded 4 times (x 209B)
Class kotlin.text.StringsKt__AppendableKt                                             : loaded 4 times (x 71B)
Class kotlin.text.StringsKt__StringBuilderJVMKt                                       : loaded 4 times (x 71B)
Class kotlin.sequences.SequencesKt___SequencesJvmKt                                   : loaded 4 times (x 71B)
Class com.google.common.base.CharMatcher$Or                                           : loaded 4 times (x 112B)
Class com.google.common.base.CharMatcher$ForPredicate                                 : loaded 4 times (x 112B)
Class kotlin.Unit                                                                     : loaded 4 times (x 71B)
Class kotlin.TuplesKt                                                                 : loaded 4 times (x 71B)
Class com.google.common.collect.ForwardingObject                                      : loaded 4 times (x 72B)
Class kotlin.collections.AbstractCollection                                           : loaded 4 times (x 117B)
Class com.google.common.base.Function                                                 : loaded 4 times (x 70B)
Class kotlin.collections.AbstractList                                                 : loaded 4 times (x 197B)
Class kotlin.collections.SetsKt                                                       : loaded 4 times (x 71B)
Class kotlin.text.StringsKt__IndentKt                                                 : loaded 4 times (x 71B)
Class com.google.common.collect.SingletonImmutableList                                : loaded 4 times (x 207B)
Class kotlin.sequences.Sequence                                                       : loaded 4 times (x 70B)
Class kotlin.sequences.SequencesKt__SequencesJVMKt                                    : loaded 4 times (x 71B)
Class kotlin.text.StringsKt__StringNumberConversionsJVMKt                             : loaded 4 times (x 71B)
Class com.google.common.base.CharMatcher$AnyOf                                        : loaded 4 times (x 112B)
Class com.google.common.collect.ImmutableCollection                                   : loaded 4 times (x 125B)
Class kotlin.collections.CollectionsKt__CollectionsJVMKt                              : loaded 4 times (x 71B)
Class kotlin.text.StringsKt__StringsJVMKt                                             : loaded 4 times (x 71B)
Class kotlin.collections.EmptyMap                                                     : loaded 4 times (x 109B)
Class com.google.common.collect.ImmutableSet$SetBuilderImpl                           : loaded 4 times (x 76B)
Class com.google.common.collect.ImmutableList                                         : loaded 4 times (x 206B)
Class kotlin.jvm.internal.Intrinsics                                                  : loaded 4 times (x 71B)
Class kotlin.text.StringsKt__RegexExtensionsKt                                        : loaded 4 times (x 71B)
Class kotlin.collections.EmptyIterator                                                : loaded 4 times (x 89B)
Class kotlin.jvm.internal.markers.KMappedMarker                                       : loaded 4 times (x 70B)
Class kotlin.collections.ArraysUtilJVM                                                : loaded 4 times (x 71B)
Class kotlin.jvm.functions.Function0                                                  : loaded 4 times (x 70B)
Class kotlin.text.StringsKt__RegexExtensionsJVMKt                                     : loaded 4 times (x 71B)
Class kotlin.collections.ArraysKt___ArraysJvmKt                                       : loaded 4 times (x 71B)
Class com.google.common.collect.Lists                                                 : loaded 4 times (x 71B)
Class kotlin.sequences.SequencesKt                                                    : loaded 4 times (x 71B)
Class kotlin.text.StringsKt___StringsJvmKt                                            : loaded 4 times (x 71B)
Class kotlin.collections.CollectionsKt__CollectionsKt                                 : loaded 4 times (x 71B)
Class com.google.common.base.CharMatcher$InRange                                      : loaded 4 times (x 111B)
Class com.google.common.collect.Iterators$ArrayItr                                    : loaded 4 times (x 97B)
Class com.google.common.collect.ImmutableCollection$Builder                           : loaded 4 times (x 76B)
Class com.google.common.collect.ImmutableSet$CachingAsList                            : loaded 4 times (x 148B)
Class kotlin.collections.CollectionsKt__IteratorsKt                                   : loaded 4 times (x 71B)
Class kotlin.collections.MapsKt                                                       : loaded 4 times (x 71B)
Class kotlin.enums.EnumEntriesList                                                    : loaded 4 times (x 223B)
Class com.google.common.base.CharMatcher$FastMatcher                                  : loaded 4 times (x 111B)
Class com.google.common.base.Joiner                                                   : loaded 4 times (x 79B)
Class kotlin.collections.CollectionsKt__IterablesKt                                   : loaded 4 times (x 71B)
Class kotlin.collections.CollectionsKt__IteratorsJVMKt                                : loaded 4 times (x 71B)
Class kotlin.jvm.functions.Function1                                                  : loaded 4 times (x 70B)
Class com.google.common.collect.UnmodifiableIterator                                  : loaded 4 times (x 80B)
Class kotlin.NoWhenBranchMatchedException                                             : loaded 4 times (x 82B)
Class kotlin.Pair                                                                     : loaded 4 times (x 72B)
Class com.google.common.collect.Iterators$SingletonIterator                           : loaded 4 times (x 81B)
Class com.google.common.collect.Iterators$9                                           : loaded 4 times (x 81B)
Class com.google.common.collect.ImmutableAsList                                       : loaded 4 times (x 209B)
Class kotlin.text.StringsKt                                                           : loaded 4 times (x 71B)
Class com.google.common.collect.RegularImmutableList                                  : loaded 4 times (x 213B)
Class com.google.common.base.Predicate                                                : loaded 4 times (x 70B)
Class kotlin.KotlinNullPointerException                                               : loaded 4 times (x 83B)
Class com.google.common.collect.ImmutableList$Builder                                 : loaded 4 times (x 77B)
Class kotlin.collections.CollectionsKt__MutableCollectionsKt                          : loaded 4 times (x 71B)
Class kotlin.text.StringsKt__StringBuilderKt                                          : loaded 4 times (x 71B)
Class kotlin.enums.EnumEntries                                                        : loaded 4 times (x 70B)
Class kotlin.text.StringsKt__StringsKt                                                : loaded 4 times (x 71B)
Class com.google.common.collect.RegularImmutableAsList                                : loaded 4 times (x 217B)
Class com.google.common.collect.Iterators                                             : loaded 4 times (x 71B)
Class kotlin.text.CharsKt                                                             : loaded 4 times (x 71B)
Class kotlin.collections.ArraysKt__ArraysJVMKt                                        : loaded 4 times (x 71B)
Class com.google.common.collect.Lists$StringAsImmutableList                           : loaded 4 times (x 207B)
Class com.google.common.base.Joiner$2                                                 : loaded 4 times (x 79B)
Class com.google.common.base.CharMatcher$NegatedFastMatcher                           : loaded 4 times (x 113B)
Class kotlin.collections.MapsKt___MapsJvmKt                                           : loaded 4 times (x 71B)
Class com.google.common.base.CharMatcher$NamedFastMatcher                             : loaded 4 times (x 112B)
Class com.google.common.base.CharMatcher$1                                            : loaded 4 times (x 113B)
Class com.google.common.collect.RegularImmutableSortedSet                             : loaded 4 times (x 300B)
Class com.google.common.base.CharMatcher$Negated                                      : loaded 4 times (x 113B)
Class com.google.common.base.CharMatcher$Is                                           : loaded 4 times (x 111B)
Class com.google.common.base.CharMatcher$And                                          : loaded 4 times (x 112B)
Class kotlin.collections.EmptyList                                                    : loaded 4 times (x 174B)
Class kotlin.Function                                                                 : loaded 4 times (x 70B)
Class kotlin.collections.SetsKt__SetsJVMKt                                            : loaded 4 times (x 71B)
Class kotlin.collections.MapsKt__MapsJVMKt                                            : loaded 4 times (x 71B)
Class kotlin.collections.SetsKt__SetsKt                                               : loaded 4 times (x 71B)
Class com.google.common.collect.PeekingIterator                                       : loaded 4 times (x 70B)
Class kotlin.collections.ArraysKt__ArraysKt                                           : loaded 4 times (x 71B)
Class com.google.common.base.Joiner$1                                                 : loaded 4 times (x 80B)
Class com.google.common.base.CharMatcher                                              : loaded 4 times (x 111B)
Class com.google.common.base.CharMatcher$IsNot                                        : loaded 4 times (x 111B)
Class com.google.common.collect.AbstractIterator                                      : loaded 4 times (x 82B)
Class kotlin.text.StringsKt__StringNumberConversionsKt                                : loaded 4 times (x 71B)
Class com.google.common.collect.AbstractIndexedListIterator                           : loaded 4 times (x 96B)
Class kotlin.collections.ArraysKt                                                     : loaded 4 times (x 71B)
Class com.google.common.base.Preconditions                                            : loaded 4 times (x 71B)
Class com.google.common.collect.ImmutableSortedSet                                    : loaded 4 times (x 300B)
Class kotlin.collections.EmptySet                                                     : loaded 4 times (x 122B)
Class kotlin.collections.CollectionsKt___CollectionsKt                                : loaded 4 times (x 71B)
Class kotlin.text.CharsKt__CharKt                                                     : loaded 4 times (x 71B)
Class com.google.common.collect.FluentIterable$3                                      : loaded 3 times (x 81B)
Class kotlin.Result$Failure                                                           : loaded 3 times (x 72B)
Class kotlin.io.FilesKt__FileReadWriteKt                                              : loaded 3 times (x 71B)
Class [Lkotlin.Pair;                                                                  : loaded 3 times (x 69B)
Class com.google.common.collect.Multiset                                              : loaded 3 times (x 70B)
Class com.google.common.collect.ImmutableEntry                                        : loaded 3 times (x 82B)
Class kotlin.annotation.Target                                                        : loaded 3 times (x 70B)
Class kotlin.jvm.functions.Function4                                                  : loaded 3 times (x 70B)
Class [Lcom.google.common.collect.AbstractMapEntry;                                   : loaded 3 times (x 69B)
Class [Lcom.google.common.cache.LocalCache$EntryFactory;                              : loaded 3 times (x 69B)
Class com.google.common.collect.ArrayListMultimapGwtSerializationDependencies         : loaded 3 times (x 172B)
Class com.google.common.collect.ArrayListMultimap                                     : loaded 3 times (x 172B)
Class com.google.common.collect.ObjectArrays                                          : loaded 3 times (x 71B)
Class com.google.common.collect.Maps$EntryTransformer                                 : loaded 3 times (x 70B)
Class com.google.common.base.Absent                                                   : loaded 3 times (x 80B)
Class com.google.common.primitives.Ints                                               : loaded 3 times (x 71B)
Class kotlin.ResultKt                                                                 : loaded 3 times (x 71B)
Class com.google.common.collect.NullsFirstOrdering                                    : loaded 3 times (x 115B)
Class com.google.common.collect.FluentIterable$2                                      : loaded 3 times (x 81B)
Class com.google.common.collect.ByFunctionOrdering                                    : loaded 3 times (x 115B)
Class com.google.common.collect.Lists$ReverseList                                     : loaded 3 times (x 200B)
Class com.google.common.cache.CacheBuilder$3                                          : loaded 3 times (x 72B)
Class com.google.common.collect.AbstractRangeSet                                      : loaded 3 times (x 114B)
Class com.google.common.cache.LocalCache$LocalManualCache                             : loaded 3 times (x 99B)
Class com.google.common.base.CommonPattern                                            : loaded 3 times (x 74B)
Class kotlin.jvm.internal.markers.KMutableList                                        : loaded 3 times (x 70B)
Class kotlin.coroutines.EmptyCoroutineContext                                         : loaded 3 times (x 77B)
Class com.google.common.collect.BiMap                                                 : loaded 3 times (x 70B)
Class com.google.common.collect.ImmutableMap$1                                        : loaded 3 times (x 81B)
Class com.google.common.collect.UsingToStringOrdering                                 : loaded 3 times (x 114B)
Class com.google.common.collect.IndexedImmutableSet                                   : loaded 3 times (x 152B)
Class com.google.common.math.MathPreconditions                                        : loaded 3 times (x 71B)
Class com.google.common.collect.Hashing                                               : loaded 3 times (x 71B)
Class com.google.common.collect.FluentIterable$1                                      : loaded 3 times (x 81B)
Class com.google.common.base.Objects                                                  : loaded 3 times (x 71B)
Class com.google.common.base.Equivalence$Equals                                       : loaded 3 times (x 82B)
Class kotlin.LazyKt                                                                   : loaded 3 times (x 71B)
Class com.google.common.collect.ImmutableMapEntrySet                                  : loaded 3 times (x 152B)
Class kotlin.ranges.RangesKt___RangesKt                                               : loaded 3 times (x 71B)
Class com.google.common.collect.RegularImmutableBiMap                                 : loaded 3 times (x 149B)
Class com.google.common.cache.Weigher                                                 : loaded 3 times (x 70B)
Class com.google.common.collect.AbstractMapBasedMultimap$KeySet                       : loaded 3 times (x 137B)
Class com.google.common.collect.AbstractMapBasedMultimap$KeySet$1                     : loaded 3 times (x 82B)
Class kotlin.jvm.internal.CallableReference                                           : loaded 3 times (x 106B)
Class com.google.common.math.IntMath                                                  : loaded 3 times (x 71B)
Class com.google.common.collect.ImmutableBiMap$Builder                                : loaded 3 times (x 82B)
Class com.google.common.cache.CacheLoader$UnsupportedLoadingOperationException        : loaded 3 times (x 82B)
Class com.google.common.cache.LocalCache$EntryFactory$1                               : loaded 3 times (x 83B)
Class [Lcom.google.common.cache.RemovalListener;                                      : loaded 3 times (x 69B)
Class com.google.common.collect.Maps$IteratorBasedAbstractMap                         : loaded 3 times (x 125B)
Class kotlin.LazyKt__LazyJVMKt                                                        : loaded 3 times (x 71B)
Class com.google.common.collect.AbstractIterator$State                                : loaded 3 times (x 79B)
Class com.google.common.collect.ImmutableMultiset                                     : loaded 3 times (x 163B)
Class kotlin.coroutines.jvm.internal.RestrictedContinuationImpl                       : loaded 3 times (x 87B)
Class com.google.common.cache.CacheBuilder$2                                          : loaded 3 times (x 79B)
Class com.google.common.collect.ImmutableMapEntry                                     : loaded 3 times (x 85B)
Class com.google.common.cache.CacheLoader$SupplierToCacheLoader                       : loaded 3 times (x 75B)
Class com.google.common.collect.ExplicitOrdering                                      : loaded 3 times (x 115B)
Class kotlin.internal.ProgressionUtilKt                                               : loaded 3 times (x 71B)
Class com.google.common.util.concurrent.UncheckedExecutionException                   : loaded 3 times (x 82B)
Class com.google.common.collect.ImmutableMultimap$2                                   : loaded 3 times (x 81B)
Class com.google.common.collect.Range                                                 : loaded 3 times (x 87B)
Class com.google.common.cache.LocalCache$ValueReference                               : loaded 3 times (x 70B)
Class kotlin.io.FileAlreadyExistsException                                            : loaded 3 times (x 82B)
Class com.google.common.cache.LocalCache                                              : loaded 3 times (x 187B)
Class com.google.common.base.Optional                                                 : loaded 3 times (x 80B)
Class com.google.common.collect.ImmutableRangeSet$1                                   : loaded 3 times (x 210B)
Class kotlin.io.FilesKt__FilePathComponentsKt                                         : loaded 3 times (x 71B)
Class kotlin.io.TerminateException                                                    : loaded 3 times (x 82B)
Class com.google.common.cache.LocalCache$Strength                                     : loaded 3 times (x 81B)
Class kotlin.reflect.KCallable                                                        : loaded 3 times (x 70B)
Class com.google.common.collect.RangeGwtSerializationDependencies                     : loaded 3 times (x 71B)
Class com.google.common.base.Predicates                                               : loaded 3 times (x 71B)
Class com.google.common.collect.ImmutableMultimap                                     : loaded 3 times (x 147B)
Class com.google.common.collect.ImmutableMapEntry$NonTerminalImmutableMapEntry        : loaded 3 times (x 85B)
Class com.google.common.cache.Cache                                                   : loaded 3 times (x 70B)
Class com.google.common.collect.ImmutableBiMap                                        : loaded 3 times (x 143B)
Class com.google.common.base.NullnessCasts                                            : loaded 3 times (x 71B)
Class com.google.common.cache.LocalCache$EntryFactory$2                               : loaded 3 times (x 83B)
Class kotlin.jvm.internal.CallableReference$NoReceiver                                : loaded 3 times (x 71B)
Class com.google.common.collect.ImmutableMap$Builder                                  : loaded 3 times (x 82B)
Class com.google.common.cache.RemovalListener                                         : loaded 3 times (x 70B)
Class kotlin.io.CloseableKt                                                           : loaded 3 times (x 71B)
Class com.google.common.collect.AbstractMultimap                                      : loaded 3 times (x 123B)
Class com.google.common.collect.Sets$ImprovedAbstractSet                              : loaded 3 times (x 135B)
Class com.google.common.collect.Maps$EntryFunction$1                                  : loaded 3 times (x 91B)
Class com.google.common.cache.CacheBuilder$OneWeigher                                 : loaded 3 times (x 82B)
Class com.google.common.collect.AbstractMapBasedMultimap$WrappedCollection$WrappedIterator: loaded 3 times (x 84B)
Class com.google.common.collect.IndexedImmutableSet$1                                 : loaded 3 times (x 213B)
Class com.google.common.collect.ImmutableMultimap$1                                   : loaded 3 times (x 82B)
Class com.google.common.collect.AbstractSetMultimap                                   : loaded 3 times (x 174B)
Class com.google.common.cache.LocalCache$2                                            : loaded 3 times (x 142B)
Class com.google.common.base.FunctionalEquivalence                                    : loaded 3 times (x 83B)
Class com.google.common.base.Ascii                                                    : loaded 3 times (x 71B)
Class com.google.common.collect.AbstractMapBasedMultimap                              : loaded 3 times (x 139B)
Class com.google.common.collect.RangeSet                                              : loaded 3 times (x 70B)
Class kotlin.jvm.functions.Function2                                                  : loaded 3 times (x 70B)
Class com.google.common.collect.ImmutableMap                                          : loaded 3 times (x 120B)
Class com.google.common.cache.CacheBuilder$1                                          : loaded 3 times (x 85B)
Class [Lcom.google.common.cache.LocalCache$Strength;                                  : loaded 3 times (x 69B)
Class [Lcom.google.common.cache.LocalCache$Segment;                                   : loaded 3 times (x 69B)
Class com.google.common.collect.Maps$EntryFunction                                    : loaded 3 times (x 91B)
Class com.google.common.collect.AbstractMapEntry                                      : loaded 3 times (x 81B)
Class com.google.common.collect.SingletonImmutableBiMap                               : loaded 3 times (x 143B)
Class com.google.common.cache.LocalCache$EntryFactory$3                               : loaded 3 times (x 83B)
Class com.google.common.cache.LocalCache$1                                            : loaded 3 times (x 89B)
Class com.google.common.base.Ticker$1                                                 : loaded 3 times (x 72B)
Class com.google.common.collect.Multimaps                                             : loaded 3 times (x 71B)
Class com.google.common.collect.ImmutableMapEntrySet$RegularEntrySet                  : loaded 3 times (x 152B)
Class com.google.common.collect.Maps$BiMapConverter                                   : loaded 3 times (x 90B)
Class kotlin.Lazy                                                                     : loaded 3 times (x 70B)
Class org.gradle.api.GradleException                                                  : loaded 3 times (x 82B)
Class kotlin.annotation.Retention                                                     : loaded 3 times (x 70B)
Class kotlin.sequences.SequenceBuilderIterator                                        : loaded 3 times (x 85B)
Class com.google.common.collect.Platform                                              : loaded 3 times (x 71B)
Class kotlin.Result                                                                   : loaded 3 times (x 72B)
Class kotlin.comparisons.ComparisonsKt___ComparisonsJvmKt                             : loaded 3 times (x 71B)
Class com.google.common.base.Present                                                  : loaded 3 times (x 81B)
Class com.google.common.collect.Maps$EntryFunction$2                                  : loaded 3 times (x 91B)
Class com.google.common.collect.BaseImmutableMultimap                                 : loaded 3 times (x 123B)
Class com.google.common.base.MoreObjects                                              : loaded 3 times (x 71B)
Class com.google.common.collect.EmptyImmutableListMultimap                            : loaded 3 times (x 176B)
Class kotlin.io.FileSystemException                                                   : loaded 3 times (x 82B)
Class com.google.common.collect.Sets                                                  : loaded 3 times (x 71B)
Class com.google.common.collect.ImmutableMultimap$Keys                                : loaded 3 times (x 166B)
Class kotlin.collections.AbstractMutableList                                          : loaded 3 times (x 206B)
Class com.google.common.base.Ticker                                                   : loaded 3 times (x 72B)
Class org.gradle.api.Action                                                           : loaded 3 times (x 70B)
Class com.google.common.collect.AbstractMapBasedMultimap$WrappedSet                   : loaded 3 times (x 142B)
Class com.google.common.collect.Maps                                                  : loaded 3 times (x 71B)
Class org.gradle.internal.Cast                                                        : loaded 3 times (x 71B)
Class kotlin.jvm.internal.DefaultConstructorMarker                                    : loaded 3 times (x 71B)
Class com.google.common.collect.ImmutableRangeSet$AsSet                               : loaded 3 times (x 300B)
Class kotlin.jvm.internal.FunctionBase                                                : loaded 3 times (x 70B)
Class com.google.common.primitives.IntsMethodsForWeb                                  : loaded 3 times (x 71B)
Class com.google.common.base.Converter                                                : loaded 3 times (x 90B)
Class com.google.common.collect.CollectPreconditions                                  : loaded 3 times (x 71B)
Class kotlin.jvm.internal.FunctionReference                                           : loaded 3 times (x 122B)
Class com.google.common.collect.ImmutableListMultimap                                 : loaded 3 times (x 176B)
Class com.google.common.collect.Maps$IteratorBasedAbstractMap$1                       : loaded 3 times (x 138B)
Class [Lkotlin.coroutines.intrinsics.CoroutineSingletons;                             : loaded 3 times (x 69B)
Class com.google.common.cache.CacheLoader$FunctionToCacheLoader                       : loaded 3 times (x 75B)
Class com.google.common.cache.LocalCache$EntryFactory$4                               : loaded 3 times (x 83B)
Class kotlin.reflect.KDeclarationContainer                                            : loaded 3 times (x 70B)
Class com.google.common.collect.SetMultimap                                           : loaded 3 times (x 70B)
Class com.google.common.collect.ImmutableSet$Builder                                  : loaded 3 times (x 85B)
Class [Lcom.google.common.collect.ImmutableEntry;                                     : loaded 3 times (x 69B)
Class kotlin.text.Regex$Companion                                                     : loaded 3 times (x 71B)
Class kotlin._Assertions                                                              : loaded 3 times (x 71B)
Class com.google.common.cache.CacheBuilder$NullListener                               : loaded 3 times (x 82B)
Class com.google.common.cache.LocalCache$EntryFactory$5                               : loaded 3 times (x 83B)
Class com.google.common.base.Suppliers$MemoizingSupplier                              : loaded 3 times (x 79B)
Class com.google.common.cache.ReferenceEntry                                          : loaded 3 times (x 70B)
Class com.google.common.base.Suppliers$NonSerializableMemoizingSupplier               : loaded 3 times (x 79B)
Class com.google.common.collect.ReverseOrdering                                       : loaded 3 times (x 115B)
Class com.google.common.collect.MapDifference                                         : loaded 3 times (x 70B)
Class com.google.common.collect.RegularImmutableMap$BucketOverflowException           : loaded 3 times (x 82B)
Class com.google.common.cache.LocalCache$LoadingValueReference                        : loaded 3 times (x 97B)
Class com.google.common.collect.Sets$3$1                                              : loaded 3 times (x 82B)
Class kotlin.coroutines.intrinsics.CoroutineSingletons                                : loaded 3 times (x 79B)
Class com.google.common.collect.TransformedIterator                                   : loaded 3 times (x 80B)
Class [Lcom.google.common.collect.Maps$EntryFunction;                                 : loaded 3 times (x 69B)
Class com.google.common.collect.AllEqualOrdering                                      : loaded 3 times (x 114B)
Class com.google.common.cache.LocalCache$Strength$3                                   : loaded 3 times (x 81B)
Class com.google.common.cache.LocalCache$EntryFactory$6                               : loaded 3 times (x 83B)
Class [Lcom.google.common.cache.Weigher;                                              : loaded 3 times (x 69B)
Class com.google.common.collect.Collections2$FilteredCollection                       : loaded 3 times (x 119B)
Class com.google.common.cache.LocalCache$Strength$2                                   : loaded 3 times (x 81B)
Class Build_gradle                                                                    : loaded 3 times (x 126B)
Class com.google.common.cache.LocalCache$EntryFactory$7                               : loaded 3 times (x 83B)
Class com.google.common.collect.ImmutableMultimap$Builder                             : loaded 3 times (x 83B)
Class com.google.common.collect.Maps$KeySet                                           : loaded 3 times (x 137B)
Class kotlin.ranges.RangesKt                                                          : loaded 3 times (x 71B)
Class com.google.common.collect.Multimap                                              : loaded 3 times (x 70B)
Class kotlin.io.FilesKt__UtilsKt                                                      : loaded 3 times (x 71B)
Class kotlin.SynchronizedLazyImpl                                                     : loaded 3 times (x 76B)
Class com.google.common.collect.Sets$4                                                : loaded 3 times (x 139B)
Class com.google.common.collect.ImmutableSet$EmptySetBuilderImpl                      : loaded 3 times (x 76B)
Class com.google.common.base.ExtraObjectsMethodsForWeb                                : loaded 3 times (x 71B)
Class com.google.common.cache.LocalCache$Strength$1                                   : loaded 3 times (x 81B)
Class com.google.common.collect.Sets$3                                                : loaded 3 times (x 139B)
Class com.google.common.cache.LocalCache$EntryFactory$8                               : loaded 3 times (x 83B)
Class com.google.common.cache.LocalCache$LocalLoadingCache                            : loaded 3 times (x 134B)
Class kotlin.coroutines.jvm.internal.SuspendFunction                                  : loaded 3 times (x 70B)
Class com.google.common.collect.Maps$EntrySet                                         : loaded 3 times (x 136B)
Class com.google.common.base.Supplier                                                 : loaded 3 times (x 70B)
Class com.google.common.collect.ImmutableMultimap$EntryCollection                     : loaded 3 times (x 128B)
Class com.google.common.collect.NullnessCasts                                         : loaded 3 times (x 71B)
Class kotlin.reflect.KAnnotatedElement                                                : loaded 3 times (x 70B)
Class com.google.common.collect.CompoundOrdering                                      : loaded 3 times (x 115B)
Class kotlin.coroutines.intrinsics.IntrinsicsKt                                       : loaded 3 times (x 71B)
Class kotlin.coroutines.jvm.internal.RestrictedSuspendLambda                          : loaded 3 times (x 91B)
Class com.google.common.cache.CacheBuilder                                            : loaded 3 times (x 72B)
Class com.google.common.collect.Maps$8                                                : loaded 3 times (x 82B)
Class kotlin.jvm.internal.markers.KMutableCollection                                  : loaded 3 times (x 70B)
Class com.google.common.collect.FluentIterable                                        : loaded 3 times (x 81B)
Class com.google.common.collect.Sets$2                                                : loaded 3 times (x 139B)
Class kotlin.sequences.SequenceScope                                                  : loaded 3 times (x 73B)
Class com.google.common.collect.Maps$ViewCachingAbstractMap                           : loaded 3 times (x 125B)
Class [Lcom.google.common.base.Function;                                              : loaded 3 times (x 69B)
Class com.google.common.collect.NaturalOrdering                                       : loaded 3 times (x 115B)
Class com.google.common.collect.Sets$1                                                : loaded 3 times (x 139B)
Class com.google.common.cache.CacheLoader$1                                           : loaded 3 times (x 75B)
Class com.google.common.collect.ComparatorOrdering                                    : loaded 3 times (x 115B)
Class kotlin.io.FilePathComponents                                                    : loaded 3 times (x 72B)
Class com.google.common.cache.LoadingCache                                            : loaded 3 times (x 70B)
Class com.google.common.collect.ImmutableRangeSet$ComplementRanges                    : loaded 3 times (x 207B)
Class com.google.common.base.JdkPattern                                               : loaded 3 times (x 75B)
Class com.google.common.collect.Iterators$6                                           : loaded 3 times (x 81B)
Class com.google.common.collect.ImmutableMultisetGwtSerializationDependencies         : loaded 3 times (x 125B)
Class com.google.common.collect.ImmutableMultimap$Values                              : loaded 3 times (x 126B)
Class com.google.common.base.Predicates$CompositionPredicate                          : loaded 3 times (x 88B)
Class kotlin.sequences.SequencesKt__SequenceBuilderKt$sequence$$inlined$Sequence$1    : loaded 3 times (x 75B)
Class kotlin.jvm.internal.markers.KMutableIterable                                    : loaded 3 times (x 70B)
Class kotlin.coroutines.intrinsics.IntrinsicsKt__IntrinsicsJvmKt                      : loaded 3 times (x 71B)
Class com.google.common.collect.ImmutableRangeSet                                     : loaded 3 times (x 115B)
Class com.google.common.collect.Sets$SetView                                          : loaded 3 times (x 138B)
Class kotlin.text.Regex                                                               : loaded 3 times (x 72B)
Class kotlin.coroutines.intrinsics.IntrinsicsKt__IntrinsicsKt                         : loaded 3 times (x 71B)
Class kotlin.LazyKt__LazyKt                                                           : loaded 3 times (x 71B)
Class kotlin.coroutines.jvm.internal.CoroutineStackFrame                              : loaded 3 times (x 70B)
Class com.google.common.collect.ImmutableSortedAsList                                 : loaded 3 times (x 221B)
Class com.google.common.collect.ImmutableEnumMap                                      : loaded 3 times (x 126B)
Class com.google.common.cache.LocalCache$LocalManualCache$1                           : loaded 3 times (x 75B)
Class com.google.common.collect.ListMultimap                                          : loaded 3 times (x 70B)
Class [Lcom.google.common.collect.ImmutableMapEntry;                                  : loaded 3 times (x 69B)
Class com.google.common.collect.Ordering                                              : loaded 3 times (x 114B)
Class com.google.common.collect.Maps$AbstractFilteredMap                              : loaded 3 times (x 127B)
Class com.google.common.collect.ImmutableRangeSet$Builder                             : loaded 3 times (x 77B)
Class com.google.common.collect.Lists$ReverseList$1                                   : loaded 3 times (x 99B)
Class [Lcom.google.common.collect.AbstractIterator$State;                             : loaded 3 times (x 69B)
Class com.google.common.collect.SortedMapDifference                                   : loaded 3 times (x 70B)
Class com.google.common.collect.ReverseNaturalOrdering                                : loaded 3 times (x 114B)
Class com.google.common.cache.AbstractCache$StatsCounter                              : loaded 3 times (x 70B)
Class kotlin.reflect.KFunction                                                        : loaded 3 times (x 70B)
Class com.google.common.base.Suppliers                                                : loaded 3 times (x 71B)
Class kotlin.UNINITIALIZED_VALUE                                                      : loaded 3 times (x 71B)
Class [Lcom.google.common.cache.CacheBuilder$OneWeigher;                              : loaded 3 times (x 69B)
Class kotlin.io.NoSuchFileException                                                   : loaded 3 times (x 82B)
Class kotlin.coroutines.CoroutineContext                                              : loaded 3 times (x 70B)
Class kotlin.coroutines.jvm.internal.DebugProbesKt                                    : loaded 3 times (x 71B)
Class com.google.common.cache.CacheLoader$InvalidCacheLoadException                   : loaded 3 times (x 82B)
Class org.gradle.internal.IoActions                                                   : loaded 3 times (x 71B)
Class com.google.common.base.Suppliers$SupplierOfInstance                             : loaded 3 times (x 79B)
Class com.google.common.collect.LexicographicalOrdering                               : loaded 3 times (x 115B)
Class com.google.common.collect.ImmutableMap$MapViewOfValuesAsSingletonSets           : loaded 3 times (x 126B)
Class com.google.common.cache.LocalCache$ComputingValueReference                      : loaded 3 times (x 97B)
Class [Lcom.google.common.cache.CacheBuilder$NullListener;                            : loaded 3 times (x 69B)
Class com.google.common.cache.CacheStats                                              : loaded 3 times (x 71B)
Class kotlin.Metadata                                                                 : loaded 3 times (x 70B)
Class kotlin.coroutines.Continuation                                                  : loaded 3 times (x 70B)
Class com.google.common.collect.RegularImmutableMap                                   : loaded 3 times (x 121B)
Class com.google.common.collect.ForwardingCollection                                  : loaded 3 times (x 130B)
Class com.google.common.math.IntMath$1                                                : loaded 3 times (x 71B)
Class com.google.common.collect.ImmutableSet$JdkBackedSetBuilderImpl                  : loaded 3 times (x 76B)
Class kotlin.ranges.RangesKt__RangesKt                                                : loaded 3 times (x 71B)
Class com.google.common.collect.Iterables                                             : loaded 3 times (x 71B)
Class com.google.common.collect.ImmutableMap$IteratorBasedImmutableMap                : loaded 3 times (x 126B)
Class kotlin.jvm.KotlinReflectionNotSupportedError                                    : loaded 3 times (x 82B)
Class com.google.common.collect.ImmutableEnumSet                                      : loaded 3 times (x 146B)
Class com.google.common.collect.AbstractMapBasedMultimap$WrappedCollection            : loaded 3 times (x 124B)
Class com.google.common.util.concurrent.ExecutionError                                : loaded 3 times (x 82B)
Class kotlin.io.FilesKt__FileTreeWalkKt                                               : loaded 3 times (x 71B)
Class kotlin.comparisons.ComparisonsKt__ComparisonsKt                                 : loaded 3 times (x 71B)
Class kotlin.sequences.FilteringSequence$iterator$1                                   : loaded 3 times (x 79B)
Class com.google.common.collect.NullsLastOrdering                                     : loaded 3 times (x 115B)
Class com.google.common.collect.Iterables$5                                           : loaded 3 times (x 81B)
Class com.google.common.cache.LocalCache$Segment                                      : loaded 3 times (x 154B)
Class com.google.common.collect.RegularImmutableMap$Values                            : loaded 3 times (x 207B)
Class com.google.common.collect.Sets$FilteredSet                                      : loaded 3 times (x 137B)
Class kotlin.comparisons.ComparisonsKt___ComparisonsKt                                : loaded 3 times (x 71B)
Class kotlin.Result$Companion                                                         : loaded 3 times (x 71B)
Class kotlin.coroutines.jvm.internal.BaseContinuationImpl                             : loaded 3 times (x 87B)
Class com.google.common.cache.LocalCache$EntryFactory                                 : loaded 3 times (x 83B)
Class kotlin.jvm.internal.CollectionToArray                                           : loaded 3 times (x 71B)
Class kotlin.io.FilesKt                                                               : loaded 3 times (x 71B)
Class com.google.common.collect.SortedSetMultimap                                     : loaded 3 times (x 70B)
Class com.google.common.cache.CacheLoader                                             : loaded 3 times (x 74B)
Class com.google.common.collect.AbstractListMultimap                                  : loaded 3 times (x 172B)
Class com.google.common.base.Equivalence                                              : loaded 3 times (x 82B)
Class com.google.common.base.Equivalence$Identity                                     : loaded 3 times (x 82B)
Class com.google.common.base.PairwiseEquivalence                                      : loaded 3 times (x 83B)
Class com.google.common.collect.RegularImmutableMap$KeySet                            : loaded 3 times (x 152B)
Class kotlin.sequences.FilteringSequence                                              : loaded 3 times (x 75B)
Class kotlin.comparisons.ComparisonsKt                                                : loaded 3 times (x 71B)
Class com.google.common.collect.Lists$RandomAccessReverseList                         : loaded 3 times (x 200B)
Class com.google.common.reflect.Types$ClassOwnership                                  : loaded 2 times (x 80B)
Class com.android.builder.model.v2.ide.BundleInfo                                     : loaded 2 times (x 70B)
Class com.android.builder.model.v2.ide.SourceProvider                                 : loaded 2 times (x 70B)
Class org.objectweb.asm.Symbol                                                        : loaded 2 times (x 73B)
Class org.gradle.util.internal.DefaultGradleVersion                                   : loaded 2 times (x 80B)
Class org.gradle.internal.classpath.DefaultClassPath                                  : loaded 2 times (x 90B)
Class org.gradle.internal.classloader.VisitableURLClassLoader$Spec                    : loaded 2 times (x 74B)
Class org.objectweb.asm.ByteVector                                                    : loaded 2 times (x 79B)
Class kotlin.reflect.KType                                                            : loaded 2 times (x 70B)
Class com.android.builder.model.v2.ide.BasicVariant                                   : loaded 2 times (x 70B)
Class [Lcom.android.builder.model.v2.ide.AndroidGradlePluginProjectFlags$BooleanFlag; : loaded 2 times (x 69B)
Class com.android.builder.model.v2.ide.AndroidGradlePluginProjectFlags                : loaded 2 times (x 70B)
Class kotlin.jvm.internal.ClassBasedDeclarationContainer                              : loaded 2 times (x 70B)
Class [Lkotlin.reflect.jvm.internal.impl.resolve.jvm.JvmPrimitiveType;                : loaded 2 times (x 69B)
Class com.google.common.io.Closer                                                     : loaded 2 times (x 78B)
Class org.gradle.internal.classloader.ClassLoaderSpec                                 : loaded 2 times (x 71B)
Class com.google.common.collect.Maps$FilteredEntryMap$EntrySet                        : loaded 2 times (x 152B)
Class kotlin.reflect.jvm.internal.ReflectProperties$Val$1                             : loaded 2 times (x 71B)
Class org.gradle.internal.classloader.VisitableURLClassLoader$InstrumentingVisitableURLClassLoader: loaded 2 times (x 123B)
Class org.gradle.tooling.model.internal.ImmutableDomainObjectSet                      : loaded 2 times (x 155B)
Class org.objectweb.asm.Type                                                          : loaded 2 times (x 72B)
Class kotlin.jvm.internal.ReflectionFactory                                           : loaded 2 times (x 91B)
Class com.google.common.graph.SuccessorsFunction                                      : loaded 2 times (x 70B)
Class com.google.common.collect.RegularImmutableBiMap$Inverse                         : loaded 2 times (x 143B)
Class kotlin.Triple                                                                   : loaded 2 times (x 72B)
Class com.google.common.cache.LocalCache$StrongValueReference                         : loaded 2 times (x 90B)
Class org.jetbrains.kotlin.tooling.core.Extras                                        : loaded 2 times (x 70B)
Class kotlin.collections.ArrayAsCollection                                            : loaded 2 times (x 105B)
Class [Lcom.google.common.collect.Iterators$EmptyModifiableIterator;                  : loaded 2 times (x 69B)
Class org.objectweb.asm.AnnotationWriter                                              : loaded 2 times (x 79B)
Class kotlin.jvm.internal.FunctionReferenceImpl                                       : loaded 2 times (x 122B)
Class com.google.common.collect.Maps$9                                                : loaded 2 times (x 76B)
Class org.gradle.tooling.model.Element                                                : loaded 2 times (x 70B)
Class org.gradle.tooling.internal.adapter.ProtocolToModelAdapter$NoOpDecoration       : loaded 2 times (x 79B)
Class com.google.common.collect.AbstractMapBasedMultimap$2                            : loaded 2 times (x 85B)
Class org.gradle.tooling.internal.adapter.TypeInspector                               : loaded 2 times (x 73B)
Class [Lorg.objectweb.asm.AnnotationWriter;                                           : loaded 2 times (x 69B)
Class [Lcom.android.builder.model.v2.ide.TestInfo$Execution;                          : loaded 2 times (x 69B)
Class com.android.builder.model.v2.dsl.ProductFlavor                                  : loaded 2 times (x 70B)
Class com.google.common.collect.AbstractMapBasedMultimap$WrappedList                  : loaded 2 times (x 205B)
Class jdk.internal.jimage.ImageReader$Directory                                       : loaded 2 times (x 84B)
Class org.gradle.internal.time.Clock                                                  : loaded 2 times (x 70B)
Class com.google.common.base.Platform                                                 : loaded 2 times (x 71B)
Class com.google.common.io.Closer$Suppressor                                          : loaded 2 times (x 70B)
Class org.objectweb.asm.RecordComponentWriter                                         : loaded 2 times (x 78B)
Class [Lcom.android.builder.model.v2.ide.ProjectType;                                 : loaded 2 times (x 69B)
Class com.google.common.util.concurrent.AbstractFuture$Listener                       : loaded 2 times (x 72B)
Class Settings_gradle$1$1                                                             : loaded 2 times (x 74B)
Class org.gradle.tooling.internal.adapter.ProtocolToModelAdapter$DefaultViewBuilder   : loaded 2 times (x 80B)
Class com.google.common.collect.MultimapBuilder$SortedSetMultimapBuilder              : loaded 2 times (x 77B)
Class com.google.common.collect.ForwardingSet                                         : loaded 2 times (x 151B)
Class com.google.common.reflect.Invokable$MethodInvokable                             : loaded 2 times (x 107B)
Class kotlin.jvm.internal.SpreadBuilder                                               : loaded 2 times (x 76B)
Class com.google.common.collect.CollectSpliterators                                   : loaded 2 times (x 71B)
Class com.google.common.collect.Multimaps$Entries                                     : loaded 2 times (x 118B)
Class com.google.common.collect.AbstractMapBasedMultimap$AsMap                        : loaded 2 times (x 128B)
Class kotlin.reflect.full.IllegalPropertyDelegateAccessException                      : loaded 2 times (x 82B)
Class kotlin.LazyThreadSafetyMode                                                     : loaded 2 times (x 79B)
Class kotlin.io.FileTreeWalk$DirectoryState                                           : loaded 2 times (x 73B)
Class [Lorg.objectweb.asm.Label;                                                      : loaded 2 times (x 69B)
Class [Lcom.android.builder.model.v2.ide.AaptOptions$Namespacing;                     : loaded 2 times (x 69B)
Class com.android.ide.common.gradle.Version$Companion$ParseState                      : loaded 2 times (x 70B)
Class org.objectweb.asm.Attribute                                                     : loaded 2 times (x 77B)
Class org.gradle.tooling.internal.adapter.ProtocolToModelAdapter$ViewGraphDetails$1   : loaded 2 times (x 77B)
Class org.gradle.internal.classloader.VisitableURLClassLoader                         : loaded 2 times (x 117B)
Class [Lkotlin.DeprecationLevel;                                                      : loaded 2 times (x 69B)
Class com.google.common.base.Verify                                                   : loaded 2 times (x 71B)
Class kotlin.reflect.jvm.internal.KClassImpl                                          : loaded 2 times (x 115B)
Class [Lkotlin.reflect.jvm.internal.impl.builtins.jvm.JavaToKotlinClassMap$PlatformMutabilityMapping;: loaded 2 times (x 69B)
Class com.google.common.reflect.Types$JavaVersion                                     : loaded 2 times (x 83B)
Class kotlin.jvm.internal.MutablePropertyReference                                    : loaded 2 times (x 119B)
Class kotlin.jvm.internal.PropertyReference2                                          : loaded 2 times (x 127B)
Class kotlin.LazyKt__LazyJVMKt$WhenMappings                                           : loaded 2 times (x 71B)
Class com.google.common.collect.MultimapBuilder$ListMultimapBuilder                   : loaded 2 times (x 75B)
Class jdk.internal.jimage.ImageReader$SharedImageReader$LocationVisitor               : loaded 2 times (x 70B)
Class org.gradle.api.specs.Spec                                                       : loaded 2 times (x 70B)
Class org.gradle.internal.time.TimeSource$1                                           : loaded 2 times (x 77B)
Class com.google.common.util.concurrent.LazyLogger                                    : loaded 2 times (x 72B)
Class com.android.builder.model.v2.dsl.BaseConfig                                     : loaded 2 times (x 70B)
Class kotlin.jvm.internal.PropertyReference1                                          : loaded 2 times (x 127B)
Class com.google.common.collect.ImmutableList$SerializedForm                          : loaded 2 times (x 73B)
Class com.android.ide.common.repository.AgpVersion$Companion                          : loaded 2 times (x 71B)
Class Settings_gradle                                                                 : loaded 2 times (x 124B)
Class kotlin.sequences.FlatteningSequence$iterator$1                                  : loaded 2 times (x 79B)
Class kotlin.reflect.full.IllegalCallableAccessException                              : loaded 2 times (x 82B)
Class com.google.common.collect.ComparisonChain                                       : loaded 2 times (x 80B)
Class org.gradle.tooling.model.idea.IdeaDependency                                    : loaded 2 times (x 70B)
Class com.android.builder.model.v2.ide.ProjectType                                    : loaded 2 times (x 79B)
Class com.google.common.util.concurrent.Uninterruptibles                              : loaded 2 times (x 71B)
Class org.jetbrains.kotlin.tooling.core.HasExtras                                     : loaded 2 times (x 70B)
Class com.android.builder.model.v2.ide.ComponentInfo                                  : loaded 2 times (x 70B)
Class kotlin.jvm.internal.PropertyReference0                                          : loaded 2 times (x 127B)
Class org.gradle.internal.classloader.ClasspathUtil                                   : loaded 2 times (x 71B)
Class org.gradle.tooling.model.ProjectIdentifier                                      : loaded 2 times (x 70B)
Class org.gradle.tooling.model.idea.IdeaCompilerOutput                                : loaded 2 times (x 70B)
Class kotlin.text.MatchResult$DefaultImpls                                            : loaded 2 times (x 71B)
Class com.google.common.reflect.Types$ClassOwnership$1LocalClass                      : loaded 2 times (x 71B)
Class kotlin.reflect.jvm.internal.KDeclarationContainerImpl$Companion                 : loaded 2 times (x 71B)
Class com.android.builder.model.v2.ide.AaptOptions                                    : loaded 2 times (x 70B)
Class [Lcom.android.builder.model.v2.ide.BytecodeTransformation;                      : loaded 2 times (x 69B)
Class com.google.common.collect.HashBiMap                                             : loaded 2 times (x 143B)
Class com.google.common.base.Strings                                                  : loaded 2 times (x 71B)
Class com.android.ide.common.gradle.Version$Companion                                 : loaded 2 times (x 71B)
Class org.objectweb.asm.Handler                                                       : loaded 2 times (x 72B)
Class com.google.common.collect.MultimapBuilder$SetMultimapBuilder                    : loaded 2 times (x 75B)
Class jdk.internal.jrtfs.JrtPath                                                      : loaded 2 times (x 118B)
Class jdk.internal.jimage.ImageBufferCache                                            : loaded 2 times (x 71B)
Class org.gradle.internal.exceptions.ResolutionProvider                               : loaded 2 times (x 70B)
Class kotlin.jvm.internal.markers.KMutableIterator                                    : loaded 2 times (x 70B)
Class com.google.common.collect.ImmutableSortedSet$Builder                            : loaded 2 times (x 86B)
Class com.google.common.base.Functions                                                : loaded 2 times (x 71B)
Class org.gradle.tooling.internal.adapter.ProtocolToModelAdapter$MixInMappingAction   : loaded 2 times (x 80B)
Class com.android.builder.model.v2.ide.JavaCompileOptions                             : loaded 2 times (x 70B)
Class kotlin.jvm.internal.markers.KMutableListIterator                                : loaded 2 times (x 70B)
Class org.gradle.tooling.internal.gradle.GradleBuildIdentity                          : loaded 2 times (x 70B)
Class com.android.builder.model.v2.ide.TestInfo                                       : loaded 2 times (x 70B)
Class org.gradle.tooling.model.kotlin.dsl.KotlinDslScriptsModel                       : loaded 2 times (x 70B)
Class org.gradle.internal.time.TimeSource                                             : loaded 2 times (x 70B)
Class org.gradle.tooling.model.idea.IdeaDependencyScope                               : loaded 2 times (x 70B)
Class kotlin.ranges.IntRange                                                          : loaded 2 times (x 93B)
Class [Lorg.gradle.api.JavaVersion;                                                   : loaded 2 times (x 69B)
Class org.objectweb.asm.commons.InstructionAdapter                                    : loaded 2 times (x 188B)
Class [Lcom.google.common.collect.HashBiMap$BiEntry;                                  : loaded 2 times (x 69B)
Class com.android.builder.model.v2.models.ndk.NativeModelBuilderParameter             : loaded 2 times (x 70B)
Class kotlin.KotlinNothingValueException                                              : loaded 2 times (x 82B)
Class org.gradle.internal.classpath.DefaultClassPath$ImmutableUniqueList$Builder      : loaded 2 times (x 75B)
Class com.google.common.reflect.Types$TypeVariableInvocationHandler                   : loaded 2 times (x 75B)
Class kotlin.reflect.jvm.internal.impl.descriptors.runtime.structure.ReflectClassUtilKt: loaded 2 times (x 71B)
Class kotlin.jvm.internal.markers.KMutableMap                                         : loaded 2 times (x 70B)
Class kotlin.jvm.functions.Function3                                                  : loaded 2 times (x 70B)
Class kotlin.reflect.jvm.internal.KDeclarationContainerImpl$Data                      : loaded 2 times (x 72B)
Class kotlin.collections.AbstractList$SubList                                         : loaded 2 times (x 198B)
Class com.google.common.collect.Streams                                               : loaded 2 times (x 71B)
Class kotlin.collections.AbstractList$IteratorImpl                                    : loaded 2 times (x 82B)
Class com.google.common.collect.LinkedHashMultimap$ValueEntry                         : loaded 2 times (x 89B)
Class org.gradle.internal.service.CachingServiceLocator                               : loaded 2 times (x 82B)
Class com.android.builder.model.v2.ide.LibraryInfo                                    : loaded 2 times (x 70B)
Class com.google.common.collect.ImmutableMap$SerializedForm                           : loaded 2 times (x 73B)
Class kotlin.reflect.jvm.internal.impl.builtins.PrimitiveType                         : loaded 2 times (x 79B)
Class kotlin.io.FileTreeWalk$WalkState                                                : loaded 2 times (x 73B)
Class org.gradle.internal.classloader.ClassLoaderFactory                              : loaded 2 times (x 70B)
Class org.gradle.tooling.internal.adapter.WeakIdentityHashMap$AbsentValueProvider     : loaded 2 times (x 70B)
Class kotlin.sequences.SequencesKt___SequencesKt$sortedWith$1                         : loaded 2 times (x 75B)
Class kotlin.jvm.internal.MutablePropertyReference1Impl                               : loaded 2 times (x 137B)
Class jdk.internal.jrtfs.JrtFileAttributes                                            : loaded 2 times (x 83B)
Class org.gradle.internal.service.ServiceLookupException                              : loaded 2 times (x 82B)
Class org.gradle.internal.time.MonotonicClock                                         : loaded 2 times (x 77B)
Class kotlin.text.MatchNamedGroupCollection                                           : loaded 2 times (x 70B)
Class kotlin.reflect.jvm.internal.impl.builtins.PrimitiveType$Companion               : loaded 2 times (x 71B)
Class kotlin.reflect.jvm.internal.KClassImpl$Data                                     : loaded 2 times (x 72B)
Class com.google.common.reflect.TypeResolver$TypeTable$1                              : loaded 2 times (x 73B)
Class sync_studio_tooling3093_dqdneevonyo6lgohdosvk0e8t                               : loaded 2 times (x 171B)
Class jdk.internal.jimage.ImageReader$Resource                                        : loaded 2 times (x 84B)
Class jdk.internal.jimage.decompressor.Decompressor                                   : loaded 2 times (x 72B)
Class org.gradle.util.internal.DefaultGradleVersion$Stage                             : loaded 2 times (x 75B)
Class org.objectweb.asm.RecordComponentVisitor                                        : loaded 2 times (x 77B)
Class com.google.common.reflect.TypeResolver$TypeTable                                : loaded 2 times (x 73B)
Class com.google.common.base.CaseFormat$StringConverter                               : loaded 2 times (x 90B)
Class com.google.common.util.concurrent.AbstractFuture                                : loaded 2 times (x 106B)
Class [Lcom.android.builder.model.v2.ide.CodeShrinker;                                : loaded 2 times (x 69B)
Class sync_studio_tooling80719_45zf7plopw1zvzrpr9vfl0b6b                              : loaded 2 times (x 171B)
Class com.google.common.base.Functions$ConstantFunction                               : loaded 2 times (x 84B)
Class org.gradle.internal.exceptions.NonGradleCauseExceptionsHolder                   : loaded 2 times (x 70B)
Class org.gradle.tooling.model.idea.IdeaModuleDependency                              : loaded 2 times (x 70B)
Class org.gradle.tooling.internal.adapter.ViewBuilder                                 : loaded 2 times (x 70B)
Class jdk.internal.jimage.ImageStrings                                                : loaded 2 times (x 70B)
Class kotlin.jvm.functions.Function5                                                  : loaded 2 times (x 70B)
Class com.google.common.util.concurrent.ListenableFuture                              : loaded 2 times (x 70B)
Class kotlin.collections.IndexedValue                                                 : loaded 2 times (x 72B)
Class kotlin.reflect.jvm.internal.impl.name.SpecialNames                              : loaded 2 times (x 71B)
Class com.google.common.collect.ImmutableSetMultimap$EntrySet                         : loaded 2 times (x 146B)
Class com.google.common.collect.LinkedHashMultimap$ValueSetLink                       : loaded 2 times (x 70B)
Class jdk.internal.jimage.BasicImageReader$1                                          : loaded 2 times (x 77B)
Class org.gradle.api.internal.classpath.DefaultModuleRegistry                         : loaded 2 times (x 86B)
Class com.google.common.collect.Lists$TransformingRandomAccessList                    : loaded 2 times (x 199B)
Class com.android.builder.model.v2.models.ModelBuilderParameter                       : loaded 2 times (x 70B)
Class com.google.common.collect.Multimaps$CustomSetMultimap                           : loaded 2 times (x 178B)
Class com.google.common.collect.Multimaps$CustomListMultimap                          : loaded 2 times (x 174B)
Class jdk.internal.jimage.ImageReader$Node                                            : loaded 2 times (x 84B)
Class kotlin.text.RegexKt                                                             : loaded 2 times (x 71B)
Class com.google.common.collect.HashBiMap$Inverse                                     : loaded 2 times (x 142B)
Class com.android.builder.model.v2.ide.Installation                                   : loaded 2 times (x 70B)
Class kotlin.reflect.jvm.internal.KDeclarationContainerImpl                           : loaded 2 times (x 84B)
Class sync_studio_tooling70030_9ehcq88tn2tukz0zkdsj546c3$_run_closure1                : loaded 2 times (x 139B)
Class com.android.builder.model.v2.ide.AndroidLibraryData                             : loaded 2 times (x 70B)
Class com.android.builder.model.v2.ide.ApiVersion                                     : loaded 2 times (x 70B)
Class com.android.ide.common.gradle.Version                                           : loaded 2 times (x 75B)
Class com.google.common.collect.MultimapBuilder$ArrayListSupplier                     : loaded 2 times (x 77B)
Class kotlin.jvm.functions.Function6                                                  : loaded 2 times (x 70B)
Class org.gradle.tooling.internal.adapter.ObjectGraphAdapter                          : loaded 2 times (x 70B)
Class kotlin.reflect.jvm.internal.KTypeParameterOwnerImpl                             : loaded 2 times (x 70B)
Class com.android.ide.common.repository.AgpVersion$PreviewKind$Companion              : loaded 2 times (x 71B)
Class com.google.common.util.concurrent.internal.InternalFutureFailureAccess          : loaded 2 times (x 72B)
Class com.android.builder.model.v2.ide.PrivacySandboxSdkInfo                          : loaded 2 times (x 70B)
Class com.google.common.base.Splitter$SplittingIterator                               : loaded 2 times (x 84B)
Class org.gradle.api.internal.classpath.ModuleRegistry                                : loaded 2 times (x 70B)
Class org.gradle.internal.installation.GradleInstallation$1                           : loaded 2 times (x 75B)
Class [Lorg.objectweb.asm.SymbolTable$Entry;                                          : loaded 2 times (x 69B)
Class com.android.builder.model.v2.models.ndk.NativeModule                            : loaded 2 times (x 70B)
Class sync_studio_tooling104931_8df9nh0lwxvw568h61jxyqmot$_run_closure1               : loaded 2 times (x 139B)
Class kotlin.reflect.jvm.internal.ReflectProperties                                   : loaded 2 times (x 71B)
Class kotlin.SafePublicationLazyImpl                                                  : loaded 2 times (x 76B)
Class jdk.internal.jimage.ImageReader$SharedImageReader                               : loaded 2 times (x 95B)
Class com.android.builder.model.v2.models.Versions$Version                            : loaded 2 times (x 70B)
Class org.gradle.tooling.internal.adapter.ProtocolToModelAdapter$MethodInvocationCache: loaded 2 times (x 73B)
Class kotlin.jvm.functions.Function7                                                  : loaded 2 times (x 70B)
Class kotlin.reflect.jvm.internal.impl.name.Name                                      : loaded 2 times (x 75B)
Class kotlin.reflect.jvm.internal.KPropertyImpl$Companion                             : loaded 2 times (x 71B)
Class com.android.builder.model.v2.models.Versions                                    : loaded 2 times (x 70B)
Class com.android.builder.model.v2.ide.ArtifactDependenciesAdjacencyList              : loaded 2 times (x 70B)
Class com.android.builder.model.v2.ide.Library                                        : loaded 2 times (x 70B)
Class com.google.common.reflect.TypeToken$2                                           : loaded 2 times (x 110B)
Class kotlin.reflect.KProperty$Getter                                                 : loaded 2 times (x 70B)
Class com.google.common.collect.AbstractMapBasedMultimap$AsMap$AsMapEntries           : loaded 2 times (x 138B)
Class com.google.common.collect.AbstractMapBasedMultiset                              : loaded 2 times (x 163B)
Class com.google.common.collect.MultimapBuilder                                       : loaded 2 times (x 73B)
Class com.google.common.cache.LocalCache$WriteThroughEntry                            : loaded 2 times (x 79B)
Class com.google.common.cache.LocalCache$HashIterator                                 : loaded 2 times (x 86B)
Class org.gradle.tooling.internal.adapter.ProtocolToModelAdapter$ReflectionMethodInvoker: loaded 2 times (x 76B)
Class jdk.internal.jimage.ImageReader                                                 : loaded 2 times (x 75B)
Class kotlin.text.MatchResult$Destructured                                            : loaded 2 times (x 72B)
Class kotlin.collections.builders.MapBuilder$Companion                                : loaded 2 times (x 71B)
Class kotlin.jvm.functions.Function8                                                  : loaded 2 times (x 70B)
Class [Lkotlin.annotation.AnnotationRetention;                                        : loaded 2 times (x 69B)
Class kotlin.reflect.jvm.internal.impl.name.FqNameUnsafe                              : loaded 2 times (x 72B)
Class com.android.ide.common.repository.AgpVersion$PreviewKind$WhenMappings           : loaded 2 times (x 71B)
Class com.android.builder.model.v2.ide.SyncIssue                                      : loaded 2 times (x 70B)
Class com.google.common.reflect.TypeToken$1                                           : loaded 2 times (x 110B)
Class com.google.common.collect.Count                                                 : loaded 2 times (x 71B)
Class org.gradle.tooling.model.Model                                                  : loaded 2 times (x 70B)
Class org.objectweb.asm.Edge                                                          : loaded 2 times (x 72B)
Class com.android.builder.model.v2.ide.Variant                                        : loaded 2 times (x 70B)
Class sync_studio_tooling70030_9ehcq88tn2tukz0zkdsj546c3                              : loaded 2 times (x 171B)
Class [Lcom.google.common.base.CaseFormat;                                            : loaded 2 times (x 69B)
Class jdk.internal.jimage.ImageStringsReader                                          : loaded 2 times (x 80B)
Class org.objectweb.asm.SymbolTable$Entry                                             : loaded 2 times (x 74B)
Class kotlin.jvm.internal.Lambda                                                      : loaded 2 times (x 75B)
Class [Lkotlin.reflect.KDeclarationContainer;                                         : loaded 2 times (x 69B)
Class com.google.common.collect.Sets$1$1                                              : loaded 2 times (x 82B)
Class com.google.common.reflect.Types$NativeTypeVariableEquals                        : loaded 2 times (x 71B)
Class com.google.common.reflect.TypeParameter                                         : loaded 2 times (x 72B)
Class [Lcom.android.ide.common.gradle.Separator;                                      : loaded 2 times (x 69B)
Class org.jetbrains.kotlin.tooling.core.HasMutableExtras                              : loaded 2 times (x 70B)
Class com.google.common.cache.LocalCache$AbstractReferenceEntry                       : loaded 2 times (x 107B)
Class kotlin.collections.ArrayDeque                                                   : loaded 2 times (x 207B)
Class com.google.common.collect.MultimapBuilder$MultimapBuilderWithKeys$1             : loaded 2 times (x 76B)
Class [Lcom.google.common.reflect.Types$JavaVersion;                                  : loaded 2 times (x 69B)
Class com.google.common.base.VerifyException                                          : loaded 2 times (x 82B)
Class com.google.common.collect.ImmutableMapKeySet                                    : loaded 2 times (x 152B)
Class kotlin.jvm.functions.Function10                                                 : loaded 2 times (x 70B)
Class kotlin.jvm.functions.Function9                                                  : loaded 2 times (x 70B)
Class kotlin.annotation.MustBeDocumented                                              : loaded 2 times (x 70B)
Class [Lkotlin.LazyThreadSafetyMode;                                                  : loaded 2 times (x 69B)
Class [Lkotlin.reflect.KClassifier;                                                   : loaded 2 times (x 69B)
Class kotlin.reflect.jvm.internal.EmptyContainerForLocal                              : loaded 2 times (x 84B)
Class [Lkotlin.reflect.jvm.internal.impl.name.FqName;                                 : loaded 2 times (x 69B)
Class kotlin.reflect.jvm.internal.KPackageImpl                                        : loaded 2 times (x 85B)
Class com.google.common.base.Equivalence$Wrapper                                      : loaded 2 times (x 72B)
Class com.google.common.collect.LinkedHashMultimap$ValueSet$1                         : loaded 2 times (x 82B)
Class org.gradle.internal.classpath.ClassPath                                         : loaded 2 times (x 70B)
Class Settings_gradle$1                                                               : loaded 2 times (x 74B)
Class com.android.builder.model.v2.models.VariantDependencies                         : loaded 2 times (x 70B)
Class com.android.builder.model.v2.AndroidModel                                       : loaded 2 times (x 70B)
Class org.objectweb.asm.SymbolTable                                                   : loaded 2 times (x 72B)
Class org.gradle.internal.classloader.SystemClassLoaderSpec                           : loaded 2 times (x 71B)
Class com.google.common.collect.MultimapBuilder$MultimapBuilderWithKeys$2             : loaded 2 times (x 76B)
Class com.android.builder.model.v2.models.AndroidProject                              : loaded 2 times (x 70B)
Class com.android.builder.model.v2.dsl.SigningConfig                                  : loaded 2 times (x 70B)
Class sync_studio_tooling52365_cy7iyr37wha8cvgeje0pfm4gj                              : loaded 2 times (x 171B)
Class kotlin.collections.IntIterator                                                  : loaded 2 times (x 82B)
Class com.google.common.base.CaseFormat                                               : loaded 2 times (x 83B)
Class kotlin.jvm.functions.Function11                                                 : loaded 2 times (x 70B)
Class com.google.common.reflect.TypeToken                                             : loaded 2 times (x 73B)
Class kotlin.reflect.jvm.internal.impl.resolve.jvm.JvmPrimitiveType                   : loaded 2 times (x 79B)
Class org.gradle.internal.classpath.DefaultClassPath$ImmutableUniqueList              : loaded 2 times (x 199B)
Class org.gradle.api.internal.ClassPathRegistry                                       : loaded 2 times (x 70B)
Class kotlin.ranges.ClosedRange                                                       : loaded 2 times (x 70B)
Class com.android.builder.model.v2.ide.JavaArtifact                                   : loaded 2 times (x 70B)
Class com.google.common.reflect.Invokable$ConstructorInvokable                        : loaded 2 times (x 107B)
Class sync_studio_tooling52365_cy7iyr37wha8cvgeje0pfm4gj$_run_closure1                : loaded 2 times (x 139B)
Class com.android.builder.model.v2.ide.TestedTargetVariant                            : loaded 2 times (x 70B)
Class com.google.common.cache.LocalCache$StrongEntry                                  : loaded 2 times (x 108B)
Class com.google.common.util.concurrent.AbstractFuture$TrustedFuture                  : loaded 2 times (x 114B)
Class kotlin.ranges.IntRange$Companion                                                : loaded 2 times (x 71B)
Class kotlin.text.MatcherMatchResult$groups$1                                         : loaded 2 times (x 151B)
Class org.gradle.internal.exceptions.MultiCauseException                              : loaded 2 times (x 70B)
Class org.gradle.internal.time.CountdownTimer                                         : loaded 2 times (x 70B)
Class jdk.internal.jrtfs.JrtFileSystem                                                : loaded 2 times (x 102B)
Class com.google.common.collect.MultimapBuilder$MultimapBuilderWithKeys$3             : loaded 2 times (x 76B)
Class kotlin.jvm.internal.Reflection                                                  : loaded 2 times (x 71B)
Class kotlin.reflect.KProperty                                                        : loaded 2 times (x 70B)
Class kotlin.jvm.JvmClassMappingKt                                                    : loaded 2 times (x 71B)
Class kotlin.jvm.functions.Function12                                                 : loaded 2 times (x 70B)
Class kotlin.reflect.jvm.internal.KPropertyImpl                                       : loaded 2 times (x 115B)
Class kotlin.annotation.AnnotationTarget                                              : loaded 2 times (x 79B)
Class com.google.common.collect.Maps$FilteredEntryMap$EntrySet$1                      : loaded 2 times (x 82B)
Class org.gradle.api.internal.DefaultClassPathRegistry                                : loaded 2 times (x 76B)
Class org.gradle.tooling.internal.gradle.GradleProjectIdentity                        : loaded 2 times (x 70B)
Class [Lkotlin.reflect.KAnnotatedElement;                                             : loaded 2 times (x 69B)
Class kotlin.reflect.jvm.internal.ReflectProperties$LazySoftVal                       : loaded 2 times (x 78B)
Class [Lkotlin.reflect.jvm.internal.impl.builtins.PrimitiveType;                      : loaded 2 times (x 69B)
Class kotlin.reflect.jvm.internal.impl.builtins.StandardNames                         : loaded 2 times (x 71B)
Class kotlin.io.FileTreeWalk$FileTreeWalkIterator$TopDownDirectoryState               : loaded 2 times (x 74B)
Class com.google.common.io.ByteStreams$LimitedInputStream                             : loaded 2 times (x 92B)
Class org.objectweb.asm.MethodWriter                                                  : loaded 2 times (x 106B)
Class org.gradle.tooling.model.ProjectModel                                           : loaded 2 times (x 70B)
Class com.google.common.collect.MultimapBuilder$MultimapBuilderWithKeys$4             : loaded 2 times (x 76B)
Class com.google.common.collect.LinkedHashMultimap                                    : loaded 2 times (x 175B)
Class com.google.common.collect.Maps$TransformedEntriesMap                            : loaded 2 times (x 127B)
Class com.google.common.collect.AbstractMapBasedMultimap$RandomAccessWrappedList      : loaded 2 times (x 205B)
Class kotlin.jvm.functions.Function13                                                 : loaded 2 times (x 70B)
Class com.google.common.collect.AbstractMapBasedMultimap$AsMap$AsMapIterator          : loaded 2 times (x 83B)
Class com.google.common.util.concurrent.AbstractFuture$Cancellation                   : loaded 2 times (x 72B)
Class kotlin.collections.IndexingIterator                                             : loaded 2 times (x 79B)
Class com.google.common.collect.AbstractMultimap$Entries                              : loaded 2 times (x 120B)
Class com.google.common.base.Stopwatch                                                : loaded 2 times (x 72B)
Class kotlin.jvm.internal.PropertyReference                                           : loaded 2 times (x 115B)
Class jdk.internal.jimage.ImageHeader                                                 : loaded 2 times (x 71B)
Class org.gradle.api.internal.classpath.UnknownModuleException                        : loaded 2 times (x 82B)
Class kotlin.text.Charsets                                                            : loaded 2 times (x 71B)
Class com.android.ide.common.gradle.Version$Companion$ParseState$EMPTY                : loaded 2 times (x 74B)
Class sync_studio_tooling118745_8bv8bh8uzeo87jma4xmhjgr1                              : loaded 2 times (x 171B)
Class kotlin.ranges.OpenEndRange                                                      : loaded 2 times (x 70B)
Class com.google.common.collect.MultimapBuilder$MultimapBuilderWithKeys$5             : loaded 2 times (x 78B)
Class kotlin.reflect.KMutableProperty                                                 : loaded 2 times (x 70B)
Class kotlin.reflect.jvm.internal.KClassifierImpl                                     : loaded 2 times (x 70B)
Class [Lcom.google.common.collect.LinkedHashMultimap$ValueSetLink;                    : loaded 2 times (x 69B)
Class org.gradle.api.internal.classpath.Module                                        : loaded 2 times (x 70B)
Class org.gradle.tooling.internal.gradle.DefaultBuildIdentifier                       : loaded 2 times (x 79B)
Class kotlin.jvm.functions.Function14                                                 : loaded 2 times (x 70B)
Class org.gradle.tooling.internal.adapter.ProtocolToModelAdapter$AdaptingMethodInvoker: loaded 2 times (x 76B)
Class sync_studio_tooling8441_9qzdaej2828ugpp8ncb0xoneu                               : loaded 2 times (x 171B)
Class dagger.hilt.processor.internal.optionvalues.GradleProjectType                   : loaded 2 times (x 79B)
Class kotlin.reflect.jvm.internal.KotlinReflectionInternalError                       : loaded 2 times (x 82B)
Class kotlin.reflect.jvm.internal.impl.builtins.jvm.JavaToKotlinClassMap              : loaded 2 times (x 71B)
Class com.google.common.collect.ImmutableSetMultimap$Builder                          : loaded 2 times (x 83B)
Class com.google.common.reflect.Types$JavaVersion$1                                   : loaded 2 times (x 83B)
Class com.android.ide.common.repository.AgpVersion$Companion$WhenMappings             : loaded 2 times (x 71B)
Class org.gradle.tooling.model.idea.IdeaLanguageLevel                                 : loaded 2 times (x 70B)
Class org.gradle.tooling.internal.adapter.ProtocolToModelAdapter$SafeMethodInvoker    : loaded 2 times (x 76B)
Class org.gradle.tooling.internal.adapter.WeakIdentityHashMap$WeakKey                 : loaded 2 times (x 79B)
Class org.gradle.internal.exceptions.DefaultMultiCauseException                       : loaded 2 times (x 95B)
Class com.google.common.collect.MultimapBuilder$MultimapBuilderWithKeys$6             : loaded 2 times (x 76B)
Class com.google.common.collect.FluentIterable$3$1                                    : loaded 2 times (x 98B)
Class kotlin.jvm.functions.Function15                                                 : loaded 2 times (x 70B)
Class org.gradle.internal.time.DefaultCountdownTimer                                  : loaded 2 times (x 88B)
Class com.android.builder.model.v2.models.ProjectSyncIssues                           : loaded 2 times (x 70B)
Class kotlin.collections.IndexingIterable                                             : loaded 2 times (x 79B)
Class org.gradle.tooling.internal.adapter.ProtocolToModelAdapter$PropertyCachingMethodInvoker: loaded 2 times (x 76B)
Class com.android.ide.common.repository.AgpVersion                                    : loaded 2 times (x 75B)
Class com.android.builder.model.v2.CustomSourceDirectory                              : loaded 2 times (x 70B)
Class com.google.common.reflect.Reflection                                            : loaded 2 times (x 71B)
Class org.gradle.api.internal.classpath.DefaultModuleRegistry$DefaultModule           : loaded 2 times (x 86B)
Class com.google.common.reflect.Types$JavaVersion$2                                   : loaded 2 times (x 83B)
Class com.google.common.reflect.Types                                                 : loaded 2 times (x 71B)
Class com.google.common.hash.PrimitiveSink                                            : loaded 2 times (x 70B)
Class com.android.builder.model.v2.ide.ProjectInfo                                    : loaded 2 times (x 70B)
Class com.google.common.base.PatternCompiler                                          : loaded 2 times (x 70B)
Class com.google.common.util.concurrent.AbstractFuture$Failure                        : loaded 2 times (x 72B)
Class kotlin.collections.ArrayDeque$Companion                                         : loaded 2 times (x 71B)
Class org.gradle.tooling.model.HierarchicalElement                                    : loaded 2 times (x 70B)
Class com.google.common.collect.HashMultiset                                          : loaded 2 times (x 163B)
Class org.gradle.tooling.internal.adapter.ProtocolToModelAdapter$ViewKey              : loaded 2 times (x 72B)
Class org.objectweb.asm.FieldVisitor                                                  : loaded 2 times (x 77B)
Class com.google.common.collect.ImmutableSetMultimap                                  : loaded 2 times (x 180B)
Class kotlin.reflect.jvm.internal.impl.builtins.StandardNames$FqNames                 : loaded 2 times (x 71B)
Class kotlin.jvm.functions.Function16                                                 : loaded 2 times (x 70B)
Class com.google.common.collect.AbstractMapBasedMultimap$Itr                          : loaded 2 times (x 83B)
Class kotlin.collections.builders.ListBuilderKt                                       : loaded 2 times (x 71B)
Class jdk.internal.jimage.ImageBufferCache$2                                          : loaded 2 times (x 91B)
Class org.gradle.internal.classloader.ClasspathUtil$1                                 : loaded 2 times (x 76B)
Class org.gradle.internal.time.DefaultTimer                                           : loaded 2 times (x 80B)
Class org.objectweb.asm.ClassWriter                                                   : loaded 2 times (x 106B)
Class com.android.ide.common.gradle.Separator                                         : loaded 2 times (x 79B)
Class com.android.builder.model.v2.ide.AndroidGradlePluginProjectFlags$BooleanFlag    : loaded 2 times (x 79B)
Class kotlin.reflect.jvm.internal.ReflectionFactoryImpl                               : loaded 2 times (x 91B)
Class com.google.common.collect.HashMultimapGwtSerializationDependencies              : loaded 2 times (x 174B)
Class kotlin.DeprecationLevel                                                         : loaded 2 times (x 79B)
Class jdk.internal.jimage.ImageBufferCache$1                                          : loaded 2 times (x 83B)
Class org.gradle.internal.InternalTransformer                                         : loaded 2 times (x 70B)
Class com.google.common.reflect.Types$JavaVersion$3                                   : loaded 2 times (x 83B)
Class com.android.builder.model.v2.dsl.DependenciesInfo                               : loaded 2 times (x 70B)
Class org.objectweb.asm.Label                                                         : loaded 2 times (x 73B)
Class org.objectweb.asm.CurrentFrame                                                  : loaded 2 times (x 73B)
Class org.objectweb.asm.ClassTooLargeException                                        : loaded 2 times (x 83B)
Class org.gradle.internal.time.Time                                                   : loaded 2 times (x 71B)
Class org.gradle.tooling.internal.adapter.ProtocolToModelAdapter                      : loaded 2 times (x 80B)
Class kotlin.io.FileTreeWalk$FileTreeWalkIterator$WhenMappings                        : loaded 2 times (x 71B)
Class com.google.common.collect.Table                                                 : loaded 2 times (x 70B)
Class org.gradle.kotlin.dsl.VersionCatalogAccessorsKt                                 : loaded 2 times (x 71B)
Class com.android.builder.model.v2.ide.LibraryType                                    : loaded 2 times (x 79B)
Class [Lcom.android.builder.model.v2.ide.LibraryType;                                 : loaded 2 times (x 69B)
Class kotlin.jvm.functions.Function17                                                 : loaded 2 times (x 70B)
Class kotlin.reflect.jvm.internal.KMutableProperty1Impl                               : loaded 2 times (x 135B)
Class jdk.internal.jimage.ImageLocation                                               : loaded 2 times (x 90B)
Class jdk.internal.jrtfs.JrtDirectoryStream$1                                         : loaded 2 times (x 83B)
Class org.gradle.tooling.internal.adapter.CollectionMapper                            : loaded 2 times (x 73B)
Class org.gradle.tooling.model.kotlin.dsl.KotlinDslScriptModel                        : loaded 2 times (x 70B)
Class com.google.common.util.concurrent.AbstractFuture$Trusted                        : loaded 2 times (x 70B)
Class kotlin.collections.AbstractIterator                                             : loaded 2 times (x 83B)
Class kotlin.io.LinesSequence$iterator$1                                              : loaded 2 times (x 79B)
Class com.android.builder.model.v2.ide.CodeShrinker                                   : loaded 2 times (x 79B)
Class kotlin.reflect.jvm.internal.impl.utils.CollectionsKt                            : loaded 2 times (x 71B)
Class com.google.common.reflect.Types$JavaVersion$4                                   : loaded 2 times (x 83B)
Class com.android.builder.model.v2.models.ProjectGraph                                : loaded 2 times (x 70B)
Class com.android.ide.common.gradle.Version$Companion$ParseState$NUMERIC              : loaded 2 times (x 74B)
Class kotlin.streams.jdk8.StreamsKt                                                   : loaded 2 times (x 71B)
Class org.objectweb.asm.Frame                                                         : loaded 2 times (x 73B)
Class org.objectweb.asm.MethodVisitor                                                 : loaded 2 times (x 105B)
Class com.android.ide.common.repository.AgpVersion$PreviewKind                        : loaded 2 times (x 79B)
Class com.google.common.collect.SortedIterables                                       : loaded 2 times (x 71B)
Class kotlin.jvm.functions.Function18                                                 : loaded 2 times (x 70B)
Class com.android.builder.model.v2.ide.BytecodeTransformation                         : loaded 2 times (x 79B)
Class com.google.common.reflect.TypeToken$SimpleTypeToken                             : loaded 2 times (x 73B)
Class kotlin.reflect.KProperty2                                                       : loaded 2 times (x 70B)
Class org.gradle.tooling.model.UnsupportedMethodException                             : loaded 2 times (x 82B)
Class org.gradle.tooling.internal.adapter.ProtocolToModelAdapter$SupportedPropertyInvoker: loaded 2 times (x 76B)
Class kotlin.sequences.TransformingSequence$iterator$1                                : loaded 2 times (x 79B)
Class com.google.common.collect.HashBiMap$BiEntry                                     : loaded 2 times (x 83B)
Class kotlin.reflect.KClass                                                           : loaded 2 times (x 70B)
Class com.google.common.reflect.Types$JavaVersion$5                                   : loaded 2 times (x 71B)
Class [Lcom.google.common.reflect.Types$ClassOwnership;                               : loaded 2 times (x 69B)
Class kotlin.reflect.KProperty1                                                       : loaded 2 times (x 70B)
Class org.gradle.api.internal.classpath.GlobalCacheRootsProvider                      : loaded 2 times (x 70B)
Class com.google.common.collect.Iterators$ConcatenatedIterator                        : loaded 2 times (x 82B)
Class jdk.internal.jrtfs.JrtFileSystemProvider                                        : loaded 2 times (x 101B)
Class org.gradle.internal.service.ServiceLocator                                      : loaded 2 times (x 70B)
Class [Lorg.objectweb.asm.Type;                                                       : loaded 2 times (x 69B)
Class kotlin.jvm.functions.Function19                                                 : loaded 2 times (x 70B)
Class kotlin.reflect.KMutableProperty$Setter                                          : loaded 2 times (x 70B)
Class com.android.builder.model.v2.ide.TestInfo$Execution                             : loaded 2 times (x 79B)
Class [Lorg.objectweb.asm.Attribute;                                                  : loaded 2 times (x 69B)
Class sync_studio_tooling3093_dqdneevonyo6lgohdosvk0e8t$_run_closure1                 : loaded 2 times (x 139B)
Class kotlin.reflect.KProperty0                                                       : loaded 2 times (x 70B)
Class com.google.common.reflect.TypeResolver$TypeVariableKey                          : loaded 2 times (x 72B)
Class kotlin.reflect.jvm.internal.impl.name.FqNamesUtilKt                             : loaded 2 times (x 71B)
Class com.google.common.collect.ImmutableMapEntry$NonTerminalImmutableBiMapEntry      : loaded 2 times (x 85B)
Class kotlin.collections.builders.ListBuilder                                         : loaded 2 times (x 207B)
Class kotlin.collections.builders.ListBuilder$Companion                               : loaded 2 times (x 71B)
Class jdk.internal.jrtfs.SystemImage$2                                                : loaded 2 times (x 76B)
Class com.google.common.reflect.Types$ParameterizedTypeImpl                           : loaded 2 times (x 81B)
Class [Lkotlin.annotation.AnnotationTarget;                                           : loaded 2 times (x 69B)
Class com.google.common.collect.LinkedHashMultimap$ValueSet                           : loaded 2 times (x 142B)
Class com.android.builder.model.v2.dsl.ClassField                                     : loaded 2 times (x 70B)
Class com.google.common.collect.CollectCollectors                                     : loaded 2 times (x 71B)
Class org.objectweb.asm.ModuleWriter                                                  : loaded 2 times (x 82B)
Class org.gradle.tooling.model.BuildIdentifier                                        : loaded 2 times (x 70B)
Class com.google.common.collect.MultimapBuilder$1                                     : loaded 2 times (x 83B)
Class jdk.internal.jrtfs.SystemImage$1                                                : loaded 2 times (x 78B)
Class org.gradle.internal.classloader.InstrumentingClassLoader                        : loaded 2 times (x 70B)
Class org.gradle.internal.classpath.TransformedClassPath                              : loaded 2 times (x 96B)
Class org.objectweb.asm.FieldWriter                                                   : loaded 2 times (x 78B)
Class com.google.common.reflect.Invokable                                             : loaded 2 times (x 103B)
Class com.google.common.collect.ComparisonChain$1                                     : loaded 2 times (x 81B)
Class com.android.builder.model.v2.ide.AbstractArtifact                               : loaded 2 times (x 70B)
Class com.google.common.io.ByteStreams                                                : loaded 2 times (x 71B)
Class com.android.builder.model.v2.ide.VectorDrawablesOptions                         : loaded 2 times (x 70B)
Class com.google.common.collect.MultimapBuilder$2                                     : loaded 2 times (x 83B)
Class com.google.common.collect.MultimapBuilder$MultimapBuilderWithKeys               : loaded 2 times (x 82B)
Class sync_studio_tooling8441_9qzdaej2828ugpp8ncb0xoneu$_run_closure1                 : loaded 2 times (x 139B)
Class kotlin.reflect.KTypeParameter                                                   : loaded 2 times (x 70B)
Class com.google.common.base.CaseFormat$5                                             : loaded 2 times (x 83B)
Class com.google.common.collect.AbstractMultiset                                      : loaded 2 times (x 159B)
Class com.google.common.base.Splitter$1                                               : loaded 2 times (x 77B)
Class org.gradle.tooling.model.Dependency                                             : loaded 2 times (x 70B)
Class org.gradle.api.JavaVersion                                                      : loaded 2 times (x 79B)
Class kotlin.sequences.ConstrainedOnceSequence                                        : loaded 2 times (x 75B)
Class com.google.common.io.ByteStreams$1                                              : loaded 2 times (x 85B)
Class com.android.builder.model.v2.ide.Edge                                           : loaded 2 times (x 70B)
Class com.android.builder.model.v2.models.VariantDependenciesFlatList                 : loaded 2 times (x 70B)
Class org.gradle.tooling.model.build.JavaEnvironment                                  : loaded 2 times (x 70B)
Class com.google.common.collect.MultimapBuilder$3                                     : loaded 2 times (x 84B)
Class com.google.common.util.concurrent.SettableFuture                                : loaded 2 times (x 114B)
Class com.google.common.collect.HashMultimap                                          : loaded 2 times (x 174B)
Class [Lkotlin.reflect.KProperty;                                                     : loaded 2 times (x 69B)
Class com.google.common.reflect.Types$ClassOwnership$3                                : loaded 2 times (x 71B)
Class kotlin.collections.MapWithDefault                                               : loaded 2 times (x 70B)
Class kotlin.annotation.AnnotationRetention                                           : loaded 2 times (x 79B)
Class kotlin.jvm.functions.Function22                                                 : loaded 2 times (x 70B)
Class com.google.common.base.CaseFormat$4                                             : loaded 2 times (x 83B)
Class com.google.common.collect.EmptyImmutableSetMultimap                             : loaded 2 times (x 180B)
Class org.objectweb.asm.ModuleVisitor                                                 : loaded 2 times (x 81B)
Class com.google.common.io.ByteArrayDataInput                                         : loaded 2 times (x 70B)
Class com.android.builder.model.v2.ide.SourceSetContainer                             : loaded 2 times (x 70B)
Class org.gradle.internal.time.Timer                                                  : loaded 2 times (x 70B)
Class org.gradle.internal.installation.CurrentGradleInstallationLocator               : loaded 2 times (x 71B)
Class com.google.common.collect.MultimapBuilder$4                                     : loaded 2 times (x 84B)
Class com.google.common.collect.Multisets$EntrySet                                    : loaded 2 times (x 136B)
Class com.google.common.reflect.TypeResolver                                          : loaded 2 times (x 72B)
Class com.google.common.reflect.Types$ClassOwnership$2                                : loaded 2 times (x 80B)
Class kotlin.reflect.jvm.internal.impl.name.ClassId                                   : loaded 2 times (x 72B)
Class kotlin.jvm.functions.Function21                                                 : loaded 2 times (x 70B)
Class com.google.common.base.CaseFormat$3                                             : loaded 2 times (x 83B)
Class [Lcom.google.common.collect.LinkedHashMultimap$ValueEntry;                      : loaded 2 times (x 69B)
Class org.gradle.internal.service.UnknownServiceException                             : loaded 2 times (x 83B)
Class kotlin.collections.CollectionsKt___CollectionsKt$asSequence$$inlined$Sequence$1 : loaded 2 times (x 75B)
Class [Lorg.objectweb.asm.AnnotationVisitor;                                          : loaded 2 times (x 69B)
Class com.google.common.reflect.Types$ClassOwnership$1                                : loaded 2 times (x 80B)
Class kotlin.jvm.functions.Function20                                                 : loaded 2 times (x 70B)
Class [Lkotlin.io.FileWalkDirection;                                                  : loaded 2 times (x 69B)
Class org.objectweb.asm.ClassReader                                                   : loaded 2 times (x 94B)
Class com.android.builder.model.v2.ide.LintOptions                                    : loaded 2 times (x 70B)
Class org.gradle.tooling.internal.adapter.ProtocolToModelAdapter$ViewGraphDetails     : loaded 2 times (x 72B)
Class org.gradle.tooling.model.idea.IdeaProject                                       : loaded 2 times (x 70B)
Class org.gradle.tooling.model.DomainObjectSet                                        : loaded 2 times (x 70B)
Class org.gradle.internal.service.DefaultServiceLocator                               : loaded 2 times (x 83B)
Class jdk.internal.jrtfs.JrtDirectoryStream                                           : loaded 2 times (x 89B)
Class com.google.common.base.CaseFormat$2                                             : loaded 2 times (x 83B)
Class jdk.internal.jrtfs.SystemImage                                                  : loaded 2 times (x 74B)
Class org.gradle.api.internal.ClassPathProvider                                       : loaded 2 times (x 70B)
Class [Lorg.gradle.api.internal.ClassPathProvider;                                    : loaded 2 times (x 69B)
Class kotlin.reflect.KMutableProperty0                                                : loaded 2 times (x 70B)
Class kotlin.reflect.KClassifier                                                      : loaded 2 times (x 70B)
Class org.gradle.tooling.ToolingModelContract                                         : loaded 2 times (x 70B)
Class kotlin.text.MatchResult                                                         : loaded 2 times (x 70B)
Class com.android.builder.model.v2.models.BasicAndroidProject                         : loaded 2 times (x 70B)
Class kotlin.reflect.jvm.internal.impl.builtins.jvm.JavaToKotlinClassMap$PlatformMutabilityMapping: loaded 2 times (x 72B)
Class com.google.common.base.CaseFormat$1                                             : loaded 2 times (x 83B)
Class com.google.common.collect.LinkedHashMultimapGwtSerializationDependencies        : loaded 2 times (x 174B)
Class org.gradle.api.internal.DefaultClassPathProvider                                : loaded 2 times (x 76B)
Class org.objectweb.asm.AnnotationVisitor                                             : loaded 2 times (x 78B)
Class com.android.ide.common.gradle.Numeric                                           : loaded 2 times (x 77B)
Class com.google.common.collect.ImmutableSet$SerializedForm                           : loaded 2 times (x 73B)
Class [Lkotlin.reflect.KCallable;                                                     : loaded 2 times (x 69B)
Class kotlin.reflect.KProperty$Accessor                                               : loaded 2 times (x 70B)
Class kotlin.reflect.jvm.internal.KCallableImpl                                       : loaded 2 times (x 105B)
Class kotlin.io.FileTreeWalk                                                          : loaded 2 times (x 75B)
Class com.android.builder.model.v2.ide.BasicArtifact                                  : loaded 2 times (x 70B)
Class com.google.common.collect.ComparisonChain$InactiveComparisonChain               : loaded 2 times (x 80B)
Class org.gradle.util.GradleVersion                                                   : loaded 2 times (x 79B)
Class org.gradle.internal.installation.CurrentGradleInstallation                      : loaded 2 times (x 73B)
Class com.google.common.collect.Iterators$EmptyModifiableIterator                     : loaded 2 times (x 86B)
Class com.google.common.base.Splitter                                                 : loaded 2 times (x 72B)
Class org.gradle.tooling.internal.gradle.DefaultProjectIdentifier                     : loaded 2 times (x 86B)
Class com.android.builder.model.v2.models.AndroidDsl                                  : loaded 2 times (x 70B)
Class kotlin.reflect.KMutableProperty1                                                : loaded 2 times (x 70B)
Class com.google.common.collect.CollectSpliterators$1WithCharacteristics              : loaded 2 times (x 90B)
Class org.gradle.api.internal.classpath.EffectiveClassPath                            : loaded 2 times (x 90B)
Class kotlin.sequences.SequencesKt___SequencesKt$flatMap$2                            : loaded 2 times (x 125B)
Class [Lcom.android.ide.common.repository.AgpVersion$PreviewKind;                     : loaded 2 times (x 69B)
Class kotlin.io.FileTreeWalk$FileTreeWalkIterator                                     : loaded 2 times (x 83B)
Class [Ldagger.hilt.processor.internal.optionvalues.GradleProjectType;                : loaded 2 times (x 69B)
Class kotlin.reflect.jvm.internal.KProperty1Impl                                      : loaded 2 times (x 128B)
Class com.google.common.collect.Maps$FilteredEntryMap                                 : loaded 2 times (x 128B)
Class org.gradle.internal.classloader.ClassLoaderVisitor                              : loaded 2 times (x 76B)
Class kotlin.text.MatcherMatchResult$groupValues$1                                    : loaded 2 times (x 198B)
Class kotlin.jvm.internal.Ref$BooleanRef                                              : loaded 2 times (x 71B)
Class kotlin.jvm.internal.StringCompanionObject                                       : loaded 2 times (x 71B)
Class org.gradle.tooling.internal.adapter.ProtocolToModelAdapter$MethodInvocationCache$MethodInvocationKey: loaded 2 times (x 73B)
Class org.gradle.util.internal.GUtil                                                  : loaded 2 times (x 71B)
Class com.google.common.base.CharMatcher$None                                         : loaded 2 times (x 112B)
Class kotlin.reflect.KMutableProperty2                                                : loaded 2 times (x 70B)
Class org.gradle.internal.classloader.DefaultClassLoaderFactory                       : loaded 2 times (x 82B)
Class org.objectweb.asm.MethodTooLargeException                                       : loaded 2 times (x 83B)
Class com.google.common.base.Platform$JdkPatternCompiler                              : loaded 2 times (x 75B)
Class kotlin.io.LinesSequence                                                         : loaded 2 times (x 75B)
Class sync_studio_tooling104931_8df9nh0lwxvw568h61jxyqmot                             : loaded 2 times (x 171B)
Class [Lkotlin.reflect.KClass;                                                        : loaded 2 times (x 69B)
Class kotlin.reflect.jvm.internal.impl.name.FqName                                    : loaded 2 times (x 72B)
Class org.gradle.internal.operations.MultipleBuildOperationFailures                   : loaded 2 times (x 95B)
Class org.gradle.tooling.internal.adapter.MethodInvocation                            : loaded 2 times (x 85B)
Class kotlin.sequences.TransformingSequence                                           : loaded 2 times (x 75B)
Class org.objectweb.asm.ClassVisitor                                                  : loaded 2 times (x 88B)
Class [Lorg.objectweb.asm.Symbol;                                                     : loaded 2 times (x 69B)
Class com.android.utils.FileUtils                                                     : loaded 2 times (x 71B)
Class com.android.utils.StringHelper                                                  : loaded 2 times (x 71B)
Class com.android.builder.model.v2.ide.AaptOptions$Namespacing                        : loaded 2 times (x 79B)
Class com.google.common.reflect.TypeCapture                                           : loaded 2 times (x 71B)
Class kotlin.reflect.jvm.internal.RuntimeTypeMapper                                   : loaded 2 times (x 71B)
Class kotlin.collections.builders.ListBuilder$Itr                                     : loaded 2 times (x 94B)
Class org.gradle.tooling.internal.adapter.TargetTypeProvider                          : loaded 2 times (x 70B)
Class kotlin.ranges.IntProgression$Companion                                          : loaded 2 times (x 71B)
Class com.android.builder.model.v2.ide.AndroidArtifact                                : loaded 2 times (x 70B)
Class com.google.common.io.ByteArrayDataOutput                                        : loaded 2 times (x 70B)
Class kotlin.jvm.internal.MutablePropertyReference2                                   : loaded 2 times (x 137B)
Class com.google.common.reflect.Types$TypeVariableImpl                                : loaded 2 times (x 72B)
Class org.objectweb.asm.Context                                                       : loaded 2 times (x 72B)
Class com.android.builder.model.v2.dsl.BuildType                                      : loaded 2 times (x 70B)
Class kotlin.ranges.IntProgressionIterator                                            : loaded 2 times (x 82B)
Class org.gradle.tooling.internal.adapter.WeakIdentityHashMap                         : loaded 2 times (x 76B)
Class org.gradle.tooling.GradleConnectionException                                    : loaded 2 times (x 83B)
Class org.gradle.tooling.internal.adapter.ProtocolToModelAdapter$1                    : loaded 2 times (x 75B)
Class org.gradle.tooling.internal.adapter.ProtocolToModelAdapter$ViewDecoration       : loaded 2 times (x 70B)
Class org.gradle.internal.installation.GradleInstallation                             : loaded 2 times (x 75B)
Class com.google.common.collect.Maps$FilteredKeyMap                                   : loaded 2 times (x 128B)
Class com.google.common.base.Splitter$Strategy                                        : loaded 2 times (x 70B)
Class kotlin.reflect.jvm.internal.ReflectProperties$Val                               : loaded 2 times (x 74B)
Class com.google.common.collect.ImmutableListMultimap$Builder                         : loaded 2 times (x 83B)
Class kotlin.collections.builders.MapBuilder                                          : loaded 2 times (x 112B)
Class org.gradle.api.internal.classpath.ManifestUtil                                  : loaded 2 times (x 71B)
Class org.gradle.tooling.internal.adapter.ProtocolToModelAdapter$InvocationHandlerImpl: loaded 2 times (x 77B)
Class org.gradle.tooling.model.build.GradleEnvironment                                : loaded 2 times (x 70B)
Class com.android.builder.model.v2.models.VariantDependenciesAdjacencyList            : loaded 2 times (x 70B)
Class com.google.common.collect.ImmutableBiMap$SerializedForm                         : loaded 2 times (x 75B)
Class kotlin.jvm.internal.MutablePropertyReference1                                   : loaded 2 times (x 137B)
Class kotlin.jvm.internal.PropertyReference1Impl                                      : loaded 2 times (x 127B)
Class org.gradle.tooling.internal.adapter.MethodInvoker                               : loaded 2 times (x 70B)
Class kotlin.SafePublicationLazyImpl$Companion                                        : loaded 2 times (x 71B)
Class com.google.common.collect.AbstractMultiset$EntrySet                             : loaded 2 times (x 138B)
Class org.gradle.internal.classloader.ClassLoaderHierarchy                            : loaded 2 times (x 70B)
Class kotlin.jvm.internal.MutablePropertyReference0                                   : loaded 2 times (x 137B)
Class kotlin.reflect.jvm.internal.impl.builtins.CompanionObjectMapping                : loaded 2 times (x 71B)
Class jdk.internal.jimage.BasicImageReader                                            : loaded 2 times (x 95B)
Class org.gradle.internal.classloader.FilteringClassLoader                            : loaded 2 times (x 105B)
Class kotlin.sequences.FlatteningSequence                                             : loaded 2 times (x 75B)
Class kotlin.text.MatcherMatchResult                                                  : loaded 2 times (x 80B)
Class kotlin.text.MatchGroupCollection                                                : loaded 2 times (x 70B)
Class sync_studio_tooling118745_8bv8bh8uzeo87jma4xmhjgr1$_run_closure1                : loaded 2 times (x 139B)
Class com.android.builder.model.v2.ide.ViewBindingOptions                             : loaded 2 times (x 70B)
Class kotlin.io.TextStreamsKt                                                         : loaded 2 times (x 71B)
Class sync_studio_tooling80719_45zf7plopw1zvzrpr9vfl0b6b$_run_closure1                : loaded 2 times (x 139B)
Class kotlin.io.FileWalkDirection                                                     : loaded 2 times (x 79B)
Class com.android.ide.common.gradle.Part                                              : loaded 2 times (x 77B)
Class com.google.common.base.AbstractIterator                                         : loaded 2 times (x 80B)
Class kotlin.ranges.IntProgression                                                    : loaded 2 times (x 81B)
Class org.gradle.tooling.model.gradle.GradleScript                                    : loaded 2 times (x 70B)

---------------  S Y S T E M  ---------------

OS:
 Windows 11 , 64 bit Build 26100 (10.0.26100.7920)
OS uptime: 0 days 1:09 hours
Hyper-V role detected

CPU: total 12 (initial active 12) (12 cores per cpu, 2 threads per core) family 25 model 68 stepping 1 microcode 0xa404107, cx8, cmov, fxsr, ht, mmx, 3dnowpref, sse, sse2, sse3, ssse3, sse4a, sse4.1, sse4.2, popcnt, lzcnt, tsc, tscinvbit, avx, avx2, aes, erms, clmul, bmi1, bmi2, adx, sha, fma, vzeroupper, clflush, clflushopt, hv, rdtscp, rdpid, fsrm, f16c, cet_ss
Processor Information for processor 0
  Max Mhz: 3301, Current Mhz: 3301, Mhz Limit: 3301
Processor Information for processor 1
  Max Mhz: 3301, Current Mhz: 3301, Mhz Limit: 3301
Processor Information for processor 2
  Max Mhz: 3301, Current Mhz: 3301, Mhz Limit: 3301
Processor Information for processor 3
  Max Mhz: 3301, Current Mhz: 3301, Mhz Limit: 3301
Processor Information for processor 4
  Max Mhz: 3301, Current Mhz: 3301, Mhz Limit: 3301
Processor Information for processor 5
  Max Mhz: 3301, Current Mhz: 3301, Mhz Limit: 3301
Processor Information for processor 6
  Max Mhz: 3301, Current Mhz: 3301, Mhz Limit: 3301
Processor Information for processor 7
  Max Mhz: 3301, Current Mhz: 3301, Mhz Limit: 3301
Processor Information for processor 8
  Max Mhz: 3301, Current Mhz: 2024, Mhz Limit: 3301
Processor Information for processor 9
  Max Mhz: 3301, Current Mhz: 3301, Mhz Limit: 3301
Processor Information for processor 10
  Max Mhz: 3301, Current Mhz: 3301, Mhz Limit: 3301
Processor Information for processor 11
  Max Mhz: 3301, Current Mhz: 3301, Mhz Limit: 3301

Memory: 4k page, system-wide physical 7381M (89M free)
TotalPageFile size 29871M (AvailPageFile size 225M)
current process WorkingSet (physical memory assigned to process): 455M, peak: 1366M
current process commit charge ("private bytes"): 2406M, peak: 3011M

vm_info: OpenJDK 64-Bit Server VM (21.0.8+-14196175-b1038.72) for windows-amd64 JRE (21.0.8+-14196175-b1038.72), built on 2025-10-01T10:24:33Z by "builder" with MS VC++ 16.10 / 16.11 (VS2019)

END.
